timestamp,open,high,low,close,volume,deviation_abs,deviation_pct,volatility_24h,hour,day_of_week,stability_label,btc_close,btc_volume,eth_close,eth_volume,corr_btc_24h,corr_eth_24h,symbol,cluster,anomaly,target_deviation
2025-11-01 11:00:00,0.9998,0.9998,0.9997,0.9997,448511.88121072,0.0002999999999999,-0.0002999999999999,6.580053301403748e-05,11,5,High,110000.0,51.7243341,3875.03,193.92417537,-0.0586183233536162,0.0001939826458564,USDC,1,1,-0.0001999999999999
2025-11-01 12:00:00,0.9998,0.9998,0.9997,0.9998,213256.74661163,0.0001999999999999,-0.0001999999999999,6.580053301403748e-05,12,5,High,109974.6,56.15133019,3875.21,287.29251338,-0.030533421583579,0.0765558764814649,USDC,1,1,-0.0002999999999999
2025-11-01 13:00:00,0.9998,0.9998,0.9997,0.9997,352869.54298477,0.0002999999999999,-0.0002999999999999,6.593804733961555e-05,13,5,High,109884.0,14.38834818,3868.3,193.32009432,-0.0579269069350024,0.0591910874403208,USDC,1,1,-0.0002999999999999
2025-11-01 14:00:00,0.9998,0.9998,0.9997,0.9997,1735002.11622747,0.0002999999999999,-0.0002999999999999,6.580053301405184e-05,14,5,High,109839.0,7.64907322,3871.25,1336.40209475,-0.1586665452411656,0.0173656038129638,USDC,1,1,-0.0002999999999999
2025-11-01 15:00:00,0.9997,0.9998,0.9997,0.9997,16304.38244296,0.0002999999999999,-0.0002999999999999,6.538625481588225e-05,15,5,High,109839.0,0.04949835,3870.09,0.90986037,-0.2079070462050167,-0.0088736239679332,USDC,1,1,-0.0002999999999999
2025-11-01 16:00:00,0.9997,0.9997,0.9997,0.9997,0.0,0.0002999999999999,-0.0002999999999999,6.538625481588225e-05,16,5,High,109839.0,0.0,3870.09,0.0,-0.390394592686537,-0.1101714516159288,USDC,1,1,-0.0002999999999999
2025-11-01 17:00:00,0.9997,0.9997,0.9997,0.9997,0.0,0.0002999999999999,-0.0002999999999999,6.538625481588225e-05,17,5,High,109839.0,0.0,3870.09,0.0,-0.5156676341676775,-0.2362341915376526,USDC,1,1,-0.0002999999999999
2025-11-01 18:00:00,0.9997,0.9997,0.9997,0.9997,0.0,0.0002999999999999,-0.0002999999999999,6.468989572339654e-05,18,5,High,109839.0,0.0,3870.09,0.0,-0.4830467802570149,-0.2134542474719795,USDC,1,1,-0.0002999999999999
2025-11-01 19:00:00,0.9997,0.9997,0.9997,0.9997,0.0,0.0002999999999999,-0.0002999999999999,6.468989572339654e-05,19,5,High,109839.0,0.0,3870.09,0.0,-0.4941190069030792,-0.1937976666499161,USDC,1,1,-0.0002999999999999
2025-11-01 20:00:00,0.9997,0.9997,0.9997,0.9997,0.0,0.0002999999999999,-0.0002999999999999,5.500329370912283e-05,20,5,High,109839.0,0.0,3870.09,0.0,-0.3258297218665439,-0.1926188644323795,USDC,1,1,-0.0001999999999999
2025-11-01 21:00:00,0.9998,0.9998,0.9997,0.9998,84787.28170543,0.0001999999999999,-0.0001999999999999,5.500329370912283e-05,21,5,High,109826.5,44.61257134,3867.65,417.3593551,-0.2581550694393548,-0.1403165265202923,USDC,1,1,-0.0002999999999999
2025-11-01 22:00:00,0.9997,0.9998,0.9997,0.9997,656982.44396712,0.0002999999999999,-0.0002999999999999,5.3160953307243766e-05,22,5,High,109947.5,23.62271114,3871.74,174.84271544,-0.1769964939394169,-0.1033855617528423,USDC,1,1,-0.0001999999999999
2025-11-01 23:00:00,0.9998,0.9998,0.9997,0.9998,450107.44925284,0.0001999999999999,-0.0001999999999999,5.3160953307243766e-05,23,5,High,110018.0,11.88022025,3872.37,269.57729877,0.0017915103731255,0.0523447556596576,USDC,1,1,-0.0001999999999999
2025-11-02 00:00:00,0.9998,0.9998,0.9997,0.9998,498906.78915689,0.0001999999999999,-0.0001999999999999,5.500329370912283e-05,0,6,High,109859.7,112.47099259,3864.53,101.38775798,-0.0688338125801439,-0.0049142887659149,USDC,1,1,-0.0002999999999999
2025-11-02 01:00:00,0.9997,0.9998,0.9997,0.9997,829990.78681797,0.0002999999999999,-0.0002999999999999,5.3160953307243766e-05,1,6,High,109930.0,9.00525156,3869.28,50.70326499,0.0315443315292898,0.1901062231274031,USDC,1,1,-0.0002999999999999
2025-11-02 02:00:00,0.9997,0.9998,0.9996,0.9997,814226.01986769,0.0002999999999999,-0.0002999999999999,5.3160953307243766e-05,2,6,High,109940.0,30.65369933,3880.16,131.15420068,0.0035026398588088,0.1152146043500203,USDC,1,1,-0.0002999999999999
2025-11-02 03:00:00,0.9998,0.9998,0.9996,0.9997,550557.86646025,0.0002999999999999,-0.0002999999999999,5.3160953307243766e-05,3,6,High,109994.2,22.26868841,3879.22,48.1384875,0.0349133913089476,0.055271503399462,USDC,1,1,-0.0001999999999999
2025-11-02 04:00:00,0.9997,0.9998,0.9996,0.9998,1153211.12686263,0.0001999999999999,-0.0001999999999999,5.500329370912283e-05,4,6,High,110600.0,68.4765293,3906.83,253.81794601,0.2891279430627356,0.2317634832886249,USDC,1,1,-0.0001999999999999
2025-11-02 05:00:00,0.9997,0.9998,0.9993,0.9998,402271.09273827,0.0001999999999999,-0.0001999999999999,5.500329370912283e-05,5,6,High,110400.8,129.66097891,3901.76,260.28200457,0.3516073629200884,0.4620603248558667,USDC,0,1,-0.0001999999999999
2025-11-02 06:00:00,0.9998,0.9998,0.9987,0.9998,485776.18805043,0.0001999999999999,-0.0001999999999999,5.646597025741354e-05,6,6,High,110599.9,93.11148075,3901.91,70.00465659,0.4189315124190274,0.5052851330981929,USDC,0,1,-0.0002999999999999
2025-11-02 07:00:00,0.9998,0.9998,0.9996,0.9997,543755.92644076,0.0002999999999999,-0.0002999999999999,4.9453535504762694e-05,7,6,High,110886.8,52.26427383,3906.75,73.08137584,0.2754756355067992,0.2898053170435517,USDC,1,1,-0.0002999999999999
2025-11-02 08:00:00,0.9998,0.9998,0.9996,0.9997,370577.15481513,0.0002999999999999,-0.0002999999999999,4.9453535504762694e-05,8,6,High,110739.1,140.46637065,3893.02,247.53691718,0.1873068443473844,0.2424958974110957,USDC,1,1,-0.0002999999999999
2025-11-02 09:00:00,0.9998,0.9998,0.9996,0.9997,2504366.95595225,0.0002999999999999,-0.0002999999999999,4.815434123441213e-05,9,6,High,110629.9,124.98888875,3871.32,326.68188156,0.1615580907246321,0.2766204942506827,USDC,1,1,-0.0001999999999999
2025-11-02 10:00:00,0.9997,0.9998,0.9996,0.9998,3662512.77367348,0.0001999999999999,-0.0001999999999999,4.815434123441213e-05,10,6,High,110370.1,21.51760005,3859.17,303.28982329,0.2154399876500514,0.2011579641319191,USDC,1,1,-0.0001999999999999
2025-11-02 11:00:00,0.9998,0.9999,0.9997,0.9998,4761369.675033,0.0001999999999999,-0.0001999999999999,4.9453535504770554e-05,11,6,High,110979.9,139.00172463,3890.0,210.20865756,0.3021329053532461,0.2368810773896006,USDC,1,1,-0.0001999999999999
2025-11-02 12:00:00,0.9999,0.9999,0.9997,0.9998,2181817.68999779,0.0001999999999999,-0.0001999999999999,4.9453535504770554e-05,12,6,High,110690.1,327.31387735,3875.01,234.06656125,0.3896820854095303,0.2360681035027574,USDC,1,1,-0.0001999999999999
2025-11-02 13:00:00,0.9999,0.9999,0.9996,0.9998,1626373.28828152,0.0001999999999999,-0.0001999999999999,5.036101551860495e-05,13,6,High,110496.8,102.85375284,3867.57,245.54540019,0.3969549751269053,0.1695440632533342,USDC,1,1,-0.0002999999999999
2025-11-02 14:00:00,0.9998,0.9998,0.9997,0.9997,1213382.1206663,0.0002999999999999,-0.0002999999999999,5.036101551860495e-05,14,6,High,110370.1,13.42285053,3851.04,540.04079827,0.3548509372353396,0.2067418719413379,USDC,1,1,-0.0002999999999999
2025-11-02 15:00:00,0.9998,0.9998,0.9997,0.9997,788037.56173901,0.0002999999999999,-0.0002999999999999,5.036101551860495e-05,15,6,High,110100.0,42.2167543,3853.0,350.1974271,0.3374876245236872,0.2361227726978438,USDC,1,1,-0.0001999999999999
2025-11-02 16:00:00,0.9997,0.9998,0.9997,0.9998,1055599.89150139,0.0001999999999999,-0.0001999999999999,5.089773777046491e-05,16,6,High,110010.8,40.24258811,3863.68,200.47891466,0.2721567771590984,0.1789790001843411,USDC,1,1,-0.0001999999999999
2025-11-02 17:00:00,0.9997,0.9998,0.9996,0.9998,1169910.83616758,0.0001999999999999,-0.0001999999999999,5.107539184557535e-05,17,6,High,110070.0,9.19425964,3858.66,145.9539828,0.2120733595272639,0.1132236027442574,USDC,1,1,-0.0001999999999999
2025-11-02 18:00:00,0.9998,0.9998,0.9996,0.9998,639475.58581912,0.0001999999999999,-0.0001999999999999,5.089773777044634e-05,18,6,High,110317.1,22.22589792,3863.31,67.01853769,0.1740336127727296,0.0676614412135987,USDC,1,1,-0.0001999999999999
2025-11-02 19:00:00,0.9997,0.9998,0.9996,0.9998,844759.07206606,0.0001999999999999,-0.0001999999999999,5.0361015518560735e-05,19,6,High,110148.6,11.55236777,3855.0,225.08676334,0.1077638620027797,0.0076060022090818,USDC,1,1,-0.0001999999999999
2025-11-02 20:00:00,0.9997,0.9998,0.9997,0.9998,547353.54348049,0.0001999999999999,-0.0001999999999999,4.9453535504696856e-05,20,6,High,110000.0,25.98760135,3858.7,157.19773051,0.0151087200505905,-0.037752547622341,USDC,1,1,-0.0001999999999999
2025-11-02 21:00:00,0.9997,0.9998,0.9997,0.9998,254479.92883245,0.0001999999999999,-0.0001999999999999,4.9453535504696856e-05,21,6,High,110022.1,21.26170822,3861.25,484.96592255,0.034612327117766,-0.0495504408123449,USDC,1,1,-0.0001999999999999
2025-11-02 22:00:00,0.9998,0.9998,0.9996,0.9998,424790.61543636,0.0001999999999999,-0.0001999999999999,4.815434123430699e-05,22,6,High,109774.5,17.58443032,3850.0,74.17243843,-0.071231589139609,-0.0963583274424386,USDC,1,1,-0.0001999999999999
2025-11-02 23:00:00,0.9998,0.9998,0.9996,0.9998,1069784.60910558,0.0001999999999999,-0.0001999999999999,4.815434123430699e-05,23,6,High,110589.6,28.60232852,3907.44,1372.83588823,-0.0216761272618,-0.0353548546285794,USDC,1,1,-0.0002999999999999
2025-11-03 00:00:00,0.9997,0.9998,0.9995,0.9997,899886.04254442,0.0002999999999999,-0.0002999999999999,4.9453535504696856e-05,0,0,High,109789.2,10.63900954,3865.66,1001.5113538,0.1035756217613999,0.007735017948272,USDC,1,1,-0.0002999999999999
2025-11-03 01:00:00,0.9996,0.9998,0.9995,0.9997,2156513.58057963,0.0002999999999999,-0.0002999999999999,4.9453535504696856e-05,1,0,High,109669.9,30.86210334,3836.75,467.1397304,0.1379848819703204,0.0930377455185312,USDC,1,1,-0.0002999999999999
2025-11-03 02:00:00,0.9997,0.9997,0.9996,0.9997,1018614.99835403,0.0002999999999999,-0.0002999999999999,4.9453535504696856e-05,2,0,High,108994.2,41.34472293,3798.24,1163.85273867,0.2285101645702472,0.2499229987113351,USDC,1,1,-0.0003999999999999
2025-11-03 03:00:00,0.9997,0.9997,0.9995,0.9996,1143329.89523655,0.0003999999999999,-0.0003999999999999,5.8359207512196576e-05,3,0,High,107991.4,71.22118011,3736.01,1347.1238042,0.5323158889722204,0.5783552513678465,USDC,0,1,-0.0002999999999999
2025-11-03 04:00:00,0.9997,0.9997,0.9996,0.9997,1229072.30986721,0.0002999999999999,-0.0002999999999999,5.882299658755941e-05,4,0,High,107800.0,115.37407453,3746.05,789.74911479,0.5269039537653806,0.5709563340152292,USDC,0,1,-0.0001999999999999
2025-11-03 05:00:00,0.9996,0.9998,0.9996,0.9998,5298138.07473896,0.0001999999999999,-0.0001999999999999,5.882299658755941e-05,5,0,High,107586.9,436.3600078,3731.15,1729.98951548,0.3462860217101569,0.3847240115571499,USDC,0,1,-0.0002999999999999
2025-11-03 06:00:00,0.9998,0.9998,0.9996,0.9997,3214604.84529812,0.0002999999999999,-0.0002999999999999,5.897678246199915e-05,6,0,High,107400.0,92.30251574,3716.32,1176.48769305,0.3712451259706866,0.3985582797497697,USDC,0,1,-0.0002999999999999
2025-11-03 07:00:00,0.9998,0.9998,0.9995,0.9997,4270421.17865448,0.0002999999999999,-0.0002999999999999,5.897678246199915e-05,7,0,High,107500.0,531.75610561,3713.76,675.96016112,0.4572749430348901,0.4911000064049776,USDC,0,1,-0.0002999999999999
2025-11-03 08:00:00,0.9997,0.9998,0.9996,0.9997,1607855.04060239,0.0002999999999999,-0.0002999999999999,5.897678246199915e-05,8,0,High,107535.0,542.47397704,3715.24,2327.30360213,0.5350600446323357,0.5695774928235577,USDC,0,1,-0.0002999999999999
2025-11-03 09:00:00,0.9997,0.9998,0.9996,0.9997,2096920.97520473,0.0002999999999999,-0.0002999999999999,5.897678246199915e-05,9,0,High,107145.9,30.09925707,3703.7,569.1683047,0.6067366326553777,0.6277737232255367,USDC,0,1,-0.0001999999999999
2025-11-03 10:00:00,0.9997,0.9998,0.9995,0.9998,2667741.63604155,0.0001999999999999,-0.0001999999999999,5.897678246199915e-05,10,0,High,106880.0,34.98372652,3674.34,704.55626435,0.4745226061858967,0.4838870336769848,USDC,0,1,-0.0001999999999999
2025-11-03 11:00:00,0.9998,0.9998,0.9997,0.9998,3189306.31283629,0.0001999999999999,-0.0001999999999999,5.897678246199915e-05,11,0,High,107760.1,12.50982744,3709.99,538.53952885,0.3920577453284257,0.3871788474774259,USDC,0,1,-0.0002999999999999
2025-11-03 12:00:00,0.9998,0.9998,0.9996,0.9997,7280368.07529007,0.0002999999999999,-0.0002999999999999,5.882299658757548e-05,12,0,High,107723.1,50.24382542,3707.71,774.3146963,0.3853059567754582,0.3894252918657511,USDC,0,1,-0.0001999999999999
2025-11-03 13:00:00,0.9998,0.9998,0.9997,0.9998,4541535.38333095,0.0001999999999999,-0.0001999999999999,5.882299658757548e-05,13,0,High,107886.0,41.69565069,3719.01,1327.21746231,0.3107388328850073,0.3087002636253859,USDC,0,1,-0.0001999999999999
2025-11-03 14:00:00,0.9998,0.9998,0.9997,0.9998,1668768.5811186,0.0001999999999999,-0.0001999999999999,5.897678246199915e-05,14,0,High,108020.0,88.72677812,3732.11,934.36961535,0.3358528910470564,0.3087097055879588,USDC,0,1,-0.0001999999999999
2025-11-03 15:00:00,0.9998,0.9998,0.9997,0.9998,3644981.06370635,0.0001999999999999,-0.0001999999999999,5.882299658755941e-05,15,0,High,105713.4,207.93746852,3590.01,5001.37639741,0.2714863985513011,0.2287038474009374,USDC,0,1,-0.0001999999999999
2025-11-03 16:00:00,0.9998,0.9999,0.9997,0.9998,11723351.76976996,0.0001999999999999,-0.0001999999999999,5.882299658755941e-05,16,0,High,106649.9,152.56157124,3619.1,2458.44523062,0.1854686665007093,0.1231152236415675,USDC,1,1,-0.0002999999999999
2025-11-03 17:00:00,0.9998,0.9999,0.9997,0.9997,3668499.48026624,0.0002999999999999,-0.0002999999999999,5.897678246199915e-05,17,0,High,107424.8,106.36080772,3666.01,1807.4582969,0.1731768421209912,0.1255405128347339,USDC,1,1,-0.0001999999999999
2025-11-03 18:00:00,0.9998,0.9999,0.9997,0.9998,3654704.26401445,0.0001999999999999,-0.0001999999999999,5.897678246199915e-05,18,0,High,106937.9,44.30489414,3632.04,2291.7064274,0.0839985039051255,0.0265916224541885,USDC,1,1,-0.0001999999999999
2025-11-03 19:00:00,0.9998,0.9999,0.9997,0.9998,5439104.5358895,0.0001999999999999,-0.0001999999999999,5.897678246199915e-05,19,0,High,107020.0,90.72680042,3629.52,1090.94455575,-0.0033491409078578,-0.069012727422456,USDC,1,1,-0.0001999999999999
2025-11-03 20:00:00,0.9998,0.9999,0.9997,0.9998,6173684.03535889,0.0001999999999999,-0.0001999999999999,5.897678246199915e-05,20,0,High,106589.9,77.92971469,3588.2,4729.40210598,-0.104698441619257,-0.1810862208901492,USDC,1,1,-0.0002999999999999
2025-11-03 21:00:00,0.9997,0.9999,0.9997,0.9997,2629625.95287135,0.0002999999999999,-0.0002999999999999,5.882299658757548e-05,21,0,High,106840.2,92.63652786,3598.99,4935.95729756,-0.1503106183541271,-0.1957342457660728,USDC,1,1,-0.0001999999999999
2025-11-03 22:00:00,0.9998,0.9998,0.9997,0.9998,1070324.30321505,0.0001999999999999,-0.0001999999999999,5.882299658757548e-05,22,0,High,106387.3,97.75640335,3588.0,1342.71578384,-0.2760321669540538,-0.3202007479209387,USDC,1,1,-0.0002999999999999
2025-11-03 23:00:00,0.9998,0.9999,0.9997,0.9997,1346612.38971796,0.0002999999999999,-0.0002999999999999,5.835920751223473e-05,23,0,High,106538.3,40.68737549,3601.99,1272.78465884,-0.4217758540363796,-0.4335930585858941,USDC,1,1,-0.0001999999999999
2025-11-04 00:00:00,0.9998,1.0,0.9997,0.9998,3630374.44316915,0.0001999999999999,-0.0001999999999999,5.882299658757548e-05,0,1,High,106424.5,50.97338013,3615.46,5879.23467042,-0.4312201811464407,-0.4394153375656587,USDC,1,1,-9.9999999999989e-05
2025-11-04 01:00:00,0.9998,1.0,0.9997,0.9999,1767932.5885697,9.9999999999989e-05,-9.9999999999989e-05,6.580053301403365e-05,1,1,High,107030.3,36.77150279,3642.03,3711.54341331,-0.3966418218546761,-0.4168635853819912,USDC,1,1,-0.0002999999999999
2025-11-04 02:00:00,0.9999,0.9999,0.9997,0.9997,644811.43724503,0.0002999999999999,-0.0002999999999999,6.580053301403365e-05,2,1,High,106500.0,24.78099922,3625.01,1394.68723278,-0.3101818534935241,-0.3453575712125976,USDC,1,1,-0.0002999999999999
2025-11-04 03:00:00,0.9998,1.0,0.9997,0.9997,1595066.26262033,0.0002999999999999,-0.0002999999999999,5.835920751219657e-05,3,1,High,107134.8,47.10078924,3642.17,950.90093061,-0.1926180220337107,-0.2307677008162111,USDC,1,1,-0.0002999999999999
2025-11-04 04:00:00,0.9998,0.9998,0.9997,0.9997,842293.30021165,0.0002999999999999,-0.0002999999999999,5.835920751219657e-05,4,1,High,106732.5,35.45998958,3624.0,647.83777768,-0.1156826448806729,-0.1386015719583312,USDC,1,1,-0.0002999999999999
2025-11-04 05:00:00,0.9997,1.0001,0.9997,0.9997,4998876.173762,0.0002999999999999,-0.0002999999999999,5.882299658755941e-05,5,1,High,104210.5,162.2551426,3492.78,5334.89402899,0.0389765942965106,-0.0497844060078433,USDC,1,1,-0.0001999999999999
2025-11-04 06:00:00,0.9997,1.0001,0.9997,0.9998,5104364.22188566,0.0001999999999999,-0.0001999999999999,5.835920751219657e-05,6,1,High,104700.0,98.68401335,3512.85,1732.02155108,-0.0179750314445901,-0.0660349916007974,USDC,1,1,-0.0001999999999999
2025-11-04 07:00:00,0.9998,0.9999,0.9997,0.9998,3600444.43652072,0.0001999999999999,-0.0001999999999999,5.7577924513698976e-05,7,1,High,104428.3,62.84485626,3492.06,2845.74778428,-0.0500853588999458,-0.0720100230498784,USDC,1,1,-0.0001999999999999
2025-11-04 08:00:00,0.9997,0.9998,0.9997,0.9998,2728190.59717042,0.0001999999999999,-0.0001999999999999,5.646597025732388e-05,8,1,High,104000.1,137.11708093,3493.82,1673.60141508,-0.0673197148694236,-0.0580707319528012,USDC,1,1,-0.0002999999999999
2025-11-04 09:00:00,0.9998,0.9998,0.9997,0.9997,3790477.6127009,0.0002999999999999,-0.0002999999999999,5.646597025732388e-05,9,1,High,103831.0,62.22494476,3490.67,259.05400182,0.0746808291264892,0.0932152883947278,USDC,1,1,-0.0002999999999999
2025-11-04 10:00:00,0.9997,0.9998,0.9997,0.9997,4937313.83784491,0.0002999999999999,-0.0002999999999999,5.7577924513698976e-05,10,1,High,103812.9,49.77337812,3483.85,533.97642405,0.1474041252766084,0.1436114705287735,USDC,0,1,-0.0002999999999999
2025-11-04 11:00:00,0.9998,0.9998,0.9996,0.9997,10308661.41947229,0.0002999999999999,-0.0002999999999999,5.835920751219657e-05,11,1,High,104540.0,79.03220041,3529.21,681.18876884,0.1658019693953263,0.1450414419745822,USDC,1,1,-0.0003999999999999
2025-11-04 12:00:00,0.9996,0.9997,0.9996,0.9996,4977149.17532152,0.0003999999999999,-0.0003999999999999,6.580053301403365e-05,12,1,High,103852.0,203.7839082,3509.26,668.23036244,0.3514864780016169,0.309410144157924,USDC,0,1,-0.0001999999999999
2025-11-04 13:00:00,0.9997,0.9998,0.9996,0.9998,8674400.91396716,0.0001999999999999,-0.0001999999999999,6.580053301403365e-05,13,1,High,103849.9,146.40402752,3505.58,449.60085669,0.2632280100650044,0.2322760730472491,USDC,0,1,-0.0001999999999999
2025-11-04 14:00:00,0.9998,0.9998,0.9997,0.9998,2861204.47999333,0.0001999999999999,-0.0001999999999999,6.580053301403365e-05,14,1,High,104499.2,254.6617572,3554.67,1747.97457623,0.1950591416802995,0.1746433227156876,USDC,0,1,-0.0001999999999999
2025-11-04 15:00:00,0.9998,0.9999,0.9997,0.9998,9451076.29328588,0.0001999999999999,-0.0001999999999999,6.580053301403365e-05,15,1,High,103160.1,90.61916749,3504.65,2135.21388456,0.1280330456017612,0.1291345531630997,USDC,1,1,-0.0002999999999999
2025-11-04 16:00:00,0.9998,0.9999,0.9997,0.9997,8099078.67527653,0.0002999999999999,-0.0002999999999999,6.593804733961171e-05,16,1,High,102199.9,201.14612183,3427.76,3110.83855253,0.1642414152975424,0.1628133761489831,USDC,0,1,-0.0001999999999999
2025-11-04 17:00:00,0.9997,1.001,0.9997,0.9998,14352577.17984366,0.0001999999999999,-0.0001999999999999,6.580053301403365e-05,17,1,High,101080.1,420.27149492,3372.31,5531.36378672,0.1165819420632714,0.1230477298398846,USDC,0,1,-0.0001999999999999
2025-11-04 18:00:00,0.9998,0.9998,0.9996,0.9998,8831817.51586577,0.0001999999999999,-0.0001999999999999,6.580053301403365e-05,18,1,High,101290.9,533.9250473,3302.78,9026.70410231,0.0162139376322485,-0.0103348187802651,USDC,1,1,-0.0002999999999999
2025-11-04 19:00:00,0.9997,0.9998,0.9997,0.9997,4687654.17231103,0.0002999999999999,-0.0002999999999999,6.593804733961171e-05,19,1,High,100395.0,245.62292,3229.0,2307.15622914,0.0530626715051289,0.0577960678437201,USDC,0,1,-0.0001999999999999
2025-11-04 20:00:00,0.9997,0.9999,0.9997,0.9998,12798897.65686096,0.0001999999999999,-0.0001999999999999,6.593804733961171e-05,20,1,High,100689.9,360.71873098,3213.33,12109.05417974,-0.0422800125187879,-0.0524821182007075,USDC,1,1,-0.0001999999999999
2025-11-04 21:00:00,0.9998,1.0006,0.9997,0.9998,16446567.06358496,0.0001999999999999,-0.0001999999999999,6.580053301403365e-05,21,1,High,100280.0,355.23885432,3213.41,6317.3988635,-0.0559997251520389,-0.08792536663196,USDC,1,1,-0.0001999999999999
2025-11-04 22:00:00,0.9998,1.001,0.9997,0.9998,9532689.69865344,0.0001999999999999,-0.0001999999999999,6.580053301403365e-05,22,1,High,101247.9,317.82969263,3244.98,3758.83573284,-0.1264652878184386,-0.1583482468417992,USDC,1,1,-0.0002999999999999
2025-11-04 23:00:00,0.9998,0.9999,0.9997,0.9997,3453420.22849799,0.0002999999999999,-0.0002999999999999,6.580053301403365e-05,23,1,High,101537.3,65.43872358,3288.88,1836.22260165,-0.045611159286159,-0.0766173357342369,USDC,1,1,-0.0002999999999999
2025-11-05 00:00:00,0.9997,0.9998,0.9997,0.9997,2907919.00348897,0.0002999999999999,-0.0002999999999999,6.593804733961171e-05,0,2,High,100599.1,85.94906438,3240.0,3763.8723119,-0.0415111857979636,-0.060776393972527,USDC,1,1,-0.0002999999999999
2025-11-05 01:00:00,0.9997,0.9998,0.9997,0.9997,4939356.44673517,0.0002999999999999,-0.0002999999999999,5.835920751223473e-05,1,2,High,100672.7,202.71347282,3245.0,2106.81882956,-0.2126770914089263,-0.1906795276508683,USDC,1,1,-0.0002999999999999
2025-11-05 02:00:00,0.9998,0.9998,0.9996,0.9997,3235142.41403094,0.0002999999999999,-0.0002999999999999,5.835920751223473e-05,2,2,High,101669.2,87.21525653,3321.83,975.46327681,-0.1487396960900953,-0.1291631551791464,USDC,1,1,-0.0002999999999999
2025-11-05 03:00:00,0.9998,0.9998,0.9996,0.9997,3832891.6195743,0.0002999999999999,-0.0002999999999999,5.835920751223473e-05,3,2,High,102118.5,161.02326972,3331.91,1072.50722493,-0.0785644879703816,-0.0627775942273373,USDC,1,1,-0.0001999999999999
2025-11-05 04:00:00,0.9997,0.9998,0.9996,0.9998,2029890.63645796,0.0001999999999999,-0.0001999999999999,5.882299658757548e-05,4,2,High,101947.2,88.19761593,3329.05,2235.61079141,-0.0216826700484125,-0.0279936325526327,USDC,1,1,-0.0002999999999999
2025-11-05 05:00:00,0.9997,0.9998,0.9993,0.9997,1060924.38346048,0.0002999999999999,-0.0002999999999999,5.882299658757548e-05,5,2,High,101770.0,88.03287002,3325.98,950.97976891,0.0319062994064044,0.0189046302020633,USDC,1,1,-0.0002999999999999
2025-11-05 06:00:00,0.9998,0.9998,0.9997,0.9997,3810295.12145243,0.0002999999999999,-0.0002999999999999,5.835920751223473e-05,6,2,High,102059.5,19.24400584,3334.9,1826.61851188,-0.0265116436368598,-0.0168166618787757,USDC,1,1,-0.0001999999999999
2025-11-05 07:00:00,0.9997,0.9998,0.9997,0.9998,4280150.87293438,0.0001999999999999,-0.0001999999999999,5.835920751223473e-05,7,2,High,102039.9,52.34900043,3333.34,703.37233199,-0.1031298036278159,-0.0776213196303603,USDC,1,1,-0.0002999999999999
2025-11-05 08:00:00,0.9997,0.9998,0.9997,0.9997,1216968.93749723,0.0002999999999999,-0.0002999999999999,5.7577924513762287e-05,8,2,High,101724.2,88.42394202,3300.33,716.80862141,-0.161521259612183,-0.1166136342071227,USDC,1,1,-0.0002999999999999
2025-11-05 09:00:00,0.9998,1.0014,0.9997,0.9997,8185883.84040987,0.0002999999999999,-0.0002999999999999,5.7577924513762287e-05,9,2,High,101969.0,31.77896274,3306.28,368.78455269,-0.1266884033859693,-0.0718434614535367,USDC,1,1,-0.0002999999999999
2025-11-05 10:00:00,0.9998,0.9998,0.9997,0.9997,4358940.21923172,0.0002999999999999,-0.0002999999999999,5.7577924513762287e-05,10,2,High,101348.2,70.99568314,3277.46,355.76972463,-0.0750272229060734,-0.0184687158947857,USDC,1,1,-9.9999999999989e-05
2025-11-05 11:00:00,0.9997,1.0,0.9997,0.9999,7276865.84035528,9.9999999999989e-05,-9.9999999999989e-05,6.580053301404595e-05,11,2,High,102000.0,33.11432423,3321.28,251.76616753,0.0040149553505341,0.0169416209331684,USDC,1,1,-0.0001999999999999
2025-11-05 12:00:00,0.9999,1.0,0.9997,0.9998,8147861.95202333,0.0001999999999999,-0.0001999999999999,5.882299658754102e-05,12,2,High,102655.6,115.46511477,3345.13,945.14486531,0.2564805472482297,0.2430763794702765,USDC,0,1,-0.0001999999999999
2025-11-05 13:00:00,0.9998,0.9998,0.9997,0.9998,4279240.199802,0.0001999999999999,-0.0001999999999999,5.882299658754102e-05,13,2,High,102975.1,107.24042454,3359.05,842.94868747,0.2424877811007507,0.2063374724778683,USDC,0,1,-0.0001999999999999
2025-11-05 14:00:00,0.9997,0.9998,0.9997,0.9998,7318817.91123637,0.0001999999999999,-0.0001999999999999,5.882299658754102e-05,14,2,High,103180.1,195.57519088,3346.31,1860.69407966,0.2283273159544333,0.1504407258655583,USDC,0,1,-0.0001999999999999
2025-11-05 15:00:00,0.9997,0.9998,0.9997,0.9998,7099070.92897117,0.0001999999999999,-0.0001999999999999,5.882299658754102e-05,15,2,High,103712.9,119.16172206,3397.63,2007.55689389,0.2369483340034306,0.1143721236198732,USDC,0,1,-0.0002999999999999
2025-11-05 16:00:00,0.9998,0.9998,0.9997,0.9997,3822189.58699882,0.0002999999999999,-0.0002999999999999,5.882299658754102e-05,16,2,High,103914.0,98.88904232,3436.3,7026.96539902,0.1414835123199853,0.1067831012636129,USDC,1,1,-0.0001999999999999
2025-11-05 17:00:00,0.9997,0.9998,0.9996,0.9998,1616439.22612406,0.0001999999999999,-0.0001999999999999,5.882299658754102e-05,17,2,High,103915.9,122.42103321,3435.31,2377.9772622,0.2216953935002843,0.1339927707952286,USDC,0,1,-0.0002999999999999
2025-11-05 18:00:00,0.9998,0.9998,0.9997,0.9997,1888819.75127626,0.0002999999999999,-0.0002999999999999,5.8976782461988824e-05,18,2,High,104344.0,185.64710911,3461.32,2514.83653092,0.1437415612008064,0.0441526251775339,USDC,1,1,-0.0002999999999999
2025-11-05 19:00:00,0.9998,0.9998,0.9993,0.9997,4120763.57105664,0.0002999999999999,-0.0002999999999999,5.8976782461988824e-05,19,2,High,104090.0,95.07214432,3456.78,1487.53393966,0.0259243876106893,-0.0751303967053146,USDC,1,1,-0.0002999999999999
2025-11-05 20:00:00,0.9997,0.9998,0.9995,0.9997,3472173.2026982,0.0002999999999999,-0.0002999999999999,5.882299658757316e-05,20,2,High,103850.4,119.91405005,3452.57,1308.67452882,0.0289111233795275,-0.0703694825080242,USDC,1,1,-0.0001999999999999
2025-11-05 21:00:00,0.9997,0.9998,0.9997,0.9998,3596721.38152246,0.0001999999999999,-0.0001999999999999,5.882299658757316e-05,21,2,High,103656.2,70.72699249,3442.49,2342.80887363,0.1502013232017044,0.0596888558821148,USDC,1,1,-0.0001999999999999
2025-11-05 22:00:00,0.9998,1.0,0.9997,0.9998,10113000.24182985,0.0001999999999999,-0.0001999999999999,5.882299658757316e-05,22,2,High,103696.0,75.22173765,3426.4,865.61860736,0.2378999907203159,0.1686298871251598,USDC,0,1,-0.0002999999999999
2025-11-05 23:00:00,0.9998,0.9999,0.9997,0.9997,5419876.68063344,0.0002999999999999,-0.0002999999999999,5.882299658757316e-05,23,2,High,103900.0,30.71872142,3424.01,275.95802806,0.1652051333332262,0.1011054767513175,USDC,0,1,-0.0002999999999999
2025-11-06 00:00:00,0.9998,0.9998,0.9997,0.9997,1670204.16630116,0.0002999999999999,-0.0002999999999999,5.882299658757316e-05,0,3,High,103672.2,29.81045529,3407.34,507.35343888,0.0783011847611036,0.0183889948425479,USDC,1,1,-0.0001999999999999
2025-11-06 01:00:00,0.9997,0.9998,0.9997,0.9998,1737217.61764669,0.0001999999999999,-0.0001999999999999,5.8976782461988824e-05,1,3,High,103345.9,55.53847668,3405.58,521.95882015,0.0265233471939375,-0.033724171305368,USDC,1,1,-0.0001999999999999
2025-11-06 02:00:00,0.9997,0.9998,0.9997,0.9998,1474123.66971941,0.0001999999999999,-0.0001999999999999,5.882299658754102e-05,2,3,High,103362.8,35.52644948,3422.92,199.82131232,-0.008294206903675,-0.0416252238627194,USDC,1,1,-0.0001999999999999
2025-11-06 03:00:00,0.9998,0.9998,0.9997,0.9998,667893.22687172,0.0001999999999999,-0.0001999999999999,5.8359207512169945e-05,3,3,High,103615.0,18.41583719,3432.27,233.11181317,-0.0266946144589568,-0.0478005826547071,USDC,1,1,-0.0002999999999999
2025-11-06 04:00:00,0.9998,0.9998,0.9997,0.9997,539418.46617199,0.0002999999999999,-0.0002999999999999,5.882299658754102e-05,4,3,High,104000.0,57.94432719,3452.12,849.24589527,-0.0290366855494479,-0.0638028305868152,USDC,1,1,-0.0001999999999999
2025-11-06 05:00:00,0.9997,0.9998,0.9997,0.9998,565413.13805174,0.0001999999999999,-0.0001999999999999,5.8359207512169945e-05,5,3,High,103117.6,80.78133777,3385.38,361.45024436,-0.0980943895174463,-0.1145321477480745,USDC,1,1,-0.0002999999999999
2025-11-06 06:00:00,0.9998,0.9998,0.9997,0.9997,746487.55597074,0.0002999999999999,-0.0002999999999999,5.8359207512169945e-05,6,3,High,103320.2,19.60178607,3385.01,840.03238299,-0.1674194885388542,-0.1563206006635035,USDC,1,1,-0.0002999999999999
2025-11-06 07:00:00,0.9998,0.9998,0.9997,0.9997,1865901.74203386,0.0002999999999999,-0.0002999999999999,5.882299658754102e-05,7,3,High,103236.3,39.84864983,3379.85,629.41861726,-0.1244271007545828,-0.1129617996859831,USDC,1,1,-0.0002999999999999
2025-11-06 08:00:00,0.9998,0.9998,0.9997,0.9997,3755513.69532793,0.0002999999999999,-0.0002999999999999,5.882299658754102e-05,8,3,High,103200.0,25.72805383,3384.8,170.05885301,-0.2179081536773812,-0.1885665453385997,USDC,1,1,-9.9999999999989e-05
2025-11-06 09:00:00,0.9997,0.9999,0.9997,0.9999,9991601.73134649,9.9999999999989e-05,-9.9999999999989e-05,6.468989572330498e-05,9,3,High,102869.7,16.68470871,3382.71,206.36072497,-0.3627040124022568,-0.2973195234615922,USDC,1,1,-0.0001999999999999
2025-11-06 10:00:00,0.9999,1.0,0.9998,0.9998,10484086.26561929,0.0001999999999999,-0.0001999999999999,6.370220572701461e-05,10,3,High,103148.1,41.0234378,3393.3,261.34894343,-0.6621220734228479,-0.5148858881030985,USDC,1,1,-0.0001999999999999
2025-11-06 11:00:00,0.9999,0.9999,0.9998,0.9998,2435051.32675806,0.0001999999999999,-0.0001999999999999,5.757792451365941e-05,11,3,High,103172.8,22.52214033,3398.96,352.63503033,-0.5619865792911584,-0.3918343990048915,USDC,1,1,-0.0001999999999999
2025-11-06 12:00:00,0.9999,0.9999,0.9998,0.9998,4447868.30534388,0.0001999999999999,-0.0001999999999999,5.757792451365941e-05,12,3,High,102530.0,47.65396799,3347.85,1162.2804321,-0.5554845910181763,-0.3920686840415273,USDC,1,1,-0.0001999999999999
2025-11-06 13:00:00,0.9999,0.9999,0.9998,0.9998,2734850.12621022,0.0001999999999999,-0.0001999999999999,5.757792451365941e-05,13,3,High,103253.7,44.6546921,3389.28,961.24984014,-0.5509999758280151,-0.3826602412388302,USDC,1,1,-0.0001999999999999
2025-11-06 14:00:00,0.9999,0.9999,0.9998,0.9998,7103767.25845375,0.0001999999999999,-0.0001999999999999,5.757792451365941e-05,14,3,High,102063.8,141.76549774,3325.45,1036.84898306,-0.5178298129550988,-0.3776150940141441,USDC,1,1,-0.0001999999999999
2025-11-06 15:00:00,0.9998,0.9999,0.9998,0.9998,5361639.15688346,0.0001999999999999,-0.0001999999999999,5.757792451365941e-05,15,3,High,101950.7,160.23180778,3299.04,2459.95247598,-0.5310255405885488,-0.3841812405397727,USDC,1,1,-0.0001999999999999
2025-11-06 16:00:00,0.9998,0.9999,0.9998,0.9998,2566100.69269101,0.0001999999999999,-0.0001999999999999,5.6465970257275154e-05,16,3,High,100813.3,264.35997792,3275.17,3136.38666754,-0.4619775324585929,-0.3694568029145826,USDC,1,1,-9.9999999999989e-05
2025-11-06 17:00:00,0.9998,0.9999,0.9998,0.9999,2104112.20441539,9.9999999999989e-05,-9.9999999999989e-05,6.240935455701755e-05,17,3,High,101744.2,82.10426003,3327.8,1545.66021915,-0.5759052962058214,-0.4675760488353929,USDC,1,1,-0.0001999999999999
2025-11-06 18:00:00,0.9998,0.9999,0.9998,0.9998,3329487.29994249,0.0001999999999999,-0.0001999999999999,6.0791875887348586e-05,18,3,High,101687.3,93.6744913,3328.11,7101.32128129,-0.5383145423831126,-0.4348062829633524,USDC,1,1,-9.9999999999989e-05
2025-11-06 19:00:00,0.9999,0.9999,0.9998,0.9999,2966153.1724769,9.9999999999989e-05,-9.9999999999989e-05,6.370220572695229e-05,19,3,High,101355.0,138.75065562,3323.5,892.7167858,-0.5784077617048905,-0.4458441059925456,USDC,1,1,-0.0001999999999999
2025-11-06 20:00:00,0.9998,0.9999,0.9998,0.9998,4018907.38664266,0.0001999999999999,-0.0001999999999999,6.123724356944979e-05,20,3,High,100865.9,73.44710667,3304.71,1277.33633425,-0.5151496683197764,-0.3883458523631719,USDC,1,1,-0.0001999999999999
2025-11-06 21:00:00,0.9998,0.9999,0.9998,0.9998,1342719.39382132,0.0001999999999999,-0.0001999999999999,6.123724356944979e-05,21,3,High,101079.6,32.20116973,3325.74,667.10271084,-0.5146970257935078,-0.4180797318336633,USDC,1,1,-0.0001999999999999
2025-11-06 22:00:00,0.9998,0.9999,0.9998,0.9998,1117950.03010075,0.0001999999999999,-0.0001999999999999,6.123724356944979e-05,22,3,High,101358.8,50.74525697,3320.0,658.76325632,-0.5283992435149929,-0.4407615829693305,USDC,1,1,-0.0002999999999999
2025-11-06 23:00:00,0.9998,0.9999,0.9997,0.9997,2740824.58398303,0.0002999999999999,-0.0002999999999999,6.123724356944979e-05,23,3,High,101290.1,47.65616041,3313.54,377.5404232,-0.3696645816027057,-0.299312145087144,USDC,1,1,-0.0002999999999999
2025-11-07 00:00:00,0.9998,0.9998,0.9997,0.9997,5072195.94379509,0.0002999999999999,-0.0002999999999999,6.123724356944979e-05,0,4,High,101490.1,64.67874578,3322.76,5307.57000193,-0.2378354852842794,-0.1896775742201679,USDC,1,1,-0.0001999999999999
2025-11-07 01:00:00,0.9998,0.9998,0.9997,0.9998,545388.51460433,0.0001999999999999,-0.0001999999999999,6.123724356944979e-05,1,4,High,101476.4,27.87131626,3321.47,832.58711391,-0.2553206413509601,-0.2075416998171605,USDC,1,1,-0.0001999999999999
2025-11-07 02:00:00,0.9998,0.9998,0.9997,0.9998,2452268.43364957,0.0001999999999999,-0.0001999999999999,6.123724356944979e-05,2,4,High,101817.9,24.17137054,3344.63,441.6287857,-0.2746143624467889,-0.2334729943439051,USDC,1,1,-0.0002999999999999
2025-11-07 03:00:00,0.9998,0.9998,0.9997,0.9997,327048.79819279,0.0002999999999999,-0.0002999999999999,6.370220572695229e-05,3,4,High,101864.9,32.63391218,3345.39,188.02034071,-0.2672415266388847,-0.2547783938473817,USDC,1,1,-0.0001999999999999
2025-11-07 04:00:00,0.9998,0.9998,0.9997,0.9998,1641277.85826762,0.0001999999999999,-0.0001999999999999,6.123724356944979e-05,4,4,High,101968.9,42.38297326,3336.79,238.40783442,-0.1753933180263901,-0.1321239997910907,USDC,1,1,-0.0002999999999999
2025-11-07 05:00:00,0.9997,0.9998,0.9997,0.9997,1393570.89335778,0.0002999999999999,-0.0002999999999999,6.370220572695229e-05,5,4,High,102388.7,35.31127579,3364.97,3362.43555401,-0.2066972941827809,-0.1786024697383506,USDC,1,1,-0.0002999999999999
2025-11-07 06:00:00,0.9997,0.9998,0.9997,0.9997,1912985.14479591,0.0002999999999999,-0.0002999999999999,6.370220572695229e-05,6,4,High,101817.9,13.17549352,3346.2,223.99683011,-0.1086274613784867,-0.1176198799231052,USDC,1,1,-0.0002999999999999
2025-11-07 07:00:00,0.9998,0.9998,0.9996,0.9997,10893061.65380297,0.0002999999999999,-0.0002999999999999,6.370220572695229e-05,7,4,High,101973.6,74.39321541,3356.29,639.50269269,-0.017832505026937,-0.0787849379180744,USDC,1,1,-0.0002999999999999
2025-11-07 08:00:00,0.9998,0.9998,0.9994,0.9997,9789857.59058646,0.0002999999999999,-0.0002999999999999,6.370220572695229e-05,8,4,High,101489.9,12.39253351,3340.36,314.25474307,0.1210089702007636,0.0003800669392881,USDC,1,1,-0.0002999999999999
2025-11-07 09:00:00,0.9997,0.9998,0.9996,0.9997,4224077.67070366,0.0002999999999999,-0.0002999999999999,6.0791875887348586e-05,9,4,High,100972.7,65.35199215,3300.39,702.3288907,0.07336622247462,-0.061179459391227,USDC,1,1,-0.0002999999999999
2025-11-07 10:00:00,0.9998,0.9998,0.9997,0.9997,997522.98189218,0.0002999999999999,-0.0002999999999999,6.240935455701755e-05,10,4,High,100768.7,47.20097894,3278.89,701.43043058,0.1120723703528791,-0.0057760849080761,USDC,1,1,-0.0001999999999999
2025-11-07 11:00:00,0.9998,0.9998,0.9997,0.9998,4347943.2505253,0.0001999999999999,-0.0001999999999999,6.240935455701755e-05,11,4,High,100369.4,104.80055889,3260.2,5598.04499983,0.0262927151751268,-0.1025561320459071,USDC,1,1,-0.0002999999999999
2025-11-07 12:00:00,0.9997,0.9998,0.998,0.9997,16561213.52903131,0.0002999999999999,-0.0002999999999999,6.370220572701066e-05,12,4,High,99560.0,773.48918432,3218.51,36707.08261726,0.1206840004404335,0.0387696607598134,USDC,0,1,-0.0001999999999999
2025-11-07 13:00:00,0.9998,0.9998,0.9997,0.9998,3529528.96132492,0.0001999999999999,-0.0001999999999999,6.370220572701066e-05,13,4,High,100249.9,85.4981204,3238.34,1253.18726204,0.0295628000126465,-0.0561286002029098,USDC,1,1,-0.0001999999999999
2025-11-07 14:00:00,0.9998,0.9998,0.9997,0.9998,9349352.57636597,0.0001999999999999,-0.0001999999999999,6.370220572701066e-05,14,4,High,100706.7,297.34918851,3284.06,2472.04279296,-0.0169335312027737,-0.0811741107469157,USDC,1,1,-0.0002999999999999
2025-11-07 15:00:00,0.9997,0.9998,0.9996,0.9997,7998569.91812166,0.0002999999999999,-0.0002999999999999,6.468989572330109e-05,15,4,High,100780.0,496.57292032,3295.06,1538.81474753,-0.009127122237722,-0.0524393733389994,USDC,1,1,-0.0002999999999999
2025-11-07 16:00:00,0.9997,0.9999,0.9996,0.9997,8062949.33141021,0.0002999999999999,-0.0002999999999999,6.538625481581672e-05,16,4,High,101079.8,577.39483104,3308.72,2130.73123374,0.0192985174146582,-0.0223408184880254,USDC,1,1,-0.0001999999999999
2025-11-07 17:00:00,0.9998,0.9999,0.9997,0.9998,5227605.71946718,0.0001999999999999,-0.0001999999999999,5.882299658753478e-05,17,4,High,102279.9,602.09984856,3383.23,3601.55886307,-0.0059433894525211,-0.0032994052620723,USDC,1,1,-0.0001999999999999
2025-11-07 18:00:00,0.9998,0.9999,0.9997,0.9998,5750432.81233717,0.0001999999999999,-0.0001999999999999,5.882299658753478e-05,18,4,High,102553.5,218.63978042,3425.75,2502.74950186,0.0352696163954305,0.0710102161920377,USDC,1,1,-0.0002999999999999
2025-11-07 19:00:00,0.9998,0.9998,0.9997,0.9997,5406658.85601656,0.0002999999999999,-0.0002999999999999,5.089773777047359e-05,19,4,High,103274.2,298.74410228,3441.93,3033.59904335,-0.0640842355327518,-0.0332246759439821,USDC,1,1,0.0
2025-11-07 20:00:00,0.9998,1.0,0.9997,1.0,7906485.28000529,0.0,0.0,7.210600087592531e-05,20,4,High,103714.6,435.85713023,3465.14,20477.60135229,0.3418167158994761,0.3452586412983955,USDC,0,1,-0.0001999999999999
2025-11-07 21:00:00,1.0,1.0,0.9998,0.9998,3277902.60496539,0.0001999999999999,-0.0001999999999999,7.210600087592531e-05,21,4,High,103820.6,58.17595854,3468.11,1699.36498054,0.3797559705974961,0.3721833073831885,USDC,0,1,9.9999999999989e-05
2025-11-07 22:00:00,0.9998,1.0001,0.9998,1.0001,9965323.54105251,9.9999999999989e-05,9.9999999999989e-05,0.000100722031037,22,4,High,103620.0,78.2429648,3444.25,1488.90007401,0.5134245136449557,0.4826065928288496,USDC,0,1,-9.9999999999989e-05
2025-11-07 23:00:00,1.0001,1.0001,0.9999,0.9999,5213201.43510018,9.9999999999989e-05,-9.9999999999989e-05,0.0001032093693083,23,4,High,103279.9,57.73191512,3433.9,1195.80689984,0.5429342050449925,0.512184024115391,USDC,0,1,-0.0001999999999999
2025-11-08 00:00:00,0.9999,1.0,0.9998,0.9998,2179999.61753109,0.0001999999999999,-0.0001999999999999,0.0001020620726158,0,5,High,102645.2,71.16498594,3421.78,784.88570213,0.5415010726191128,0.5057547369206661,USDC,0,1,-9.9999999999989e-05
2025-11-08 01:00:00,0.9998,0.9999,0.9998,0.9999,887179.32689083,9.9999999999989e-05,-9.9999999999989e-05,0.0001049499535664,1,5,High,102932.0,14.05661763,3433.73,478.51556865,0.5650909391044571,0.5380310806164995,USDC,0,1,-0.0001999999999999
2025-11-08 02:00:00,0.9999,0.9999,0.9998,0.9998,1708747.57643222,0.0001999999999999,-0.0001999999999999,0.0001049499535664,2,5,High,102757.7,8.83683279,3439.95,1152.2761459,0.5647784561614485,0.5330565289564542,USDC,0,1,-0.0001999999999999
2025-11-08 03:00:00,0.9999,0.9999,0.9998,0.9998,1251394.50551132,0.0001999999999999,-0.0001999999999999,0.0001034723235416,3,5,High,102600.0,21.04921941,3452.4,1167.48858176,0.5696427486366917,0.5245945308438198,USDC,0,1,-9.9999999999989e-05
2025-11-08 04:00:00,0.9999,0.9999,0.9998,0.9999,284083.95155299,9.9999999999989e-05,-9.9999999999989e-05,0.0001059805834006,4,5,High,102472.6,20.41328788,3457.31,319.96010062,0.5722790617137654,0.5522474667505978,USDC,0,1,-9.9999999999989e-05
2025-11-08 05:00:00,0.9998,0.9999,0.9998,0.9999,1620418.13719574,9.9999999999989e-05,-9.9999999999989e-05,0.000106321906614,5,5,High,102283.6,15.76565919,3429.31,586.63614442,0.5934814642413014,0.5724917397388041,USDC,0,1,-9.9999999999989e-05
2025-11-08 06:00:00,0.9999,1.0,0.9998,0.9999,7808088.75586268,9.9999999999989e-05,-9.9999999999989e-05,0.0001059805834005,6,5,High,102200.1,60.59468403,3442.1,179.0874046,0.5949095860777189,0.585397688899397,USDC,0,1,-0.0001999999999999
2025-11-08 07:00:00,0.9999,0.9999,0.9998,0.9998,1140684.85434378,0.0001999999999999,-0.0001999999999999,0.0001034723235414,7,5,High,102299.9,28.43681013,3445.93,110.87995068,0.6057678294672184,0.5760040513403144,USDC,0,1,-0.0001999999999999
2025-11-08 08:00:00,0.9999,0.9999,0.9998,0.9998,502607.64929564,0.0001999999999999,-0.0001999999999999,0.0001007220310367,8,5,High,102415.2,30.06413729,3455.5,103.18151663,0.5991401331811409,0.5549268392530663,USDC,0,1,-0.0001999999999999
2025-11-08 09:00:00,0.9999,0.9999,0.9998,0.9998,866006.81348429,0.0001999999999999,-0.0001999999999999,9.770927002701564e-05,9,5,High,102356.4,35.08373491,3439.35,630.10364498,0.5769918447777062,0.5199620585963713,USDC,0,1,-9.9999999999989e-05
2025-11-08 10:00:00,0.9999,0.9999,0.9998,0.9999,394122.97321145,9.9999999999989e-05,-9.9999999999989e-05,9.545846657319582e-05,10,5,High,102514.6,31.66490975,3444.54,148.19710086,0.5494904643539134,0.491050567166828,USDC,0,1,-0.0001999999999999
2025-11-08 11:00:00,0.9999,0.9999,0.9998,0.9998,3050548.59200463,0.0001999999999999,-0.0001999999999999,9.545846657319582e-05,11,5,High,101800.1,70.52740816,3411.92,351.92531774,0.5641233858712419,0.5002142064710787,USDC,0,1,-0.0001999999999999
2025-11-08 12:00:00,0.9999,0.9999,0.9997,0.9998,1907897.09565131,0.0001999999999999,-0.0001999999999999,9.168313422527703e-05,12,5,High,102003.8,20.91243497,3406.81,685.16628389,0.5097013466326795,0.4277265046611935,USDC,0,1,-0.0001999999999999
2025-11-08 13:00:00,0.9998,0.9998,0.9997,0.9998,916895.82390005,0.0001999999999999,-0.0001999999999999,9.168313422527703e-05,13,5,High,101820.1,19.76771176,3395.92,255.908972,0.5453827705775331,0.4763452432351234,USDC,0,1,-0.0002999999999999
2025-11-08 14:00:00,0.9998,0.9998,0.9997,0.9997,1968562.18706826,0.0002999999999999,-0.0002999999999999,9.545846657319582e-05,14,5,High,101867.0,28.54608091,3398.83,274.29045902,0.5899073005209686,0.5305812293479566,USDC,0,1,-0.0001999999999999
2025-11-08 15:00:00,0.9997,0.9998,0.9996,0.9998,4528434.28175654,0.0001999999999999,-0.0001999999999999,9.168313422527703e-05,15,5,High,101665.5,15.86621852,3374.0,749.87833642,0.5372012953811142,0.4686536707064204,USDC,0,1,-0.0001999999999999
2025-11-08 16:00:00,0.9997,0.9998,0.9997,0.9998,1044734.72084866,0.0001999999999999,-0.0001999999999999,8.753881126778593e-05,16,5,High,101760.1,42.89038944,3367.58,448.380155,0.474018948926717,0.3701389820231663,USDC,0,1,-0.0001999999999999
2025-11-08 17:00:00,0.9997,0.9998,0.9997,0.9998,1421357.40406723,0.0001999999999999,-0.0001999999999999,8.753881126778593e-05,17,5,High,101961.8,61.8401129,3398.0,135.64223921,0.4766137825671003,0.372096349687001,USDC,0,1,-0.0001999999999999
2025-11-08 18:00:00,0.9998,0.9998,0.9997,0.9998,668024.36360621,0.0001999999999999,-0.0001999999999999,8.753881126778593e-05,18,5,High,102185.1,26.35371701,3403.4,236.35306927,0.4845592603873953,0.3805336099506149,USDC,0,1,-0.0001999999999999
2025-11-08 19:00:00,0.9998,0.9998,0.9997,0.9998,780147.57686535,0.0001999999999999,-0.0001999999999999,8.297022339927694e-05,19,5,High,101950.0,14.41731482,3388.22,281.41691607,0.6306638066862871,0.4543427999244134,USDC,0,1,-0.0002999999999999
2025-11-08 20:00:00,0.9998,0.9998,0.9997,0.9997,503313.24961416,0.0002999999999999,-0.0002999999999999,8.064504441274258e-05,20,5,High,102022.2,13.51774721,3396.71,216.95997488,0.5612514972788357,0.4214900836941309,USDC,0,1,-0.0001999999999999
2025-11-08 21:00:00,0.9998,0.9998,0.9997,0.9998,1336503.43996596,0.0001999999999999,-0.0001999999999999,8.064504441274258e-05,21,5,High,102260.0,6.92084021,3406.81,245.73747039,0.7143558686109542,0.4831182401466247,USDC,0,1,-0.0001999999999999
2025-11-08 22:00:00,0.9998,0.9998,0.9997,0.9998,1104863.18150944,0.0001999999999999,-0.0001999999999999,5.6465970256843214e-05,22,5,High,102368.8,16.24510966,3408.97,681.56122528,0.5271999115649121,0.5051535087060725,USDC,0,1,-0.0002999999999999
2025-11-08 23:00:00,0.9998,0.9998,0.9997,0.9997,337958.00967423,0.0002999999999999,-0.0002999999999999,5.835920751181033e-05,23,5,High,102282.1,14.59672178,3400.21,249.5993871,0.3964286072425713,0.506077930421725,USDC,0,1,-0.0002999999999999
2025-11-09 00:00:00,0.9997,0.9998,0.9997,0.9997,1414497.14195755,0.0002999999999999,-0.0002999999999999,6.240935455678999e-05,0,6,High,101743.8,18.90377797,3383.46,110.5805573,0.4768493204746985,0.5500175648348942,USDC,0,1,-0.0001999999999999
2025-11-09 01:00:00,0.9997,0.9998,0.9997,0.9998,215272.46213931,0.0001999999999999,-0.0001999999999999,5.897678246170101e-05,1,6,High,102020.5,6.80820999,3399.99,205.00033426,0.3854746643268967,0.5348272619748276,USDC,0,1,-0.0001999999999999
2025-11-09 02:00:00,0.9998,0.9998,0.9997,0.9998,1282300.9235391,0.0001999999999999,-0.0001999999999999,5.897678246170101e-05,2,6,High,101600.0,9.46352876,3367.1,124.44522036,0.3975253990889287,0.513817985604817,USDC,0,1,-0.0001999999999999
2025-11-09 03:00:00,0.9998,0.9998,0.9997,0.9998,601319.53751734,0.0001999999999999,-0.0001999999999999,5.897678246170101e-05,3,6,High,101624.3,36.96430302,3374.51,196.80897782,0.4038001670510021,0.5222024332611414,USDC,0,1,-0.0001999999999999
2025-11-09 04:00:00,0.9998,0.9998,0.9997,0.9998,384600.33796313,0.0001999999999999,-0.0001999999999999,5.50032937088041e-05,4,6,High,101703.9,14.52309086,3374.67,1600.01014843,0.3152962492988587,0.4282430251299681,USDC,0,1,-0.0001999999999999
2025-11-09 05:00:00,0.9997,0.9998,0.9997,0.9998,1149553.63754934,0.0001999999999999,-0.0001999999999999,5.036101551836592e-05,5,6,High,101890.1,16.00646261,3404.38,178.67504454,0.2593494929921729,0.3874895514464253,USDC,0,1,-0.0001999999999999
2025-11-09 06:00:00,0.9998,0.9998,0.9997,0.9998,1686380.61193711,0.0001999999999999,-0.0001999999999999,4.48427203145365e-05,6,6,High,101682.2,4.69107083,3403.11,193.70739074,0.198904844211829,0.2862116303980768,USDC,0,1,-0.0001999999999999
2025-11-09 07:00:00,0.9998,0.9998,0.9997,0.9998,270389.57769141,0.0001999999999999,-0.0001999999999999,4.48427203145365e-05,7,6,High,101887.3,57.65093426,3422.24,389.07401627,0.1858071958907471,0.2914686136728543,USDC,0,1,-0.0001999999999999
2025-11-09 08:00:00,0.9998,0.9998,0.9997,0.9998,554560.38188653,0.0001999999999999,-0.0001999999999999,4.48427203145365e-05,8,6,High,101940.6,14.33802761,3420.52,151.50239364,0.1754304671671623,0.3089584721844168,USDC,0,1,-0.0001999999999999
2025-11-09 09:00:00,0.9997,0.9998,0.9997,0.9998,569565.70036657,0.0001999999999999,-0.0001999999999999,4.48427203145365e-05,9,6,High,101641.2,9.79373222,3400.0,268.59958963,0.1457217816121976,0.3142279102665427,USDC,0,1,-0.0001999999999999
2025-11-09 10:00:00,0.9998,0.9998,0.9997,0.9998,822818.24886267,0.0001999999999999,-0.0001999999999999,3.806934938131197e-05,10,6,High,101840.7,9.73801804,3401.12,158.26335697,-0.1743177211537933,0.0410040936428076,USDC,1,1,-0.0001999999999999
2025-11-09 11:00:00,0.9998,0.9998,0.9997,0.9998,1194498.27607975,0.0001999999999999,-0.0001999999999999,3.806934938131197e-05,11,6,High,102210.1,19.47938072,3428.74,240.37082013,-0.1330035721694593,0.0576885521100831,USDC,1,1,-0.0001999999999999
2025-11-09 12:00:00,0.9997,0.9998,0.9997,0.9998,485564.60559036,0.0001999999999999,-0.0001999999999999,3.806934938131197e-05,12,6,High,102090.1,41.63712996,3441.09,1705.51653156,-0.1244177623370863,0.0856500047082422,USDC,1,1,-0.0001999999999999
2025-11-09 13:00:00,0.9998,0.9998,0.9997,0.9998,455982.33405088,0.0001999999999999,-0.0001999999999999,3.806934938131197e-05,13,6,High,102897.6,26.83271762,3458.44,430.57203291,-0.025093349891523,0.1248745240029455,USDC,1,1,-0.0002999999999999
2025-11-09 14:00:00,0.9998,0.9998,0.9997,0.9997,729641.52427852,0.0002999999999999,-0.0002999999999999,3.806934938131197e-05,14,6,High,102954.0,141.47315726,3505.63,4768.01444634,-0.3074875017103704,-0.2382413891168465,USDC,1,1,-0.0001999999999999
2025-11-09 15:00:00,0.9997,0.9998,0.9997,0.9998,465911.61448984,0.0001999999999999,-0.0001999999999999,3.806934938131197e-05,15,6,High,103766.7,135.57047598,3515.0,2060.82542087,-0.1414864584206925,-0.1252014664175898,USDC,1,1,-0.0002999999999999
2025-11-09 16:00:00,0.9998,0.9998,0.9997,0.9997,186593.60192919,0.0002999999999999,-0.0002999999999999,4.1485111699962424e-05,16,6,High,103805.0,25.2098592,3527.64,621.9654524,-0.3299104972441432,-0.301490531364402,USDC,1,1,-0.0001999999999999
2025-11-09 17:00:00,0.9997,0.9998,0.9997,0.9998,2192192.67210013,0.0001999999999999,-0.0001999999999999,4.1485111699962424e-05,17,6,High,103594.5,22.05475037,3514.69,902.1122249,-0.2455209290631673,-0.2216335617258468,USDC,1,1,-0.0002999999999999
2025-11-09 18:00:00,0.9998,0.9998,0.9997,0.9997,387108.02164135,0.0002999999999999,-0.0002999999999999,4.423258684660446e-05,18,6,High,104499.9,131.25350157,3542.89,875.4049852,-0.3926895235955451,-0.3435866836728548,USDC,1,1,-0.0001999999999999
2025-11-09 19:00:00,0.9997,0.9998,0.9997,0.9998,2539989.66731196,0.0001999999999999,-0.0001999999999999,4.423258684660446e-05,19,6,High,104791.0,165.152401,3580.0,3860.51822803,-0.2625381736763386,-0.2226735756215462,USDC,1,1,-0.0001999999999999
2025-11-09 20:00:00,0.9997,0.9998,0.9997,0.9998,1920242.30890959,0.0001999999999999,-0.0001999999999999,4.1485111699962424e-05,20,6,High,104605.0,89.95212093,3578.4,2406.66135202,-0.2457481230242761,-0.2195895181703674,USDC,1,1,-0.0001999999999999
2025-11-09 21:00:00,0.9997,0.9998,0.9997,0.9998,1253054.58895183,0.0001999999999999,-0.0001999999999999,4.1485111699962424e-05,21,6,High,104510.0,28.72560906,3579.75,1359.26381289,-0.1858035478049011,-0.1513675210490911,USDC,1,1,-0.0002999999999999
2025-11-09 22:00:00,0.9998,0.9998,0.9997,0.9997,2544575.70999451,0.0002999999999999,-0.0002999999999999,4.423258684660446e-05,22,6,High,104699.9,45.98413316,3586.71,574.46746925,-0.2845551781392624,-0.2513922430538416,USDC,1,1,-0.0001999999999999
2025-11-09 23:00:00,0.9998,0.9998,0.9997,0.9998,1196003.12874957,0.0001999999999999,-0.0001999999999999,4.1485111699962424e-05,23,6,High,104729.8,78.70287758,3584.2,914.95645696,-0.2859231377978188,-0.2845003894626589,USDC,1,1,-0.0001999999999999
2025-11-10 00:00:00,0.9998,0.9998,0.9997,0.9998,1301912.06282137,0.0001999999999999,-0.0001999999999999,3.806934938131197e-05,0,0,High,106270.0,194.06954563,3635.24,3067.03117652,-0.3065477967653064,-0.3471000665156613,USDC,1,1,-0.0001999999999999
2025-11-10 01:00:00,0.9997,0.9998,0.9997,0.9998,881836.67202013,0.0001999999999999,-0.0001999999999999,3.806934938131197e-05,1,0,High,105765.4,100.89962898,3629.01,4214.60155891,-0.2406675989821136,-0.2823882874119065,USDC,1,1,-0.0002999999999999
2025-11-10 02:00:00,0.9997,0.9998,0.9997,0.9997,871671.31689509,0.0002999999999999,-0.0002999999999999,4.1485111699962424e-05,2,0,High,105999.9,23.10541788,3626.39,345.80175057,-0.3389073024801322,-0.3591613484106216,USDC,1,1,-0.0002999999999999
2025-11-10 03:00:00,0.9998,0.9998,0.9996,0.9997,2598003.11605064,0.0002999999999999,-0.0002999999999999,4.423258684660446e-05,3,0,High,106015.7,34.72403469,3626.96,1031.46327325,-0.4041413266980818,-0.4119264921139809,USDC,1,1,-0.0002999999999999
2025-11-10 04:00:00,0.9998,0.9998,0.9997,0.9997,610895.2727535,0.0002999999999999,-0.0002999999999999,4.643056214896019e-05,4,0,High,106163.4,24.53471141,3618.12,346.58526876,-0.4518347632636583,-0.4442648894085983,USDC,1,1,-0.0002999999999999
2025-11-10 05:00:00,0.9997,0.9998,0.9996,0.9997,1437605.58070322,0.0002999999999999,-0.0002999999999999,4.815434123457658e-05,5,0,High,106050.7,25.182354,3607.35,2280.46000142,-0.481942970009864,-0.4601624636488514,USDC,1,1,-0.0002999999999999
2025-11-10 06:00:00,0.9997,0.9998,0.9996,0.9997,2664742.61062861,0.0002999999999999,-0.0002999999999999,4.945353550501351e-05,6,0,High,106203.7,92.98052809,3604.71,571.43428449,-0.5033619291223547,-0.4664451421751567,USDC,1,1,-0.0001999999999999
2025-11-10 07:00:00,0.9997,0.9999,0.9997,0.9998,7449871.95874374,0.0001999999999999,-0.0001999999999999,4.945353550501351e-05,7,0,High,106416.5,67.20433575,3609.32,2042.45528561,-0.4133624896467691,-0.4023259369134381,USDC,1,1,-0.0001999999999999
2025-11-10 08:00:00,0.9997,0.9999,0.9997,0.9998,6264420.71143579,0.0001999999999999,-0.0001999999999999,4.945353550501351e-05,8,0,High,105920.1,23.1720679,3592.2,937.06156363,-0.3428383884320701,-0.3478169444695508,USDC,1,1,-0.0001999999999999
2025-11-10 09:00:00,0.9998,0.9999,0.9998,0.9998,9911232.0857502,0.0001999999999999,-0.0001999999999999,4.945353550501351e-05,9,0,High,106386.1,77.52319129,3624.01,585.56056089,-0.2552498746367936,-0.2703679692764046,USDC,1,1,-0.0001999999999999
2025-11-10 10:00:00,0.9999,1.0,0.9998,0.9998,4909273.29467718,0.0001999999999999,-0.0001999999999999,4.945353550501351e-05,10,0,High,105994.3,32.20612355,3605.09,487.960908,-0.1757983288125037,-0.1969800571131104,USDC,1,1,-0.0002999999999999
2025-11-10 11:00:00,0.9998,0.9999,0.9997,0.9997,9918510.14493637,0.0002999999999999,-0.0002999999999999,5.0361015518918617e-05,11,0,High,106200.0,12.32105483,3608.13,307.82536742,-0.1644896510871776,-0.1645114979438507,USDC,1,1,-0.0001999999999999
2025-11-10 12:00:00,0.9997,0.9998,0.9997,0.9998,2009870.29990047,0.0001999999999999,-0.0001999999999999,5.0361015518918617e-05,12,0,High,105900.1,37.32646306,3591.14,469.55045508,-0.0657744413970248,-0.0769953232124074,USDC,1,1,-0.0002999999999999
2025-11-10 13:00:00,0.9998,0.9998,0.9997,0.9997,3140537.974222,0.0002999999999999,-0.0002999999999999,5.089773777084688e-05,13,0,High,106500.0,40.83725382,3614.92,690.41190679,-0.0438135578557275,-0.0076836913461742,USDC,1,1,-0.0002999999999999
2025-11-10 14:00:00,0.9998,0.9998,0.9997,0.9997,2143405.60097244,0.0002999999999999,-0.0002999999999999,5.089773777084688e-05,14,0,High,104901.9,210.0361918,3540.4,3786.38499428,-0.1454846905689,-0.0524055088015054,USDC,1,1,-0.0002999999999999
2025-11-10 15:00:00,0.9997,0.9998,0.9997,0.9997,2095514.32813825,0.0002999999999999,-0.0002999999999999,5.1075391846027754e-05,15,0,High,105017.9,114.55555514,3518.72,2216.23925976,-0.057053626129323,0.1180260763197874,USDC,1,1,-0.0001999999999999
2025-11-10 16:00:00,0.9998,0.9998,0.9997,0.9998,4670603.29279667,0.0001999999999999,-0.0001999999999999,5.089773777084688e-05,16,0,High,105208.7,40.9617566,3529.5,1817.36677632,-0.1691085255262759,-0.0258148868704542,USDC,1,1,-9.9999999999989e-05
2025-11-10 17:00:00,0.9998,0.9999,0.9997,0.9999,1787536.68648414,9.9999999999989e-05,-9.9999999999989e-05,5.835920751250542e-05,17,0,High,105944.5,37.41722577,3554.79,1721.76610114,-0.019834446035857,-0.0648473427021145,USDC,1,1,-9.9999999999989e-05
2025-11-10 18:00:00,0.9999,1.0,0.9998,0.9999,1124140.59237402,9.9999999999989e-05,-9.9999999999989e-05,6.370220572726654e-05,18,0,High,105520.0,47.05171776,3532.33,439.23337306,-0.1091146888365606,-0.2809181021221595,USDC,1,1,-0.0001999999999999
2025-11-10 19:00:00,1.0,1.0,0.9998,0.9998,2285536.69322313,0.0001999999999999,-0.0001999999999999,6.370220572726654e-05,19,0,High,105768.1,39.49139363,3557.13,1166.28443858,-0.0783948737173666,-0.2908609972640724,USDC,1,1,-9.9999999999989e-05
2025-11-10 20:00:00,0.9999,0.9999,0.9998,0.9999,1444157.31444617,9.9999999999989e-05,-9.9999999999989e-05,6.902530516878034e-05,20,0,High,106000.7,50.79728822,3571.98,947.22466515,-0.0013270050008309,-0.3032851910591162,USDC,1,1,-9.9999999999989e-05
2025-11-10 21:00:00,0.9998,0.9999,0.9998,0.9999,1334836.07813041,9.9999999999989e-05,-9.9999999999989e-05,7.37209780775469e-05,21,0,High,105589.1,31.33138752,3540.21,1485.8589449,0.0103694788979903,-0.3698205878607232,USDC,1,1,-0.0001999999999999
2025-11-10 22:00:00,0.9998,0.9999,0.9998,0.9998,1485340.59710685,0.0001999999999999,-0.0001999999999999,7.210600087598807e-05,22,0,High,106031.5,42.54510056,3575.01,1070.61703184,-0.0925215526773932,-0.3830888966803319,USDC,1,1,-9.9999999999989e-05
2025-11-10 23:00:00,0.9999,0.9999,0.9998,0.9999,1328696.36533014,9.9999999999989e-05,-9.9999999999989e-05,7.613869876271033e-05,23,0,High,105973.3,20.00994455,3565.64,1838.46649065,-0.0559653701363531,-0.3990661816884597,USDC,1,1,-0.0001999999999999
2025-11-11 00:00:00,0.9999,0.9999,0.9998,0.9998,1326301.9539761,0.0001999999999999,-0.0001999999999999,7.613869876271033e-05,0,1,High,106106.0,16.87358103,3584.99,2723.03781163,-0.0605072924671612,-0.4299930196917908,USDC,1,1,-9.9999999999989e-05
2025-11-11 01:00:00,0.9999,0.9999,0.9998,0.9999,575507.50823259,9.9999999999989e-05,-9.9999999999989e-05,7.974142996066121e-05,1,1,High,106059.9,81.51559155,3579.05,1399.00597896,-0.0311591090669625,-0.4455042999654335,USDC,1,1,-0.0001999999999999
2025-11-11 02:00:00,0.9999,0.9999,0.9998,0.9998,512887.73966495,0.0001999999999999,-0.0001999999999999,7.755316082284736e-05,2,1,High,106655.8,28.34785694,3615.38,594.32245291,-0.0114586805051782,-0.392716885786482,USDC,1,1,-0.0001999999999999
2025-11-11 03:00:00,0.9999,0.9999,0.9998,0.9998,767025.5818685,0.0001999999999999,-0.0001999999999999,7.506036218270835e-05,3,1,High,106470.1,119.09051761,3605.0,630.24726021,0.0009738857625576,-0.3388360600386043,USDC,1,1,-0.0001999999999999
2025-11-11 04:00:00,0.9999,0.9999,0.9998,0.9998,415684.37904935,0.0001999999999999,-0.0001999999999999,7.223151185131239e-05,4,1,High,105703.8,24.2828757,3573.62,698.80947576,0.0287404316726543,-0.2912009360829173,USDC,1,1,-0.0001999999999999
2025-11-11 05:00:00,0.9998,0.9999,0.9998,0.9998,301571.28035129,0.0001999999999999,-0.0001999999999999,6.902530516843219e-05,5,1,High,105273.3,18.12007907,3548.1,757.34054377,0.0483823786769659,-0.2424537836184562,USDC,1,1,-0.0002999999999999
2025-11-11 06:00:00,0.9999,0.9999,0.9997,0.9997,2233075.00507411,0.0002999999999999,-0.0002999999999999,6.902530516843219e-05,6,1,High,105250.1,22.58932105,3556.78,238.61645657,0.1773359504276823,-0.1428001279462392,USDC,1,1,-0.0002999999999999
2025-11-11 07:00:00,0.9998,0.9998,0.9997,0.9997,1201826.63118855,0.0002999999999999,-0.0002999999999999,7.223151185131239e-05,7,1,High,104731.5,49.05352642,3543.67,944.57046901,0.2890354941459533,-0.0763642653952692,USDC,1,1,-0.0001999999999999
2025-11-11 08:00:00,0.9998,0.9998,0.9997,0.9998,1886201.28255406,0.0001999999999999,-0.0001999999999999,7.223151185131239e-05,8,1,High,105125.8,8.22061371,3562.44,157.4637764,0.2799288251589322,-0.0770065663950995,USDC,1,1,-0.0002999999999999
2025-11-11 09:00:00,0.9997,0.9998,0.9997,0.9997,634846.34464164,0.0002999999999999,-0.0002999999999999,7.506036218270835e-05,9,1,High,104950.0,19.44873786,3556.28,551.20101083,0.3461047004626992,-0.0556265121380195,USDC,1,1,-0.0001999999999999
2025-11-11 10:00:00,0.9998,0.9998,0.9997,0.9998,4823541.6156932,0.0001999999999999,-0.0001999999999999,7.506036218270835e-05,10,1,High,105075.5,30.29579984,3560.0,1524.62206561,0.3352850673676752,-0.0619444251062209,USDC,1,1,-0.0002999999999999
2025-11-11 11:00:00,0.9998,0.9998,0.9997,0.9997,2962382.97227543,0.0002999999999999,-0.0002999999999999,7.506036218270835e-05,11,1,High,105230.0,8.91395779,3573.25,530.39571299,0.4369101484073122,0.0103923448387144,USDC,0,1,-0.0001999999999999
2025-11-11 12:00:00,0.9998,0.9998,0.9997,0.9998,2406071.21154251,0.0001999999999999,-0.0001999999999999,7.506036218270835e-05,12,1,High,104510.0,74.12775336,3540.57,1067.59813207,0.4004232372491622,0.0056524889181673,USDC,0,1,-0.0001999999999999
2025-11-11 13:00:00,0.9997,0.9998,0.9997,0.9998,4278049.45756498,0.0001999999999999,-0.0001999999999999,7.223151185131239e-05,13,1,High,104350.1,142.46055354,3529.02,1304.12488922,0.4986508180578913,0.1400834769889186,USDC,0,1,-0.0001999999999999
2025-11-11 14:00:00,0.9998,1.0,0.9997,0.9998,8736415.29516894,0.0001999999999999,-0.0001999999999999,6.902530516843219e-05,14,1,High,104620.0,156.00317588,3531.01,4623.61362179,0.4524347585106639,0.0965915928434077,USDC,0,1,-0.0001999999999999
2025-11-11 15:00:00,0.9999,0.9999,0.9997,0.9998,8962481.65092381,0.0001999999999999,-0.0001999999999999,6.538625481556966e-05,15,1,High,103480.1,140.48263522,3482.54,4288.4570543,0.3728102684225136,-1.00828760647822e-05,USDC,0,1,-0.0002999999999999
2025-11-11 16:00:00,0.9997,0.9998,0.9997,0.9997,1024518.08913122,0.0002999999999999,-0.0002999999999999,6.902530516843219e-05,16,1,High,103341.8,40.53543036,3484.78,2586.66827325,0.4655948565965465,0.1517867353156565,USDC,0,1,-0.0001999999999999
2025-11-11 17:00:00,0.9998,0.9998,0.9997,0.9998,7023505.2275898,0.0001999999999999,-0.0001999999999999,6.593804733941452e-05,17,1,High,103308.1,90.6897101,3473.42,4866.85148184,0.3999203611572302,0.1403301570857541,USDC,0,1,-0.0002999999999999
2025-11-11 18:00:00,0.9998,0.9998,0.9997,0.9997,1296358.99589658,0.0002999999999999,-0.0002999999999999,6.538625481576468e-05,18,1,High,103368.8,27.9754468,3467.85,507.34799549,0.465343380558587,0.2954287841370367,USDC,0,1,-0.0002999999999999
2025-11-11 19:00:00,0.9998,0.9998,0.9997,0.9997,998160.39937288,0.0002999999999999,-0.0002999999999999,6.796738348199614e-05,19,1,High,103105.1,31.54669075,3455.92,396.82110119,0.5188558696596545,0.3749505876673396,USDC,0,1,-0.0001999999999999
2025-11-11 20:00:00,0.9998,0.9998,0.9997,0.9998,1384609.79046278,0.0001999999999999,-0.0001999999999999,6.370220572708947e-05,20,1,High,102700.0,51.49267101,3435.75,1618.09555087,0.4250606327573562,0.2881584545032916,USDC,0,1,-0.0002999999999999
2025-11-11 21:00:00,0.9997,0.9998,0.9997,0.9997,2837521.45936807,0.0002999999999999,-0.0002999999999999,6.079187588755453e-05,21,1,High,102596.4,20.54767685,3417.53,1078.28959194,0.4643847413160689,0.387181494763048,USDC,0,1,-0.0002999999999999
2025-11-11 22:00:00,0.9997,0.9998,0.9997,0.9997,1810445.55265272,0.0002999999999999,-0.0002999999999999,6.240935455724845e-05,22,1,High,102960.1,42.17573562,3428.32,518.10634993,0.4948566326034787,0.4314497214749518,USDC,0,1,-0.0002999999999999
2025-11-11 23:00:00,0.9997,0.9998,0.9997,0.9997,424774.64986336,0.0002999999999999,-0.0002999999999999,5.757792451397262e-05,23,1,High,103011.5,19.10006142,3414.42,362.55142005,0.4821807892406624,0.4618747826138459,USDC,0,1,-0.0002999999999999
2025-11-12 00:00:00,0.9998,0.9998,0.9997,0.9997,1547255.47656123,0.0002999999999999,-0.0002999999999999,5.8359207512498946e-05,0,2,High,102870.1,18.20386017,3415.38,880.43971109,0.4949050685146776,0.4822703505136952,USDC,0,1,-0.0001999999999999
2025-11-12 01:00:00,0.9997,0.9998,0.9997,0.9998,368710.3643294,0.0001999999999999,-0.0001999999999999,5.089773777083018e-05,1,2,High,103205.1,12.55947647,3446.43,553.85141838,0.3716588743768722,0.384856024198516,USDC,0,1,-0.0001999999999999
2025-11-12 02:00:00,0.9998,0.9998,0.9997,0.9998,688163.23099858,0.0001999999999999,-0.0001999999999999,5.089773777083018e-05,2,2,High,103086.3,15.02115789,3425.8,182.27513452,0.2778862338821831,0.2766568629349435,USDC,0,1,-0.0001999999999999
2025-11-12 03:00:00,0.9998,0.9998,0.9997,0.9998,664174.86105948,0.0001999999999999,-0.0001999999999999,5.089773777083018e-05,3,2,High,103254.8,6.08949629,3438.27,110.13355442,0.1835156727991583,0.1786503114441021,USDC,0,1,-0.0002999999999999
2025-11-12 04:00:00,0.9998,0.9998,0.9997,0.9997,606247.70292307,0.0002999999999999,-0.0002999999999999,5.1075391846001855e-05,4,2,High,103148.1,13.05675956,3442.66,243.00025614,0.1527516988270852,0.1623121860593346,USDC,0,1,-0.0002999999999999
2025-11-12 05:00:00,0.9997,0.9998,0.9997,0.9997,730510.860901,0.0002999999999999,-0.0002999999999999,5.089773777093934e-05,5,2,High,103331.9,12.55726219,3448.92,210.72797444,0.1112441670271423,0.1442877479843906,USDC,1,1,-0.0002999999999999
2025-11-12 06:00:00,0.9998,0.9998,0.9997,0.9997,1482551.04412505,0.0002999999999999,-0.0002999999999999,5.089773777093934e-05,6,2,High,103364.1,10.35938993,3439.97,192.49566479,0.204227059508781,0.2323450296669593,USDC,0,1,-0.0001999999999999
2025-11-12 07:00:00,0.9997,0.9998,0.996,0.9998,5300264.93050399,0.0001999999999999,-0.0001999999999999,5.1075391846001855e-05,7,2,High,103117.5,23.618706,3426.24,428.48223293,0.2319701501928852,0.2428986001297519,USDC,0,1,-0.0001999999999999
2025-11-12 08:00:00,0.9998,0.9998,0.9997,0.9998,1688706.64961503,0.0001999999999999,-0.0001999999999999,5.1075391846001855e-05,8,2,High,104140.1,129.43540169,3469.64,568.6034388,0.1943951578640567,0.1805438893585362,USDC,0,1,-0.0002999999999999
2025-11-12 09:00:00,0.9997,0.9998,0.9997,0.9997,3588265.1657303,0.0002999999999999,-0.0002999999999999,5.1075391846001855e-05,9,2,High,104486.4,178.13555222,3483.89,287.12032821,0.22839506374771,0.2586011345587665,USDC,0,1,-0.0002999999999999
2025-11-12 10:00:00,0.9998,0.9998,0.9997,0.9997,4277977.02799216,0.0002999999999999,-0.0002999999999999,5.089773777093934e-05,10,2,High,104880.0,17.46699018,3534.0,441.80742966,0.0696871469013489,0.1189806302943688,USDC,1,1,-0.0002999999999999
2025-11-12 11:00:00,0.9998,0.9998,0.9997,0.9997,3463341.91166289,0.0002999999999999,-0.0002999999999999,5.089773777093934e-05,11,2,High,104994.2,66.75453517,3549.01,638.90005972,0.0847775176515783,0.1474595562068178,USDC,1,1,-0.0002999999999999
2025-11-12 12:00:00,0.9998,0.9998,0.9997,0.9997,1448428.54734297,0.0002999999999999,-0.0002999999999999,5.036101551913136e-05,12,2,High,105019.7,42.2422049,3552.15,907.71079839,-0.0533064036434877,-0.01104442626612,USDC,1,1,-0.0002999999999999
2025-11-12 13:00:00,0.9997,0.9998,0.9997,0.9997,2446865.5703284,0.0002999999999999,-0.0002999999999999,4.945353550535442e-05,13,2,High,105000.1,20.22193262,3577.19,651.31544958,-0.1652175553202071,-0.1591573339381161,USDC,1,1,-0.0001999999999999
2025-11-12 14:00:00,0.9998,0.9998,0.9997,0.9998,5669754.56459926,0.0001999999999999,-0.0001999999999999,4.945353550535442e-05,14,2,High,103900.0,210.22676031,3501.27,4160.82537396,-0.2229944890841306,-0.1989875991245136,USDC,1,1,-0.0001999999999999
2025-11-12 15:00:00,0.9997,1.0,0.9997,0.9998,4120776.21605148,0.0001999999999999,-0.0001999999999999,4.945353550535442e-05,15,2,High,102170.9,204.44693865,3428.92,4373.14500334,-0.29715997006485,-0.2596757427562013,USDC,1,1,-9.9999999999989e-05
2025-11-12 16:00:00,0.9998,0.9999,0.9998,0.9999,1277747.15635856,9.9999999999989e-05,-9.9999999999989e-05,5.882299658799028e-05,16,2,High,101455.6,125.0696624,3398.15,3196.64916224,-0.4844784028709942,-0.3533946398523839,USDC,1,1,-0.0001999999999999
2025-11-12 17:00:00,0.9999,0.9999,0.9997,0.9998,5786376.0751947,0.0001999999999999,-0.0001999999999999,5.882299658799028e-05,17,2,High,101750.1,56.50745725,3429.21,1461.89306183,-0.5172476445574219,-0.3869919594221118,USDC,1,1,-0.0001999999999999
2025-11-12 18:00:00,0.9998,0.9998,0.9997,0.9998,1365497.45498469,0.0001999999999999,-0.0001999999999999,5.8976782462372794e-05,18,2,High,101579.2,60.92130645,3426.0,3502.42454049,-0.5465620702677353,-0.4013206909895661,USDC,1,1,-0.0001999999999999
2025-11-12 19:00:00,0.9997,0.9998,0.9997,0.9998,1997522.05307334,0.0001999999999999,-0.0001999999999999,5.8822996587895826e-05,19,2,High,101279.9,60.45986273,3408.56,1520.64519253,-0.5775836507424776,-0.4287734955375925,USDC,1,1,-0.0002999999999999
2025-11-12 20:00:00,0.9998,0.9998,0.9997,0.9997,1914343.609214,0.0002999999999999,-0.0002999999999999,5.8976782462372794e-05,20,2,High,101520.0,88.77477304,3415.37,1104.73361998,-0.4823043859092485,-0.3795637723983228,USDC,1,1,-0.0001999999999999
2025-11-12 21:00:00,0.9998,0.9998,0.9997,0.9998,3790454.88312625,0.0001999999999999,-0.0001999999999999,5.8822996587895826e-05,21,2,High,101890.0,35.04652059,3422.63,823.37783212,-0.5295646862347491,-0.4327163739925933,USDC,1,1,-0.0002999999999999
2025-11-12 22:00:00,0.9998,0.9998,0.9997,0.9997,1881400.44005433,0.0002999999999999,-0.0002999999999999,5.8822996587895826e-05,22,2,High,101976.8,74.38454178,3420.0,240.23376426,-0.487202116077818,-0.4243204292332519,USDC,1,1,-0.0002999999999999
2025-11-12 23:00:00,0.9997,0.9998,0.9997,0.9997,602545.44504186,0.0002999999999999,-0.0002999999999999,5.8822996587895826e-05,23,2,High,101666.6,44.65851257,3413.51,158.81731762,-0.4307372698024284,-0.4233425088716803,USDC,1,1,-0.0002999999999999
2025-11-13 00:00:00,0.9998,0.9998,0.9997,0.9997,4809302.75353386,0.0002999999999999,-0.0002999999999999,5.8822996587895826e-05,0,3,High,101856.9,74.06370179,3410.76,197.07532566,-0.3911897583070068,-0.4183737725731089,USDC,1,1,-0.0001999999999999
2025-11-13 01:00:00,0.9997,0.9998,0.9997,0.9998,1314390.07451569,0.0001999999999999,-0.0001999999999999,5.8822996587895826e-05,1,3,High,101953.7,38.14053381,3423.73,672.90705684,-0.4188782186219297,-0.4303394870254157,USDC,1,1,-0.0002999999999999
2025-11-13 02:00:00,0.9997,0.9998,0.9997,0.9997,949778.46397203,0.0002999999999999,-0.0002999999999999,5.8976782462372794e-05,2,3,High,102050.1,14.15958699,3433.57,495.74611614,-0.3921691149279104,-0.3962417775122379,USDC,1,1,-0.0002999999999999
2025-11-13 03:00:00,0.9998,0.9998,0.9997,0.9997,314822.85546168,0.0002999999999999,-0.0002999999999999,5.882299658799028e-05,3,3,High,102162.8,66.36907038,3454.0,1340.83976567,-0.3826330444532743,-0.3859686670504788,USDC,1,1,-0.0001999999999999
2025-11-13 04:00:00,0.9998,0.9998,0.9997,0.9998,249902.89017657,0.0001999999999999,-0.0001999999999999,5.8976782462372794e-05,4,3,High,102142.0,19.07528105,3484.64,1406.00927866,-0.3918908933251215,-0.3697750811250292,USDC,1,1,-0.0002999999999999
2025-11-13 05:00:00,0.9997,0.9998,0.9997,0.9997,833654.67890591,0.0002999999999999,-0.0002999999999999,5.8976782462372794e-05,5,3,High,103129.4,46.84493772,3527.83,1851.71388074,-0.3870435172536257,-0.4103875890076416,USDC,1,1,-0.0001999999999999
2025-11-13 06:00:00,0.9998,0.9998,0.9997,0.9998,354737.13367817,0.0001999999999999,-0.0001999999999999,5.8822996587895826e-05,6,3,High,103538.7,64.16510511,3540.05,825.47792381,-0.3515650933158462,-0.3600467796598947,USDC,1,1,-0.0002999999999999
2025-11-13 07:00:00,0.9997,0.9998,0.9997,0.9997,1778473.37781086,0.0002999999999999,-0.0002999999999999,5.8976782462372794e-05,7,3,High,103457.8,23.8729172,3539.25,476.44378898,-0.3753518003418904,-0.374487128566308,USDC,1,1,-0.0001999999999999
2025-11-13 08:00:00,0.9998,0.9998,0.9997,0.9998,760929.39244358,0.0001999999999999,-0.0001999999999999,5.8976782462372794e-05,8,3,High,103650.0,28.59391656,3522.06,238.57637844,-0.3941532643987064,-0.334658090694872,USDC,1,1,-0.0001999999999999
2025-11-13 09:00:00,0.9998,0.9998,0.9997,0.9998,10723992.63443149,0.0001999999999999,-0.0001999999999999,5.8822996587895826e-05,9,3,High,102767.0,84.22936217,3484.5,2205.65561448,-0.3587130001740284,-0.3183572848055986,USDC,1,1,-0.0002999999999999
2025-11-13 10:00:00,0.9998,0.9998,0.9997,0.9997,531202.98968167,0.0002999999999999,-0.0002999999999999,5.8822996587895826e-05,10,3,High,102907.8,23.2872014,3504.23,138.73865335,-0.3171672927710664,-0.303635133716869,USDC,1,1,-0.0001999999999999
2025-11-13 11:00:00,0.9998,0.9998,0.9997,0.9998,3758546.91795319,0.0001999999999999,-0.0001999999999999,5.835920751250327e-05,11,3,High,102923.7,28.92579187,3503.49,103.94809969,-0.2491456819432251,-0.2354624497395127,USDC,1,1,-0.0001999999999999
2025-11-13 12:00:00,0.9998,0.9998,0.9997,0.9998,2837888.11146524,0.0001999999999999,-0.0001999999999999,5.7577924513977e-05,12,3,High,103094.0,17.15555847,3501.1,1001.43066776,-0.1480020570218078,-0.1560146754295568,USDC,1,1,-0.0001999999999999
2025-11-13 13:00:00,0.9997,0.9998,0.9997,0.9998,2588350.73299286,0.0001999999999999,-0.0001999999999999,5.6465970257568315e-05,13,3,High,102300.0,79.19900174,3436.17,2241.54503867,-0.0231103421689124,-0.0717848875118958,USDC,1,1,-0.0001999999999999
2025-11-13 14:00:00,0.9998,0.9998,0.9997,0.9998,1946107.54811636,0.0001999999999999,-0.0001999999999999,5.6465970257568315e-05,14,3,High,102930.0,121.49945917,3444.27,2378.25637437,-0.0600428534158907,-0.104443077802682,USDC,1,1,-0.0002999999999999
2025-11-13 15:00:00,0.9997,0.9998,0.9997,0.9997,3953215.62575785,0.0002999999999999,-0.0002999999999999,5.7577924513977e-05,15,3,High,101390.1,92.93728441,3386.16,4994.61749328,0.0104366656719448,-0.0125871055526109,USDC,1,1,-0.0002999999999999
2025-11-13 16:00:00,0.9997,0.9998,0.9997,0.9997,7453038.85876594,0.0002999999999999,-0.0002999999999999,5.089773777083513e-05,16,3,High,100591.8,105.65941428,3325.0,1761.27637944,0.2430102402843493,0.2305299897200964,USDC,0,1,-0.0002999999999999
2025-11-13 17:00:00,0.9998,0.9998,0.9997,0.9997,8866650.96315523,0.0002999999999999,-0.0002999999999999,5.1075391846006795e-05,17,3,High,99603.3,212.45513697,3253.17,6914.10790416,0.3418092654663916,0.3237259701674088,USDC,0,1,-0.0002999999999999
2025-11-13 18:00:00,0.9997,0.9998,0.9981,0.9997,4072526.6170878,0.0002999999999999,-0.0002999999999999,5.08977377709443e-05,18,3,High,98530.8,462.67977489,3212.27,6010.18727701,0.4127280580596884,0.3867245069965707,USDC,0,1,-0.0003999999999999
2025-11-13 19:00:00,0.9997,0.9998,0.9996,0.9996,10951882.06043038,0.0003999999999999,-0.0003999999999999,5.757792451426815e-05,19,3,High,98640.1,316.87985718,3195.29,2588.56787617,0.5984479273288663,0.5676692874296027,USDC,0,1,-0.0003999999999999
2025-11-13 20:00:00,0.9997,0.9997,0.9996,0.9996,9181528.90649731,0.0003999999999999,-0.0003999999999999,6.370220572762633e-05,20,3,High,98070.0,200.59729042,3169.18,2509.8319952,0.6847388479843108,0.6616295221092071,USDC,0,1,-0.0002999999999999
2025-11-13 21:00:00,0.9997,0.9998,0.9996,0.9997,5170164.37021499,0.0002999999999999,-0.0002999999999999,6.240935455770658e-05,21,3,High,98780.1,89.1436814,3178.19,882.07479415,0.6856234947684393,0.655337751029677,USDC,0,1,-0.0002999999999999
2025-11-13 22:00:00,0.9997,0.9998,0.9997,0.9997,3177064.68452332,0.0002999999999999,-0.0002999999999999,6.240935455770658e-05,22,3,High,99749.6,109.86693287,3224.84,1196.5332894,0.6948032966436324,0.6579469040033539,USDC,0,1,-0.0002999999999999
2025-11-13 23:00:00,0.9998,0.9998,0.9997,0.9997,1079979.06348322,0.0002999999999999,-0.0002999999999999,6.240935455770658e-05,23,3,High,99680.1,96.34785975,3230.34,2436.57518505,0.7010421811585927,0.6635774450857651,USDC,0,1,-0.0002999999999999
2025-11-14 00:00:00,0.9998,0.9998,0.9997,0.9997,357790.97796771,0.0002999999999999,-0.0002999999999999,6.240935455770658e-05,0,4,High,98960.4,130.2080404,3199.01,3660.84255487,0.706104585166934,0.6675972133754983,USDC,0,1,-0.0002999999999999
2025-11-14 01:00:00,0.9998,0.9998,0.9997,0.9997,2682831.50466624,0.0002999999999999,-0.0002999999999999,6.07918758881171e-05,1,4,High,99205.3,71.71564658,3204.91,1674.45520655,0.7113312346159869,0.6707024660217349,USDC,0,1,-0.0001999999999999
2025-11-14 02:00:00,0.9998,0.9998,0.9997,0.9998,2599633.47339245,0.0001999999999999,-0.0001999999999999,6.240935455770658e-05,2,4,High,99607.6,18.94044062,3236.52,733.3009722,0.6515923959650488,0.6050917834568469,USDC,0,1,-0.0001999999999999
2025-11-14 03:00:00,0.9997,0.9998,0.9997,0.9998,311277.49182936,0.0001999999999999,-0.0001999999999999,6.370220572762633e-05,3,4,High,99091.5,24.59226064,3224.0,245.21516728,0.5918682405358504,0.5562150874368708,USDC,0,1,-0.0002999999999999
2025-11-14 04:00:00,0.9997,0.9998,0.9997,0.9997,1503212.21902006,0.0002999999999999,-0.0002999999999999,6.240935455770658e-05,4,4,High,97779.9,256.3164069,3161.18,1609.9020002,0.5826013138365027,0.5413633480213298,USDC,0,1,-0.0002999999999999
2025-11-14 05:00:00,0.9997,0.9998,0.9997,0.9997,2527023.82307908,0.0002999999999999,-0.0002999999999999,6.240935455770658e-05,5,4,High,97469.9,213.37705688,3192.44,1273.2328139,0.6229940801672194,0.5984663237670365,USDC,0,1,-0.0002999999999999
2025-11-14 06:00:00,0.9997,0.9998,0.9997,0.9997,1895380.47273181,0.0002999999999999,-0.0002999999999999,6.07918758881171e-05,6,4,High,97488.0,204.6398504,3220.41,2262.83623234,0.5926738308310661,0.5717095619703123,USDC,0,1,-0.0001999999999999
2025-11-14 07:00:00,0.9998,0.9998,0.9997,0.9998,732959.94015937,0.0001999999999999,-0.0001999999999999,6.240935455770658e-05,7,4,High,97097.4,102.97906054,3213.01,2102.97475524,0.5324256437042756,0.5844147020271999,USDC,0,1,-0.0001999999999999
2025-11-14 08:00:00,0.9997,0.9998,0.9997,0.9998,874473.99164035,0.0001999999999999,-0.0001999999999999,6.240935455770658e-05,8,4,High,97344.6,197.39398468,3205.95,585.35850926,0.3978681126920032,0.4934352505172698,USDC,0,1,-0.0002999999999999
2025-11-14 09:00:00,0.9998,0.9998,0.9996,0.9997,6157701.98061321,0.0002999999999999,-0.0002999999999999,6.07918758881171e-05,9,4,High,96820.1,225.16716306,3154.97,1996.35887657,0.3594531285403194,0.4571745008037291,USDC,0,1,-0.0001999999999999
2025-11-14 10:00:00,0.9998,0.9998,0.9997,0.9998,1180602.03303504,0.0001999999999999,-0.0001999999999999,6.240935455770658e-05,10,4,High,96720.0,59.56469051,3175.32,404.18740084,0.3212296198395165,0.4808390754310124,USDC,0,1,-0.0001999999999999
2025-11-14 11:00:00,0.9997,0.9998,0.9997,0.9998,3007236.45380157,0.0001999999999999,-0.0001999999999999,6.240935455770658e-05,11,4,High,96153.9,162.24961494,3140.75,1092.35643985,0.1562360303361705,0.3506707750810938,USDC,0,1,-0.0002999999999999
2025-11-14 12:00:00,0.9998,0.9998,0.9997,0.9997,3687435.07373883,0.0002999999999999,-0.0002999999999999,6.07918758881171e-05,12,4,High,95277.2,376.9797351,3125.05,13465.91412153,0.0848367724249385,0.280972123839032,USDC,2,1,-0.0002999999999999
2025-11-14 13:00:00,0.9998,0.9998,0.9997,0.9997,4106880.70529808,0.0002999999999999,-0.0002999999999999,5.882299658828206e-05,13,4,High,95149.3,256.16785148,3118.65,4323.08713105,0.0049891596374279,0.1891638655909561,USDC,2,1,-0.0002999999999999
2025-11-14 14:00:00,0.9998,0.9998,0.9997,0.9997,5460961.14507654,0.0002999999999999,-0.0002999999999999,5.646597025816729e-05,14,4,High,96465.2,362.77711514,3197.06,4093.205699,-0.1579687756813133,0.0094403651119424,USDC,2,1,-0.0001999999999999
2025-11-14 15:00:00,0.9997,0.9998,0.9997,0.9998,4406005.23012587,0.0001999999999999,-0.0001999999999999,5.882299658828206e-05,15,4,High,96695.8,158.39299999,3193.09,2166.25282042,-0.1888933629482156,0.0582069279719824,USDC,2,1,-0.0002999999999999
2025-11-14 16:00:00,0.9997,0.9998,0.9997,0.9997,2735806.91278362,0.0002999999999999,-0.0002999999999999,5.882299658828206e-05,16,4,High,96970.1,140.06879296,3230.0,1696.29447846,-0.1620617089807609,0.1138117249378063,USDC,2,1,-0.0002999999999999
2025-11-14 17:00:00,0.9998,0.9998,0.9997,0.9997,4030229.86676549,0.0002999999999999,-0.0002999999999999,5.882299658828206e-05,17,4,High,95770.0,110.69955223,3175.66,2109.09372576,-0.1189444089448978,0.1574069654028886,USDC,2,1,-0.0001999999999999
2025-11-14 18:00:00,0.9998,0.9998,0.9997,0.9998,768863.72051941,0.0001999999999999,-0.0001999999999999,6.07918758881171e-05,18,4,High,94960.0,207.43981135,3167.15,3902.14506457,-0.1949885091304384,0.1256238856194991,USDC,2,1,-0.0001999999999999
2025-11-14 19:00:00,0.9998,0.9998,0.9997,0.9998,4070301.12440722,0.0001999999999999,-0.0001999999999999,5.6465970257969734e-05,19,4,High,95714.4,115.00856841,3206.12,968.52752723,-0.1896483466297813,0.1810426170713547,USDC,2,1,-0.0002999999999999
2025-11-14 20:00:00,0.9997,0.9998,0.9997,0.9997,2987956.44281548,0.0002999999999999,-0.0002999999999999,4.945353550535952e-05,20,4,High,94267.1,160.93240733,3133.02,3750.44422204,-0.0853573086910203,0.1799349796743504,USDC,2,1,-0.0001999999999999
2025-11-14 21:00:00,0.9997,0.9998,0.9997,0.9998,2041211.39532282,0.0001999999999999,-0.0001999999999999,5.036101551913638e-05,21,4,High,95000.0,92.46810699,3165.6,1643.8486899,-0.116283738839603,0.1338404929533643,USDC,2,1,-0.0002999999999999
2025-11-14 22:00:00,0.9998,0.9998,0.9997,0.9997,509597.33805943,0.0002999999999999,-0.0002999999999999,5.036101551913638e-05,22,4,High,95070.1,28.01004219,3154.48,1499.16191439,-0.0143559056185958,0.20771481940696,USDC,2,1,-0.0002999999999999
2025-11-14 23:00:00,0.9997,0.9998,0.9997,0.9997,850601.3660632,0.0002999999999999,-0.0002999999999999,5.036101551913638e-05,23,4,High,94517.3,78.67519298,3109.23,1723.09824774,0.1059267799707266,0.3165466472404901,USDC,2,1,-0.0001999999999999
2025-11-15 00:00:00,0.9997,0.9998,0.9997,0.9998,880776.92818927,0.0001999999999999,-0.0001999999999999,5.089773777093708e-05,0,5,High,95060.0,64.584962,3138.7,546.6346234,0.1196493409042978,0.2780101026074984,USDC,2,1,-0.0001999999999999
2025-11-15 01:00:00,0.9998,0.9998,0.9997,0.9998,1594176.76175132,0.0001999999999999,-0.0001999999999999,5.107539184599034e-05,1,5,High,95568.4,70.24923177,3171.1,313.9346656,0.1839544236783761,0.3064929463331547,USDC,0,1,-0.0001999999999999
2025-11-15 02:00:00,0.9998,0.9998,0.9997,0.9998,733518.78362344,0.0001999999999999,-0.0001999999999999,5.107539184599034e-05,2,5,High,96315.5,62.73431874,3189.0,265.3843156,0.0955398424928579,0.2676970403570538,USDC,2,1,-0.0002999999999999
2025-11-15 03:00:00,0.9998,0.9998,0.9997,0.9997,959474.41100656,0.0002999999999999,-0.0002999999999999,5.089773777093708e-05,3,5,High,96309.9,70.84575539,3177.49,763.74527233,-0.0233429272914236,0.2064955598134515,USDC,2,1,-0.0002999999999999
2025-11-15 04:00:00,0.9997,0.9998,0.9993,0.9997,1194530.52210957,0.0002999999999999,-0.0002999999999999,5.089773777093708e-05,4,5,High,96074.7,28.50261724,3169.9,2624.93919599,0.0448511065032947,0.1965425927470997,USDC,2,1,-0.0002999999999999
2025-11-15 05:00:00,0.9998,0.9998,0.9997,0.9997,738870.9398208,0.0002999999999999,-0.0002999999999999,5.089773777093708e-05,5,5,High,96263.1,25.45813143,3177.05,203.63987889,0.0994034998527585,0.2166773731916617,USDC,2,1,-0.0002999999999999
2025-11-15 06:00:00,0.9998,0.9998,0.9997,0.9997,1972132.86185611,0.0002999999999999,-0.0002999999999999,5.089773777093708e-05,6,5,High,96029.9,299.02726863,3173.64,77.02748236,0.1738274533752443,0.2881088061083529,USDC,0,1,-0.0001999999999999
2025-11-15 07:00:00,0.9997,0.9998,0.9997,0.9998,2695890.77670487,0.0001999999999999,-0.0001999999999999,5.089773777093708e-05,7,5,High,96250.0,18.26167006,3174.2,117.81192598,0.1330531144173882,0.2408965034581831,USDC,2,1,-0.0002999999999999
2025-11-15 08:00:00,0.9998,0.9998,0.9997,0.9997,784416.26699987,0.0002999999999999,-0.0002999999999999,5.036101551913638e-05,8,5,High,95834.9,229.994576,3140.73,1022.42125424,0.0477993751540976,0.2158373636317713,USDC,2,1,-0.0001999999999999
2025-11-15 09:00:00,0.9998,0.9998,0.9997,0.9998,435259.52038658,0.0001999999999999,-0.0001999999999999,5.089773777093708e-05,9,5,High,95780.1,55.76464841,3150.43,158.86269898,0.1036100321894708,0.1761983287992476,USDC,2,1,-0.0002999999999999
2025-11-15 10:00:00,0.9998,0.9998,0.9997,0.9997,552432.37879481,0.0002999999999999,-0.0002999999999999,5.036101551913638e-05,10,5,High,95900.0,23.56058605,3166.47,203.57724129,0.0313246225560668,0.1578618224651697,USDC,2,1,-0.0002999999999999
2025-11-15 11:00:00,0.9998,0.9998,0.9997,0.9997,587665.83740141,0.0002999999999999,-0.0002999999999999,4.945353550535952e-05,11,5,High,95575.5,13.92764335,3149.94,174.45601305,0.0048052140263311,0.2245051745000463,USDC,2,1,-0.0001999999999999
2025-11-15 12:00:00,0.9998,0.9998,0.9997,0.9998,634821.81871697,0.0001999999999999,-0.0001999999999999,5.036101551913638e-05,12,5,High,95728.8,23.40359441,3159.92,177.92912428,-0.0156979069762422,0.1692406977310756,USDC,2,1,-0.0002999999999999
2025-11-15 13:00:00,0.9998,0.9998,0.9997,0.9997,541244.30196907,0.0002999999999999,-0.0002999999999999,5.036101551913638e-05,13,5,High,96287.7,33.68497778,3189.25,401.00989139,-0.0765023498343977,0.0806960120268237,USDC,2,1,-0.0001999999999999
2025-11-15 14:00:00,0.9997,0.9998,0.9997,0.9998,489843.91889555,0.0001999999999999,-0.0001999999999999,5.089773777093708e-05,14,5,High,96196.7,25.66827415,3176.13,727.82162128,-0.0057204658965063,0.1385923411802126,USDC,2,1,-0.0002999999999999
2025-11-15 15:00:00,0.9998,0.9998,0.9997,0.9997,452494.56754685,0.0002999999999999,-0.0002999999999999,5.036101551913638e-05,15,5,High,96216.1,46.36802672,3183.72,135.01249509,-0.105615418814013,0.0687171029831838,USDC,2,1,-0.0001999999999999
2025-11-15 16:00:00,0.9997,0.9998,0.9997,0.9998,378448.20912921,0.0001999999999999,-0.0001999999999999,5.089773777093708e-05,16,5,High,96074.0,108.07368955,3182.63,438.13284332,-0.0051640673270207,0.2269724927167914,USDC,2,1,-0.0002999999999999
2025-11-15 17:00:00,0.9998,0.9998,0.9997,0.9997,744382.55941863,0.0002999999999999,-0.0002999999999999,5.089773777093708e-05,17,5,High,96166.6,49.47321365,3212.91,2000.54194098,-0.0310649449647122,0.1441005229804587,USDC,2,1,-0.0002999999999999
2025-11-15 18:00:00,0.9998,0.9998,0.9997,0.9997,569892.90048395,0.0002999999999999,-0.0002999999999999,5.036101551913638e-05,18,5,High,95985.1,14.71249365,3205.74,311.84828332,0.0164963382928997,0.082191979258382,USDC,2,1,-0.0002999999999999
2025-11-15 19:00:00,0.9998,0.9998,0.9997,0.9997,618223.98800401,0.0002999999999999,-0.0002999999999999,4.945353550535952e-05,19,5,High,95939.8,18.40616031,3196.62,479.15462629,0.0105154453500782,-0.0377749207092167,USDC,2,1,-0.0002999999999999
2025-11-15 20:00:00,0.9997,0.9998,0.9997,0.9997,450661.44312126,0.0002999999999999,-0.0002999999999999,4.945353550535952e-05,20,5,High,95223.0,32.46879736,3169.77,1050.00380763,-0.0509809786605555,-0.0934042190392967,USDC,2,1,-0.0001999999999999
2025-11-15 21:00:00,0.9998,0.9998,0.9997,0.9998,636737.44218509,0.0001999999999999,-0.0001999999999999,4.945353550535952e-05,21,5,High,95180.1,19.06100616,3155.53,786.04323032,-0.0318695922375123,-0.1169256472684866,USDC,2,1,-0.0002999999999999
2025-11-15 22:00:00,0.9998,0.9998,0.9997,0.9997,565489.84556327,0.0002999999999999,-0.0002999999999999,4.945353550535952e-05,22,5,High,95551.6,20.7130343,3169.67,241.13261327,-0.0675805048055795,-0.1403230458580261,USDC,2,1,-0.0001999999999999
2025-11-15 23:00:00,0.9998,0.9998,0.9997,0.9998,152391.08561779,0.0001999999999999,-0.0001999999999999,5.036101551913638e-05,23,5,High,95537.9,15.53725811,3167.37,836.48454644,-0.2468426305130922,-0.2958886903302087,USDC,2,1,-0.0002999999999999
2025-11-16 00:00:00,0.9998,0.9998,0.9997,0.9997,489639.69409587,0.0002999999999999,-0.0002999999999999,4.945353550535952e-05,0,6,High,95380.1,23.5823026,3152.61,678.05372181,-0.0954027108331462,-0.1722619589896834,USDC,2,1,-0.0001999999999999
2025-11-16 01:00:00,0.9997,0.9998,0.9997,0.9998,386473.99398293,0.0001999999999999,-0.0001999999999999,4.945353550535952e-05,1,6,High,95240.1,32.55912434,3150.5,606.91728831,-0.1391597295760154,-0.2288144172716107,USDC,2,1,-0.0002999999999999
2025-11-16 02:00:00,0.9998,0.9998,0.9997,0.9997,451157.13086608,0.0002999999999999,-0.0002999999999999,4.815434123506433e-05,2,6,High,95888.8,20.83022666,3199.17,366.25427387,-0.2222156867285887,-0.3245045789240981,USDC,2,1,-0.0001999999999999
2025-11-16 03:00:00,0.9998,0.9998,0.9997,0.9998,277341.49835401,0.0001999999999999,-0.0001999999999999,4.945353550535952e-05,3,6,High,95766.5,8.55636689,3200.0,544.58079148,-0.1960903789088081,-0.2192196788299122,USDC,2,1,-0.0001999999999999
2025-11-16 04:00:00,0.9997,0.9998,0.9997,0.9998,239878.3779082,0.0001999999999999,-0.0001999999999999,5.036101551913638e-05,4,6,High,95750.0,4.15125088,3191.96,462.81115753,-0.1821274251202395,-0.1731102756985117,USDC,2,1,-0.0001999999999999
2025-11-16 05:00:00,0.9998,0.9998,0.9997,0.9998,278359.96056516,0.0001999999999999,-0.0001999999999999,5.089773777093708e-05,5,6,High,95865.1,17.31547659,3201.66,206.71513166,-0.129054707098098,-0.1003335043586067,USDC,2,1,-0.0002999999999999
2025-11-16 06:00:00,0.9998,0.9998,0.9997,0.9997,412335.6432173,0.0002999999999999,-0.0002999999999999,5.089773777093708e-05,6,6,High,95750.1,11.88466595,3198.77,494.37849336,-0.0968432453688409,-0.1446464819822273,USDC,2,1,-0.0001999999999999
2025-11-16 07:00:00,0.9998,0.9998,0.9997,0.9998,596529.23282681,0.0001999999999999,-0.0001999999999999,5.089773777093708e-05,7,6,High,96000.0,4.37895255,3215.2,338.6760685,-0.1370055435500132,-0.0510766425017506,USDC,2,1,-0.0002999999999999
2025-11-16 08:00:00,0.9998,0.9998,0.9997,0.9997,211199.30285155,0.0002999999999999,-0.0002999999999999,5.089773777093708e-05,8,6,High,96052.9,31.67936081,3215.97,607.83746067,-0.161690954544421,-0.1846610963260712,USDC,2,1,-0.0001999999999999
2025-11-16 09:00:00,0.9997,0.9998,0.9997,0.9998,304411.89910909,0.0001999999999999,-0.0001999999999999,5.089773777093708e-05,9,6,High,96486.0,46.02772186,3244.44,1340.8604067,-0.0545591101068674,0.0105384245123509,USDC,2,1,-0.0002999999999999
2025-11-16 10:00:00,0.9998,0.9998,0.9997,0.9997,598094.5457,0.0002999999999999,-0.0002999999999999,5.089773777093708e-05,10,6,High,96375.2,37.74317594,3234.01,1463.83992899,-0.1025857224426375,-0.0914543071849436,USDC,2,1,-0.0001999999999999
2025-11-16 11:00:00,0.9997,0.9998,0.9997,0.9998,499619.02902612,0.0001999999999999,-0.0001999999999999,5.107539184599034e-05,11,6,High,95550.0,45.24352963,3165.23,2493.54584294,-0.1666383049203756,-0.1980927716825595,USDC,2,1,-0.0001999999999999
2025-11-16 12:00:00,0.9998,0.9998,0.9997,0.9998,846612.0136998,0.0001999999999999,-0.0001999999999999,5.107539184599034e-05,12,6,High,95643.0,151.36196343,3164.65,137.91648542,-0.1758132607636297,-0.1917977718900806,USDC,2,1,-0.0002999999999999
2025-11-16 13:00:00,0.9998,0.9998,0.9997,0.9997,828512.67946157,0.0002999999999999,-0.0002999999999999,5.107539184599034e-05,13,6,High,95396.0,40.09294773,3151.45,729.44935924,-0.0736611744140384,-0.1219188237386202,USDC,2,1,-0.0002999999999999
2025-11-16 14:00:00,0.9998,0.9998,0.9996,0.9997,4192168.29597319,0.0002999999999999,-0.0002999999999999,5.089773777093708e-05,14,6,High,95483.3,15.85261329,3170.55,1047.6892141,-0.0911287925148847,-0.0758160449472514,USDC,2,1,-0.0002999999999999
2025-11-16 15:00:00,0.9997,0.9998,0.9996,0.9997,6665469.38104082,0.0002999999999999,-0.0002999999999999,5.089773777093708e-05,15,6,High,94430.1,84.6222399,3103.03,2370.05414515,0.0833881600973154,0.0368611293017485,USDC,2,1,-0.0001999999999999
2025-11-16 16:00:00,0.9997,0.9998,0.9997,0.9998,2506944.29348087,0.0001999999999999,-0.0001999999999999,5.089773777093708e-05,16,6,High,94154.7,149.00242075,3060.66,5171.8477966,-0.0971517817222047,-0.1110847586165572,USDC,2,1,-0.0001999999999999
2025-11-16 17:00:00,0.9997,0.9998,0.9997,0.9998,1230180.34865648,0.0001999999999999,-0.0001999999999999,5.107539184599034e-05,17,6,High,94290.1,108.84804826,3077.81,2999.20450977,-0.1448371580322554,-0.1643972148236679,USDC,2,1,-0.0002999999999999
2025-11-16 18:00:00,0.9998,0.9998,0.9997,0.9997,1160234.20533875,0.0002999999999999,-0.0002999999999999,5.107539184599034e-05,18,6,High,93950.3,102.00184525,3058.06,2876.83913531,0.0027256764297704,-0.0210640334015858,USDC,2,1,-0.0002999999999999
2025-11-16 19:00:00,0.9998,0.9998,0.9997,0.9997,2408173.22865713,0.0002999999999999,-0.0002999999999999,5.107539184599034e-05,19,6,High,93962.4,80.23801677,3089.17,1361.63765075,0.1197165546142563,0.0679094292299922,USDC,2,1,-0.0001999999999999
2025-11-16 20:00:00,0.9997,0.9998,0.9997,0.9998,741506.14641386,0.0001999999999999,-0.0001999999999999,5.089773777080934e-05,20,6,High,94065.4,54.07154623,3087.42,741.42739791,0.0369411089045107,0.0167667708312711,USDC,2,1,-0.0002999999999999
2025-11-16 21:00:00,0.9997,0.9998,0.9997,0.9997,979713.07872684,0.0002999999999999,-0.0002999999999999,5.107539184599034e-05,21,6,High,93402.9,89.13679644,3070.86,757.18700146,0.1348302685606094,0.0847793828568307,USDC,2,1,-0.0001999999999999
2025-11-16 22:00:00,0.9997,0.9998,0.9997,0.9998,1219142.57753688,0.0001999999999999,-0.0001999999999999,5.089773777080934e-05,22,6,High,94110.3,146.36706632,3088.79,1100.09457371,0.0966427150721824,0.0489540078957154,USDC,2,1,-0.0002999999999999
2025-11-16 23:00:00,0.9998,0.9998,0.9997,0.9997,816334.01415226,0.0002999999999999,-0.0002999999999999,5.107539184599034e-05,23,6,High,94190.1,63.48070681,3093.51,1309.03783914,0.1247204688669865,0.0793138488190354,USDC,2,1,-0.0002999999999999
2025-11-17 00:00:00,0.9998,0.9998,0.9997,0.9997,852971.76957615,0.0002999999999999,-0.0002999999999999,5.107539184599034e-05,0,0,High,95230.0,128.86649787,3133.38,728.18643509,0.1319446052258169,0.0929037940886353,USDC,2,1,-0.0002999999999999
2025-11-17 01:00:00,0.9997,0.9998,0.9997,0.9997,753360.21710821,0.0002999999999999,-0.0002999999999999,5.089773777093708e-05,1,0,High,94742.2,78.09923455,3112.95,478.35171645,0.1427290566416745,0.1142748845710644,USDC,2,1,-0.0002999999999999
2025-11-17 02:00:00,0.9997,0.9998,0.9997,0.9997,1139134.27800522,0.0002999999999999,-0.0002999999999999,5.089773777093708e-05,2,0,High,94912.0,19.08411647,3147.31,643.25285339,0.1878616336249599,0.1505985002888142,USDC,0,1,-0.0001999999999999
2025-11-17 03:00:00,0.9998,0.9998,0.9996,0.9998,1639005.87582128,0.0001999999999999,-0.0001999999999999,5.089773777093708e-05,3,0,High,95399.9,60.68879082,3173.43,333.70671698,0.1706923882086878,0.1316683408225695,USDC,0,1,-0.0002999999999999
2025-11-17 04:00:00,0.9997,0.9998,0.9997,0.9997,578692.44742452,0.0002999999999999,-0.0002999999999999,5.036101551913638e-05,4,0,High,95042.5,20.13612701,3182.22,264.84925589,0.1348730640404052,0.06808706844664,USDC,0,1,-0.0002999999999999
2025-11-17 05:00:00,0.9997,0.9998,0.9997,0.9997,862062.88247087,0.0002999999999999,-0.0002999999999999,4.945353550535952e-05,5,0,High,95090.1,68.80835477,3182.06,608.99357574,0.0832423577432393,-0.0080116537506454,USDC,2,1,-0.0002999999999999
2025-11-17 06:00:00,0.9998,0.9998,0.9997,0.9997,639635.82439445,0.0002999999999999,-0.0002999999999999,4.945353550535952e-05,6,0,High,95205.3,43.99612942,3193.23,373.71320243,0.1060221634653391,-0.004841431404031,USDC,2,1,-0.0002999999999999
2025-11-17 07:00:00,0.9997,0.9998,0.9997,0.9997,329378.88030979,0.0002999999999999,-0.0002999999999999,4.815434123506433e-05,7,0,High,95620.1,51.53309025,3195.93,385.76566739,0.0114639900484064,-0.1120321291623333,USDC,2,1,-0.0001999999999999
2025-11-17 08:00:00,0.9998,0.9998,0.9997,0.9998,5333187.93777175,0.0001999999999999,-0.0001999999999999,4.945353550535952e-05,8,0,High,95543.8,26.68202953,3188.41,256.9689269,0.0978718408205228,-0.0198541736285219,USDC,2,1,-0.0002999999999999
2025-11-17 09:00:00,0.9997,0.9998,0.9997,0.9997,1584465.10361217,0.0002999999999999,-0.0002999999999999,4.815434123506433e-05,9,0,High,95603.5,53.67959885,3192.54,750.47214728,-0.0454425441530367,-0.1741405989130104,USDC,2,1,-0.0002999999999999
2025-11-17 10:00:00,0.9998,0.9998,0.9997,0.9997,3283935.45546991,0.0002999999999999,-0.0002999999999999,4.815434123506433e-05,10,0,High,95570.1,98.63796499,3194.23,259.23461247,-0.013822145819914,-0.1590528213747508,USDC,2,1,-0.0001999999999999
2025-11-17 11:00:00,0.9998,0.9998,0.9997,0.9998,4096501.57854369,0.0001999999999999,-0.0001999999999999,4.815434123506433e-05,11,0,High,95479.9,31.56041265,3201.21,243.31201465,-0.0200297740733565,-0.1113203458580368,USDC,2,1,-0.0002999999999999
2025-11-17 12:00:00,0.9998,0.9998,0.9996,0.9997,6039338.34960793,0.0002999999999999,-0.0002999999999999,4.643056214959838e-05,12,0,High,95226.7,39.80103922,3182.14,268.3701948,-0.1143618067842361,-0.1727868093773463,USDC,2,1,-0.0001999999999999
2025-11-17 13:00:00,0.9998,0.9998,0.9997,0.9998,2128489.97150885,0.0001999999999999,-0.0001999999999999,4.815434123506433e-05,13,0,High,93810.0,126.38591722,3117.54,1032.79094073,-0.172204860582684,-0.1838816964466258,USDC,2,1,-0.0002999999999999
2025-11-17 14:00:00,0.9998,0.9998,0.9997,0.9997,2652978.82033718,0.0002999999999999,-0.0002999999999999,4.815434123506433e-05,14,0,High,94671.5,219.7048028,3149.44,1871.06921316,-0.140231835023621,-0.1728075653070467,USDC,2,1,-0.0002999999999999
2025-11-17 15:00:00,0.9998,0.9998,0.9997,0.9997,4495891.98378387,0.0002999999999999,-0.0002999999999999,4.815434123506433e-05,15,0,High,93826.3,151.83140691,3116.28,1397.29537889,-0.1095663760525208,-0.1818358779645607,USDC,2,1,-0.0002999999999999
2025-11-17 16:00:00,0.9998,0.9998,0.9996,0.9997,4095090.82394197,0.0002999999999999,-0.0002999999999999,4.643056214959838e-05,16,0,High,94210.1,136.12550937,3131.66,1922.57400459,-0.0409829685522938,-0.0893667749256464,USDC,2,1,-0.0001999999999999
2025-11-17 17:00:00,0.9997,1.0001,0.9997,0.9998,29978971.31832093,0.0001999999999999,-0.0001999999999999,4.643056214959838e-05,17,0,High,92690.1,160.39561584,3055.63,1467.83773377,-0.1670863427684499,-0.1167937112190701,USDC,2,1,-0.0002999999999999
2025-11-17 18:00:00,0.9998,0.9998,0.9997,0.9997,2139440.4006029,0.0002999999999999,-0.0002999999999999,4.643056214959838e-05,18,0,High,92460.1,320.22756826,3023.2,4297.33603309,-0.1029606023859457,-0.091798513898859,USDC,2,1,-0.0003999999999999
2025-11-17 19:00:00,0.9998,0.9998,0.9996,0.9996,6975765.23597146,0.0003999999999999,-0.0003999999999999,5.316095330790567e-05,19,0,High,91549.8,313.58105774,2978.68,6388.29802098,0.1963888531749628,0.1834892002832602,USDC,2,1,-0.0002999999999999
2025-11-17 20:00:00,0.9997,0.9998,0.9996,0.9997,20626092.55857977,0.0002999999999999,-0.0002999999999999,5.089773777128151e-05,20,0,High,91860.0,406.75973152,3003.1,4838.67242007,0.246161998639299,0.2593596774527104,USDC,0,1,-0.0002999999999999
2025-11-17 21:00:00,0.9997,0.9997,0.9996,0.9997,2260882.61524516,0.0002999999999999,-0.0002999999999999,5.089773777128151e-05,21,0,High,91830.3,331.85344394,3004.64,2798.14764851,0.2498285024486534,0.2619242823609372,USDC,0,1,-0.0001999999999999
2025-11-17 22:00:00,0.9997,0.9998,0.9996,0.9998,3681208.24462257,0.0001999999999999,-0.0001999999999999,5.089773777128151e-05,22,0,High,92149.1,118.76734789,3019.63,1620.9820787,0.1410681687196157,0.1863920352037588,USDC,2,1,-0.0002999999999999
2025-11-17 23:00:00,0.9998,0.9998,0.9997,0.9997,2008604.96419926,0.0002999999999999,-0.0002999999999999,5.089773777128151e-05,23,0,High,92101.3,108.50332231,3025.5,1731.88006185,0.1600680916579974,0.1962629021835303,USDC,2,1,-0.0001999999999999
2025-11-18 00:00:00,0.9998,0.9998,0.9997,0.9998,830408.53914001,0.0001999999999999,-0.0001999999999999,5.316095330790567e-05,0,1,High,92054.4,97.23569877,3030.48,718.44153114,0.0773098391652974,0.1138399868513918,USDC,2,1,-0.0002999999999999
2025-11-18 01:00:00,0.9997,0.9998,0.9997,0.9997,656692.74544628,0.0002999999999999,-0.0002999999999999,5.316095330790567e-05,1,1,High,91655.6,111.45380304,3015.05,720.36663407,0.114350213496726,0.1349930522781423,USDC,2,1,-0.0002999999999999
2025-11-18 02:00:00,0.9998,0.9998,0.9996,0.9997,3052465.49304501,0.0002999999999999,-0.0002999999999999,5.316095330790567e-05,2,1,High,90740.1,156.96728171,2983.74,1397.98695233,0.1577545037148815,0.1688423909354298,USDC,2,1,-0.0002999999999999
2025-11-18 03:00:00,0.9998,0.9998,0.9996,0.9997,2035042.8615854,0.0002999999999999,-0.0002999999999999,5.089773777128151e-05,3,1,High,90743.9,366.07281439,3022.0,6483.96338927,0.1239121255708868,0.1388819303501561,USDC,2,1,-0.0001999999999999
2025-11-18 04:00:00,0.9996,0.9998,0.9996,0.9998,1602340.56198787,0.0001999999999999,-0.0001999999999999,5.316095330790567e-05,4,1,High,90002.1,254.85391243,3002.72,1426.99505398,0.0113161451284865,0.0821245668596832,USDC,2,1,-0.0002999999999999
2025-11-18 05:00:00,0.9998,0.9998,0.9997,0.9997,2063265.43492107,0.0002999999999999,-0.0002999999999999,5.316095330790567e-05,5,1,High,90125.4,63.71141259,3008.62,589.22953674,0.0637659081512813,0.1250960284994538,USDC,2,1,-0.0002999999999999
2025-11-18 06:00:00,0.9997,0.9998,0.9997,0.9997,3000577.94208456,0.0002999999999999,-0.0002999999999999,5.316095330790567e-05,6,1,High,89538.6,59.91737524,2986.25,964.9354465,0.1192320925567661,0.1777723554367912,USDC,2,1,-0.0002999999999999
2025-11-18 07:00:00,0.9998,0.9998,0.9997,0.9997,3785595.72272333,0.0002999999999999,-0.0002999999999999,5.316095330790567e-05,7,1,High,90380.0,76.7037386,3021.77,1281.91737561,0.1751652461861235,0.2302665800267874,USDC,2,1,-0.0002999999999999
2025-11-18 08:00:00,0.9998,0.9998,0.9997,0.9997,2165066.35505228,0.0002999999999999,-0.0002999999999999,5.089773777128151e-05,8,1,High,91126.8,80.7241705,3057.32,2358.26624127,0.101809255008161,0.1491123321835978,USDC,2,1,-0.0001999999999999
2025-11-18 09:00:00,0.9997,0.9998,0.9997,0.9998,2388495.39530128,0.0001999999999999,-0.0001999999999999,5.316095330790567e-05,9,1,High,91329.3,166.45936108,3057.2,661.1465406,0.0998796142692752,0.185633895903857,USDC,2,1,-0.0002999999999999
2025-11-18 10:00:00,0.9997,0.9998,0.9997,0.9997,1099328.49586246,0.0002999999999999,-0.0002999999999999,5.316095330790567e-05,10,1,High,91485.9,167.52407766,3062.72,669.62662501,0.1586849817910114,0.2462035916620591,USDC,2,1,-0.0001999999999999
2025-11-18 11:00:00,0.9998,0.9998,0.9997,0.9998,2394893.32583823,0.0001999999999999,-0.0001999999999999,5.316095330790567e-05,11,1,High,91410.1,46.78971984,3052.27,247.94876278,0.008267282649057,0.1183676164585,USDC,2,1,-0.0001999999999999
2025-11-18 12:00:00,0.9998,0.9998,0.9997,0.9998,4627392.22181935,0.0001999999999999,-0.0001999999999999,5.5003293709728185e-05,12,1,High,91339.2,99.45387643,3046.38,878.70961365,0.0397880557551219,0.2013104652973197,USDC,2,1,-0.0002999999999999
2025-11-18 13:00:00,0.9998,0.9998,0.9997,0.9997,982212.63155405,0.0002999999999999,-0.0002999999999999,5.316095330790567e-05,13,1,High,91390.0,100.18505169,3045.25,456.55194626,-0.048438204446123,0.1127012129630414,USDC,2,1,-0.0001999999999999
2025-11-18 14:00:00,0.9997,0.9998,0.9997,0.9998,3071578.44481308,0.0001999999999999,-0.0001999999999999,5.5003293709728185e-05,14,1,High,91307.6,162.68902336,3054.79,1394.9042839,-0.0108563877558583,0.2236104897746623,USDC,2,1,-0.0002999999999999
2025-11-18 15:00:00,0.9997,0.9998,0.9996,0.9997,4751027.95209037,0.0002999999999999,-0.0002999999999999,5.5003293709728185e-05,15,1,High,92873.7,278.14022303,3105.12,7167.21408,0.0100756780122126,0.2369654738665865,USDC,2,1,-0.0002999999999999
2025-11-18 16:00:00,0.9997,1.001,0.9996,0.9997,19169369.24186848,0.0002999999999999,-0.0002999999999999,5.5003293709728185e-05,16,1,High,93439.9,282.14555928,3150.13,3988.25332207,0.0299979356156602,0.2118257142090384,USDC,2,1,-0.0001999999999999
2025-11-18 17:00:00,0.9998,1.0,0.9997,0.9998,10947352.48664559,0.0001999999999999,-0.0001999999999999,5.5003293709728185e-05,17,1,High,93186.3,75.653698,3133.74,2256.60199229,0.0577739784673448,0.2884758899607139,USDC,2,1,-0.0001999999999999
2025-11-18 18:00:00,0.9998,0.9999,0.9997,0.9998,10206159.80282111,0.0001999999999999,-0.0001999999999999,5.6465970257969734e-05,18,1,High,93278.5,62.24836881,3159.23,1739.01715052,0.1677492316167893,0.3627893924319557,USDC,0,1,-0.0001999999999999
2025-11-18 19:00:00,0.9998,0.9999,0.9997,0.9998,4612667.44636466,0.0001999999999999,-0.0001999999999999,5.036101551913638e-05,19,1,High,93139.8,76.67760043,3143.41,2739.39458804,0.2561956485336286,0.3373513550624175,USDC,0,1,-0.0002999999999999
2025-11-18 20:00:00,0.9998,0.9998,0.9997,0.9997,3458319.28803262,0.0002999999999999,-0.0002999999999999,5.036101551913638e-05,20,1,High,92785.1,61.82516001,3120.47,2578.53344755,0.2195591709743517,0.2517545950986288,USDC,0,1,-0.0002999999999999
2025-11-18 21:00:00,0.9997,0.9998,0.9997,0.9997,2909134.3142163,0.0002999999999999,-0.0002999999999999,5.036101551913638e-05,21,1,High,92440.0,43.9727423,3097.06,2092.42560544,0.1973543129601821,0.1906042231688536,USDC,2,1,-0.0002999999999999
2025-11-18 22:00:00,0.9998,0.9998,0.9997,0.9997,1792603.42421509,0.0002999999999999,-0.0002999999999999,4.945353550535952e-05,22,1,High,93100.0,56.72258891,3123.0,719.88228607,0.1300629935952409,0.1907466494582855,USDC,2,1,-0.0002999999999999
2025-11-18 23:00:00,0.9998,0.9998,0.9997,0.9997,728680.22553091,0.0002999999999999,-0.0002999999999999,4.945353550535952e-05,23,1,High,92966.1,42.27094917,3122.0,224.16154047,0.1026045500165366,0.1296027611300746,USDC,2,1,-0.0002999999999999
2025-11-19 00:00:00,0.9998,0.9998,0.9997,0.9997,2182902.71936865,0.0002999999999999,-0.0002999999999999,4.815434123506433e-05,0,2,High,92384.5,60.12574706,3099.1,869.90098924,0.0723313596227774,0.1558414286359281,USDC,2,1,-0.0002999999999999
2025-11-19 01:00:00,0.9998,0.9998,0.9997,0.9997,3747409.53092289,0.0002999999999999,-0.0002999999999999,4.815434123506433e-05,1,2,High,92378.1,28.28497525,3102.49,215.08031011,0.0534353605476757,0.1089559497249955,USDC,2,1,-0.0002999999999999
2025-11-19 02:00:00,0.9998,0.9998,0.9997,0.9997,1091831.76513013,0.0002999999999999,-0.0002999999999999,4.815434123506433e-05,2,2,High,92517.1,39.10103426,3112.68,195.90411415,0.008040814350206,0.0381056479562041,USDC,2,1,-0.0002999999999999
2025-11-19 03:00:00,0.9998,0.9998,0.9997,0.9997,29180.67220198,0.0002999999999999,-0.0002999999999999,4.815434123506433e-05,3,2,High,92450.0,0.44402261,3112.92,6.30606564,-0.0367212896422722,-0.0168014349590253,USDC,2,1,-0.0002999999999999
2025-11-19 04:00:00,0.9998,0.9998,0.9997,0.9997,258889.80302103,0.0002999999999999,-0.0002999999999999,4.643056214959838e-05,4,2,High,91417.6,163.13604941,3065.0,2164.66065942,0.091722474872889,0.1058680627739438,USDC,2,1,-0.0002999999999999
2025-11-19 05:00:00,0.9997,0.9998,0.9997,0.9997,717797.55603782,0.0002999999999999,-0.0002999999999999,4.643056214959838e-05,5,2,High,90350.0,301.17253046,3014.79,2039.43106658,0.0873209337674154,0.1031799235327685,USDC,2,1,-0.0001999999999999
2025-11-19 06:00:00,0.9998,0.9998,0.9997,0.9998,4165220.86136323,0.0001999999999999,-0.0001999999999999,4.815434123506433e-05,6,2,High,90924.4,120.54526916,3040.0,759.92116352,-0.0524017084801742,-0.027093118102167,USDC,2,1,-0.0002999999999999
2025-11-19 07:00:00,0.9998,0.9998,0.9997,0.9997,2449200.12579797,0.0002999999999999,-0.0002999999999999,4.815434123506433e-05,7,2,High,91852.2,97.1747273,3082.85,997.90058793,-0.1066622457277524,-0.0751408043906441,USDC,2,1,-0.0001999999999999
2025-11-19 08:00:00,0.9998,0.9998,0.9997,0.9998,2814671.38018064,0.0001999999999999,-0.0001999999999999,4.945353550535952e-05,8,2,High,91418.0,47.06875854,3077.63,222.99562923,-0.1872857011479529,-0.1190840833410983,USDC,2,1,-0.0002999999999999
2025-11-19 09:00:00,0.9997,0.9998,0.9996,0.9997,14471434.2507917,0.0002999999999999,-0.0002999999999999,4.815434123506433e-05,9,2,High,91385.8,153.09666828,3083.77,306.44293356,-0.1112781071489682,-0.06608770597283,USDC,2,1,-0.0002999999999999
2025-11-19 10:00:00,0.9997,0.9997,0.9992,0.9997,5250522.21822248,0.0002999999999999,-0.0002999999999999,4.815434123506433e-05,10,2,High,91259.9,53.75542346,3088.88,723.106736,-0.1024327179904852,-0.0876927814452028,USDC,2,1,-0.0002999999999999
2025-11-19 11:00:00,0.9996,0.9997,0.9996,0.9997,3769750.85612651,0.0002999999999999,-0.0002999999999999,4.643056214959838e-05,11,2,High,91366.0,23.22726969,3080.97,699.45016138,-0.0284348140751075,-0.0112957787851362,USDC,2,1,-0.0002999999999999
2025-11-19 12:00:00,0.9997,0.9997,0.9996,0.9997,3431362.10819778,0.0002999999999999,-0.0002999999999999,4.42325868474185e-05,12,2,High,91701.0,72.14709999,3097.75,507.77181641,0.0483862510854994,0.084247761260243,USDC,2,1,-0.0002999999999999
2025-11-19 13:00:00,0.9997,0.9997,0.9996,0.9997,4296623.25381424,0.0002999999999999,-0.0002999999999999,4.42325868474185e-05,13,2,High,91315.4,51.70055082,3065.22,369.63429546,0.0503311056929005,0.0725687487688268,USDC,2,1,-0.0003999999999999
2025-11-19 14:00:00,0.9997,0.9997,0.9996,0.9996,4674072.30487593,0.0003999999999999,-0.0003999999999999,4.815434123529597e-05,14,2,High,91669.7,67.41475709,3059.18,1207.68866529,0.1765559902095718,0.2764126728981941,USDC,2,1,-0.0001999999999999
2025-11-19 15:00:00,0.9997,0.9998,0.9996,0.9998,5476892.48353898,0.0001999999999999,-0.0001999999999999,5.089773777128151e-05,15,2,High,89881.5,297.83167018,2971.18,5986.47503746,0.0028812090337739,0.0138570442566697,USDC,2,1,-0.0002999999999999
2025-11-19 16:00:00,0.9997,0.9998,0.9996,0.9997,9317665.53854207,0.0002999999999999,-0.0002999999999999,5.089773777128151e-05,16,2,High,89846.9,275.80371931,2948.15,2608.76131839,0.0661617147339151,0.0835223250924866,USDC,2,1,-9.9999999999989e-05
2025-11-19 17:00:00,0.9997,1.0001,0.9996,0.9999,17707514.36734657,9.9999999999989e-05,-9.9999999999989e-05,6.0791875888113986e-05,17,2,High,89444.8,348.22329421,2920.77,3489.01494848,-0.2942046922953668,-0.3317036598415355,USDC,2,1,-0.0001999999999999
2025-11-19 18:00:00,0.9999,1.0,0.9997,0.9998,2472439.27686486,0.0001999999999999,-0.0001999999999999,6.0791875888113986e-05,18,2,High,89135.3,299.07687215,2895.57,4364.56333507,-0.4695710662605982,-0.506335357237429,USDC,2,1,-0.0003999999999999
2025-11-19 19:00:00,0.9998,0.9998,0.9996,0.9996,2880028.8321151,0.0003999999999999,-0.0003999999999999,6.370220572781332e-05,19,2,High,88777.9,507.09761092,2878.16,7939.37525556,-0.3137850117160409,-0.2953038735361195,USDC,2,1,-0.0003999999999999
2025-11-19 20:00:00,0.9997,0.9997,0.9996,0.9996,3510960.31290375,0.0003999999999999,-0.0003999999999999,6.796738348276838e-05,20,2,High,89477.1,293.47439132,2943.68,5206.27295062,-0.1718234614586572,-0.1603361370575495,USDC,2,1,-0.0002999999999999
2025-11-19 21:00:00,0.9997,0.9997,0.9996,0.9997,1615068.77242483,0.0002999999999999,-0.0002999999999999,6.796738348276838e-05,21,2,High,90508.7,218.76457796,2988.74,7117.63735707,-0.1619897877845022,-0.1489419352351325,USDC,2,1,-0.0002999999999999
2025-11-19 22:00:00,0.9997,0.9997,0.9996,0.9997,823459.39807293,0.0002999999999999,-0.0002999999999999,6.796738348276838e-05,22,2,High,90373.2,91.95419055,2981.64,1670.43284259,-0.1521784302762976,-0.1362083195499051,USDC,2,1,-0.0002999999999999
2025-11-19 23:00:00,0.9997,0.9997,0.9996,0.9997,1423273.75212658,0.0002999999999999,-0.0002999999999999,6.796738348276838e-05,23,2,High,91427.7,173.40160508,3022.4,2332.8707115,-0.1507671366205257,-0.1295913123583804,USDC,2,1,-0.0002999999999999
2025-11-20 00:00:00,0.9997,0.9997,0.9996,0.9997,6463419.14794514,0.0002999999999999,-0.0002999999999999,6.796738348276838e-05,0,3,High,91800.1,161.92481793,3016.46,1241.01705039,-0.1501525753007467,-0.1229307385041877,USDC,2,1,-0.0003999999999999
2025-11-20 01:00:00,0.9996,0.9997,0.9996,0.9996,4670814.78667513,0.0003999999999999,-0.0003999999999999,7.172815023643984e-05,1,3,High,92448.9,56.47027267,3041.94,520.15703959,-0.2269491763726879,-0.1279643240413168,USDC,2,1,-0.0002999999999999
2025-11-20 02:00:00,0.9997,0.9997,0.9996,0.9997,665634.3049084,0.0002999999999999,-0.0002999999999999,7.172815023643984e-05,2,3,High,92510.6,78.75594932,3041.31,529.82542436,-0.2270057456854544,-0.1272751674967361,USDC,2,1,-0.0001999999999999
2025-11-20 03:00:00,0.9996,0.9998,0.9996,0.9998,5400201.21855736,0.0001999999999999,-0.0001999999999999,7.408866603526253e-05,3,3,High,92396.4,110.00376383,3037.03,240.88938675,-0.140622874507202,-0.1057399723509876,USDC,2,1,-0.0002999999999999
2025-11-20 04:00:00,0.9997,0.9998,0.9997,0.9997,842325.67245438,0.0002999999999999,-0.0002999999999999,7.408866603526253e-05,4,3,High,92872.5,66.68808197,3051.02,611.77898454,-0.1417204320693713,-0.1047590374872862,USDC,2,1,-0.0001999999999999
2025-11-20 05:00:00,0.9998,0.9999,0.9997,0.9998,7134420.46390788,0.0001999999999999,-0.0001999999999999,7.613869876330684e-05,5,3,High,92532.7,33.21126953,3032.56,1148.89608163,-0.0773297404488083,-0.0913317501504113,USDC,2,1,-0.0002999999999999
2025-11-20 06:00:00,0.9997,0.9998,0.9997,0.9997,461198.86556332,0.0002999999999999,-0.0002999999999999,7.408866603526253e-05,6,3,High,91864.9,35.02704794,3018.1,747.50689708,-0.0760798670082332,-0.1113110455331531,USDC,2,1,-0.0002999999999999
2025-11-20 07:00:00,0.9997,0.9998,0.9997,0.9997,1549564.16212418,0.0002999999999999,-0.0002999999999999,7.408866603526253e-05,7,3,High,92255.1,19.56408681,3037.01,386.59549415,-0.0777014591162002,-0.1083539104886406,USDC,2,1,-0.0002999999999999
2025-11-20 08:00:00,0.9998,0.9998,0.9997,0.9997,1384391.70510703,0.0002999999999999,-0.0002999999999999,7.172815023643984e-05,8,3,High,92000.1,28.20566584,3028.13,158.63119571,-0.0952810317648762,-0.171843989781382,USDC,2,1,-0.0001999999999999
2025-11-20 09:00:00,0.9997,0.9998,0.9997,0.9998,636317.36438955,0.0001999999999999,-0.0001999999999999,7.408866603526253e-05,9,3,High,91795.0,29.00177979,3008.63,500.78975374,-0.0643047413281384,-0.1673340044691367,USDC,2,1,-0.0003999999999999
2025-11-20 10:00:00,0.9998,0.9998,0.9996,0.9996,2772966.792915,0.0003999999999999,-0.0003999999999999,7.755316082361312e-05,10,3,High,91705.0,70.97593227,3011.8,497.3644682,-0.086500033228018,-0.1614503856846982,USDC,2,1,-0.0002999999999999
2025-11-20 11:00:00,0.9997,0.9997,0.9996,0.9997,782322.56022463,0.0002999999999999,-0.0002999999999999,7.755316082361312e-05,11,3,High,91873.0,59.32539572,3021.15,307.04559284,-0.0879313789905405,-0.1625507037553469,USDC,2,1,-0.0002999999999999
2025-11-20 12:00:00,0.9997,0.9997,0.9996,0.9997,4222692.22494456,0.0002999999999999,-0.0002999999999999,7.755316082361312e-05,12,3,High,91767.8,51.0535725,3025.24,1193.34632813,-0.0881013162305819,-0.1669685460767712,USDC,2,1,-0.0002999999999999
2025-11-20 13:00:00,0.9997,0.9997,0.9996,0.9997,2114857.99008033,0.0002999999999999,-0.0002999999999999,7.755316082361312e-05,13,3,High,91471.9,42.21391454,2996.47,2555.91421147,-0.0886373044219841,-0.1665916889241756,USDC,2,1,-0.0002999999999999
2025-11-20 14:00:00,0.9997,0.9997,0.9996,0.9997,2652641.44487819,0.0002999999999999,-0.0002999999999999,7.408866603526253e-05,14,3,High,91008.6,217.50347847,2998.14,1558.67625176,-0.0685074319261425,-0.0968975498789269,USDC,2,1,-0.0003999999999999
2025-11-20 15:00:00,0.9997,0.9997,0.9996,0.9996,7169293.62926115,0.0003999999999999,-0.0003999999999999,7.506036218358406e-05,15,3,High,89755.2,273.87030723,2952.94,1486.8052537,0.0648755654261025,-0.0107190872943288,USDC,2,1,-0.0002999999999999
2025-11-20 16:00:00,0.9996,0.9998,0.9996,0.9997,14422031.54354358,0.0002999999999999,-0.0002999999999999,7.506036218358406e-05,16,3,High,87769.5,845.5303591,2860.71,6276.59270526,0.0608838865705593,-0.0055654455033415,USDC,2,1,-0.0002999999999999
2025-11-20 17:00:00,0.9997,0.9998,0.9997,0.9997,4276276.90972104,0.0002999999999999,-0.0002999999999999,6.240935455812883e-05,17,3,High,87151.5,1228.49613057,2830.97,5359.30472019,0.2087019237977311,0.1493006440454409,USDC,2,1,-0.0002999999999999
2025-11-20 18:00:00,0.9998,0.9998,0.9997,0.9997,2305910.04922835,0.0002999999999999,-0.0002999999999999,5.835920751335097e-05,18,3,High,86438.3,422.84618947,2813.3,3215.21598155,0.2648314195994996,0.2352565267328419,USDC,2,1,-0.0002999999999999
2025-11-20 19:00:00,0.9997,0.9998,0.9996,0.9997,2856011.81296689,0.0002999999999999,-0.0002999999999999,5.500329371019833e-05,19,3,High,86801.0,289.3332926,2844.33,3551.5093585,0.169968360633209,0.1221362058748651,USDC,2,1,-0.0003999999999999
2025-11-20 20:00:00,0.9997,0.9997,0.9996,0.9996,3363575.14220319,0.0003999999999999,-0.0003999999999999,5.500329371019833e-05,20,3,High,86300.0,613.04328449,2833.15,4876.94593384,0.267152348464572,0.220171531454944,USDC,2,1,-0.0003999999999999
2025-11-20 21:00:00,0.9997,0.9997,0.9996,0.9996,1703038.30392655,0.0003999999999999,-0.0003999999999999,5.835920751335097e-05,21,3,High,87199.9,118.93714018,2876.27,3532.85988199,0.3454694370872525,0.2865929790111678,USDC,2,1,-0.0002999999999999
2025-11-20 22:00:00,0.9997,0.9998,0.9996,0.9997,3601330.82296343,0.0002999999999999,-0.0002999999999999,5.835920751335097e-05,22,3,High,87975.8,91.58242122,2883.01,912.35187484,0.3299012449144783,0.2719708721895262,USDC,2,1,-0.0002999999999999
2025-11-20 23:00:00,0.9998,0.9998,0.9997,0.9997,2002612.85289104,0.0002999999999999,-0.0002999999999999,5.835920751335097e-05,23,3,High,86503.0,208.53458259,2830.0,1722.22743799,0.3003506193201803,0.2458624011997646,USDC,2,1,-0.0001999999999999
2025-11-21 00:00:00,0.9998,0.9998,0.9997,0.9998,1277422.08527706,0.0001999999999999,-0.0001999999999999,6.240935455812883e-05,0,4,High,87120.6,157.55718893,2857.76,689.87975451,0.1813617355909879,0.1381049488840914,USDC,2,1,-0.0002999999999999
2025-11-21 01:00:00,0.9997,0.9998,0.9997,0.9997,542355.39455154,0.0002999999999999,-0.0002999999999999,5.8976782463009674e-05,1,4,High,86993.2,76.49935634,2858.81,370.00140622,0.2601154380779839,0.2179453632262557,USDC,2,1,-0.0001999999999999
2025-11-21 02:00:00,0.9997,0.9998,0.9997,0.9998,1673861.04824814,0.0001999999999999,-0.0001999999999999,6.240935455802667e-05,2,4,High,85399.9,218.22921927,2783.63,2587.56130238,0.126824207250996,0.0818079915616464,USDC,2,1,-0.0001999999999999
2025-11-21 03:00:00,0.9998,0.9998,0.9997,0.9998,581048.71233939,0.0001999999999999,-0.0001999999999999,6.240935455802667e-05,3,4,High,85777.0,139.22815095,2806.55,684.99259143,-0.042172321689988,-0.0839156968321988,USDC,2,1,-0.0002999999999999
2025-11-21 04:00:00,0.9997,0.9998,0.9997,0.9997,754491.80614493,0.0002999999999999,-0.0002999999999999,6.240935455802667e-05,4,4,High,85942.4,91.12064909,2816.1,704.93832233,-0.0349934329286191,-0.0776184604752209,USDC,2,1,-0.0002999999999999
2025-11-21 05:00:00,0.9997,0.9998,0.9997,0.9997,507200.81045244,0.0002999999999999,-0.0002999999999999,5.8976782463009674e-05,5,4,High,86047.9,64.60081554,2806.44,368.20183629,-0.1402412290293795,-0.1752984057743599,USDC,2,1,-0.0002999999999999
2025-11-21 06:00:00,0.9997,0.9998,0.9996,0.9997,1909517.54617952,0.0002999999999999,-0.0002999999999999,5.8976782463009674e-05,6,4,High,85500.0,63.12583191,2787.62,1304.83919434,-0.1408990125695907,-0.1751695286497097,USDC,2,1,-0.0001999999999999
2025-11-21 07:00:00,0.9997,0.9999,0.9996,0.9998,6259905.28074938,0.0001999999999999,-0.0001999999999999,6.240935455802667e-05,7,4,High,83929.4,993.21189358,2717.57,9394.52167984,-0.244670831127659,-0.2862861514718571,USDC,2,1,-0.0002999999999999
2025-11-21 08:00:00,0.9998,0.9998,0.9996,0.9997,7552119.05406934,0.0002999999999999,-0.0002999999999999,6.240935455802667e-05,8,4,High,83549.6,427.58236543,2735.23,1530.00184711,-0.2332998040169432,-0.2781961917992265,USDC,2,1,-0.0003999999999999
2025-11-21 09:00:00,0.9996,0.9997,0.9996,0.9996,8351970.85541522,0.0003999999999999,-0.0003999999999999,6.240935455812883e-05,9,4,High,82099.1,511.4833352,2678.42,2472.75303924,-0.1944044683469306,-0.2356150823831031,USDC,2,1,-0.0003999999999999
2025-11-21 10:00:00,0.9996,0.9997,0.9996,0.9996,3471392.7147077,0.0003999999999999,-0.0003999999999999,6.240935455812883e-05,10,4,High,82624.9,342.58637953,2694.35,1507.55907402,0.0313112397710644,-0.0168667783724954,USDC,2,1,-0.0002999999999999
2025-11-21 11:00:00,0.9997,0.9997,0.9996,0.9997,5482279.30205069,0.0002999999999999,-0.0002999999999999,6.240935455812883e-05,11,4,High,82214.4,142.88148827,2684.84,1148.16886024,0.0212213550338122,-0.0275476695676382,USDC,2,1,-0.0003999999999999
2025-11-21 12:00:00,0.9997,0.9997,0.9996,0.9996,4142379.10275132,0.0003999999999999,-0.0003999999999999,6.538625481687501e-05,12,4,High,83167.3,574.26435058,2722.89,3140.40591326,0.0932285936466291,0.0353076949799336,USDC,2,1,-0.0003999999999999
2025-11-21 13:00:00,0.9996,0.9997,0.9996,0.9996,1438627.18855434,0.0003999999999999,-0.0003999999999999,6.79673834830643e-05,13,4,High,84055.9,261.22530148,2738.7,1767.04521912,0.1337060881700662,0.0755210875004817,USDC,2,1,-0.0003999999999999
2025-11-21 14:00:00,0.9997,0.9997,0.9996,0.9996,2485510.39000938,0.0003999999999999,-0.0003999999999999,7.019641181736098e-05,14,4,High,84800.1,429.58234297,2768.78,2736.13634661,0.1492224241722317,0.085662343023951,USDC,2,1,-0.0003999999999999
2025-11-21 15:00:00,0.9996,1.0,0.9996,0.9996,11608414.50020435,0.0003999999999999,-0.0003999999999999,7.019641181736098e-05,15,4,High,82836.6,449.589762,2701.64,2410.29682775,0.3535543323665928,0.2929363909343221,USDC,2,1,-0.0002999999999999
2025-11-21 16:00:00,0.9997,0.9998,0.9997,0.9997,4972815.65011051,0.0002999999999999,-0.0002999999999999,7.019641181736098e-05,16,4,High,84814.7,267.39941873,2759.74,3446.05699923,0.3507082353401695,0.2839252784418389,USDC,2,1,-0.0002999999999999
2025-11-21 17:00:00,0.9997,0.9998,0.9997,0.9997,2122981.99517218,0.0002999999999999,-0.0002999999999999,7.019641181736098e-05,17,4,High,84820.0,377.87895488,2777.4,2558.0498676,0.3463813894663075,0.2785600558136365,USDC,2,1,-0.0001999999999999
2025-11-21 18:00:00,0.9997,0.9998,0.9997,0.9998,2683481.03197338,0.0001999999999999,-0.0001999999999999,7.40886660355336e-05,18,4,High,84517.2,470.72789306,2778.33,2090.69941463,0.3028104537969923,0.2574612689684096,USDC,2,1,-0.0002999999999999
2025-11-21 19:00:00,0.9997,0.9998,0.9997,0.9997,1651545.35752026,0.0002999999999999,-0.0002999999999999,7.40886660355336e-05,19,4,High,84165.1,126.70543496,2750.2,2247.39087953,0.2973517202682164,0.2512776571993071,USDC,2,1,-0.0002999999999999
2025-11-21 20:00:00,0.9998,0.9998,0.9997,0.9997,2441190.31146808,0.0002999999999999,-0.0002999999999999,7.172815023662757e-05,20,4,High,84525.5,131.71980806,2734.83,867.04234586,0.3566431331159874,0.3106056321812896,USDC,2,1,-0.0002999999999999
2025-11-21 21:00:00,0.9998,0.9998,0.9996,0.9997,4983504.44518644,0.0002999999999999,-0.0002999999999999,6.902530516957635e-05,21,4,High,85127.6,139.03568413,2765.22,975.54117964,0.4790747790755941,0.4577681938647613,USDC,2,1,-0.0003999999999999
2025-11-21 22:00:00,0.9997,0.9997,0.9996,0.9996,962324.38749273,0.0003999999999999,-0.0003999999999999,7.172815023662757e-05,22,4,High,84241.1,51.94612882,2720.9,352.53277557,0.5205967716506071,0.5225768358150965,USDC,2,1,-0.0002999999999999
2025-11-21 23:00:00,0.9996,0.9997,0.9996,0.9997,615466.49324941,0.0002999999999999,-0.0002999999999999,7.172815023662757e-05,23,4,High,85069.4,100.66798693,2765.39,327.09238567,0.5359046953424947,0.5383365250246328,USDC,2,1,-0.0003999999999999
2025-11-22 00:00:00,0.9996,0.9997,0.9996,0.9996,10241461.58679155,0.0003999999999999,-0.0003999999999999,7.019641181736099e-05,0,5,High,84687.5,154.38729577,2764.58,389.59891412,0.4433811056351152,0.4405688341903558,USDC,2,1,-0.0002999999999999
2025-11-22 01:00:00,0.9997,0.9997,0.9996,0.9997,708406.2433374,0.0002999999999999,-0.0002999999999999,7.019641181736099e-05,1,5,High,85042.3,110.01096545,2772.66,376.53171406,0.4703434428625416,0.4818529448414566,USDC,2,1,-0.0002999999999999
2025-11-22 02:00:00,0.9997,0.9997,0.9996,0.9997,1095204.21384081,0.0002999999999999,-0.0002999999999999,6.580053301517993e-05,2,5,High,84426.4,31.079987,2751.07,212.11694659,0.4382268481698952,0.4545649538526032,USDC,2,1,-0.0003999999999999
2025-11-22 03:00:00,0.9997,0.9997,0.9996,0.9996,1554683.3750756,0.0003999999999999,-0.0003999999999999,6.240935455841174e-05,3,5,High,84404.4,52.5032618,2751.0,143.04999787,0.3557231670750284,0.3628734023201926,USDC,2,1,-0.0003999999999999
2025-11-22 04:00:00,0.9996,0.9997,0.9996,0.9996,1411578.69314092,0.0003999999999999,-0.0003999999999999,6.370220572840624e-05,4,5,High,84176.5,222.1216545,2745.35,267.62248851,0.3363260701862244,0.344607353853581,USDC,2,1,-0.0002999999999999
2025-11-22 05:00:00,0.9996,0.9997,0.9996,0.9997,807964.90544518,0.0002999999999999,-0.0002999999999999,6.370220572840624e-05,5,5,High,84236.5,53.18327917,2741.56,136.7010316,0.3207599483115117,0.3269148175527752,USDC,2,1,-0.0002999999999999
2025-11-22 06:00:00,0.9997,0.9997,0.9996,0.9997,440292.99890193,0.0002999999999999,-0.0002999999999999,6.370220572840624e-05,6,5,High,84600.1,87.98630605,2764.04,143.02565463,0.3123696887016309,0.3217699491704636,USDC,2,1,-0.0001999999999999
2025-11-22 07:00:00,0.9997,1.0,0.9996,0.9998,4821506.69382258,0.0001999999999999,-0.0001999999999999,6.370220572840624e-05,7,5,High,84525.4,11.76232613,2755.0,180.69487676,0.3719147805284201,0.44324934425168,USDC,2,1,-0.0002999999999999
2025-11-22 08:00:00,0.9997,0.9998,0.9997,0.9997,271232.16992757,0.0002999999999999,-0.0002999999999999,6.370220572840624e-05,8,5,High,83961.6,97.2679517,2729.42,345.98393959,0.385626949129185,0.4373261388498226,USDC,2,1,-0.0002999999999999
2025-11-22 09:00:00,0.9997,0.9998,0.9997,0.9997,432142.92366731,0.0002999999999999,-0.0002999999999999,6.240935455841174e-05,9,5,High,83840.6,102.94548054,2723.28,249.08358848,0.3121328624596097,0.3617163235727814,USDC,2,1,-0.0002999999999999
2025-11-22 10:00:00,0.9998,0.9998,0.9997,0.9997,631260.87909574,0.0002999999999999,-0.0002999999999999,6.079187588874877e-05,10,5,High,83689.5,194.63238323,2711.41,278.08816946,0.2180853889429057,0.2577167263879316,USDC,2,1,-0.0001999999999999
2025-11-22 11:00:00,0.9998,0.9998,0.9997,0.9998,304449.95439042,0.0001999999999999,-0.0001999999999999,6.580053301517993e-05,11,5,High,84046.8,37.70666031,2733.38,304.42078836,0.2744474994586876,0.2713302650259123,USDC,2,1,-0.0002999999999999
2025-11-22 12:00:00,0.9997,0.9998,0.9997,0.9997,353764.42644953,0.0002999999999999,-0.0002999999999999,6.37022057282298e-05,12,5,High,83844.6,84.57057877,2719.67,210.78157152,0.1707779373244297,0.2000207678350175,USDC,2,1,-0.0001999999999999
2025-11-22 13:00:00,0.9998,0.9998,0.9997,0.9998,1851381.90008229,0.0001999999999999,-0.0001999999999999,6.538625481689011e-05,13,5,High,83912.8,59.63210582,2717.27,70.76953966,0.069823586373954,0.0703360619479492,USDC,2,1,-0.0001999999999999
2025-11-22 14:00:00,0.9998,0.9998,0.9997,0.9998,923911.89175438,0.0001999999999999,-0.0001999999999999,6.593804734054487e-05,14,5,High,84431.0,27.10287427,2743.8,236.65972249,0.1394694671674348,0.1343398006733345,USDC,2,1,-0.0001999999999999
2025-11-22 15:00:00,0.9998,0.9998,0.9997,0.9998,703336.24774411,0.0001999999999999,-0.0001999999999999,6.538625481672015e-05,15,5,High,84242.5,27.16176399,2737.59,604.27259342,-0.1006904488949467,-0.0309693824701283,USDC,2,1,-0.0002999999999999
2025-11-22 16:00:00,0.9998,0.9998,0.9997,0.9997,502197.29112871,0.0002999999999999,-0.0002999999999999,6.538625481672015e-05,16,5,High,84677.8,38.47180939,2753.45,630.27898441,-0.1001330103971064,-0.0294215979786389,USDC,2,1,-0.0002999999999999
2025-11-22 17:00:00,0.9998,0.9998,0.9997,0.9997,677740.02098802,0.0002999999999999,-0.0002999999999999,6.538625481672015e-05,17,5,High,84564.9,46.31106426,2749.53,341.83647311,-0.098773715931086,-0.0228879337183931,USDC,2,1,-0.0001999999999999
2025-11-22 18:00:00,0.9998,0.9998,0.9997,0.9998,2551901.16785595,0.0001999999999999,-0.0001999999999999,6.538625481672015e-05,18,5,High,84580.1,24.22275164,2751.11,178.22808802,-0.0886819830612525,-0.1213776118434019,USDC,2,1,-0.0002999999999999
2025-11-22 19:00:00,0.9998,0.9998,0.9997,0.9997,398753.46280594,0.0002999999999999,-0.0002999999999999,6.538625481672015e-05,19,5,High,84555.8,41.06891539,2750.06,178.85565823,-0.0944534368081188,-0.1213482367102349,USDC,2,1,-0.0002999999999999
2025-11-22 20:00:00,0.9997,0.9998,0.9996,0.9997,2631199.81051213,0.0002999999999999,-0.0002999999999999,6.538625481672015e-05,20,5,High,84413.6,21.04063132,2739.4,546.95558952,-0.0931036899225495,-0.1233914886184991,USDC,2,1,-0.0002999999999999
2025-11-22 21:00:00,0.9997,0.9997,0.9996,0.9997,1390674.02711175,0.0002999999999999,-0.0002999999999999,6.538625481672015e-05,21,5,High,84363.1,17.42245305,2745.0,92.98532733,-0.0899171496208936,-0.1211140737314187,USDC,2,1,-0.0002999999999999
2025-11-22 22:00:00,0.9997,0.9997,0.9996,0.9997,947475.75966718,0.0002999999999999,-0.0002999999999999,6.12372435704892e-05,22,5,High,85046.2,39.94301245,2788.09,608.60272544,-0.1295138395548453,-0.2373220294382255,USDC,2,1,-0.0003999999999999
2025-11-22 23:00:00,0.9997,0.9997,0.9996,0.9996,337085.06572217,0.0003999999999999,-0.0003999999999999,6.538625481672786e-05,23,5,High,84679.9,17.39289258,2767.09,235.39060551,-0.1766466811900542,-0.2988281022644776,USDC,2,1,-0.0003999999999999
2025-11-23 00:00:00,0.9997,0.9997,0.9996,0.9996,614239.15008789,0.0003999999999999,-0.0003999999999999,6.538625481672786e-05,0,6,High,84878.9,29.11239065,2771.19,219.13095401,-0.2095718854698789,-0.3190105521678549,USDC,2,1,-0.0002999999999999
2025-11-23 01:00:00,0.9997,0.9997,0.9996,0.9997,4439210.46881263,0.0002999999999999,-0.0002999999999999,6.538625481672786e-05,1,6,High,85802.9,135.9809156,2804.33,358.87958225,-0.1805377759037958,-0.2846433116670021,USDC,2,1,-0.0002999999999999
2025-11-23 02:00:00,0.9997,0.9997,0.9996,0.9997,393150.18822176,0.0002999999999999,-0.0002999999999999,6.538625481672786e-05,2,6,High,85971.2,233.12026406,2818.75,1138.19068915,-0.1630708222709492,-0.2500837206447955,USDC,2,1,-0.0002999999999999
2025-11-23 03:00:00,0.9996,0.9998,0.9996,0.9997,3642079.43541317,0.0002999999999999,-0.0002999999999999,6.12372435704892e-05,3,6,High,86248.8,27.63381573,2822.66,375.22687877,-0.1784137836106643,-0.2520716943665663,USDC,2,1,-0.0002999999999999
2025-11-23 04:00:00,0.9997,0.9998,0.9997,0.9997,1161828.5871338,0.0002999999999999,-0.0002999999999999,5.64659702582655e-05,4,6,High,86532.5,67.59448009,2826.01,999.56637197,-0.2435286831792004,-0.2952787699024744,USDC,2,1,-0.0002999999999999
2025-11-23 05:00:00,0.9997,0.9998,0.9997,0.9997,392158.22301414,0.0002999999999999,-0.0002999999999999,5.64659702582655e-05,5,6,High,86295.8,23.60940972,2823.4,216.86857187,-0.2565755334443638,-0.3042106602192618,USDC,2,1,-0.0002999999999999
2025-11-23 06:00:00,0.9998,0.9998,0.9997,0.9997,812986.67612443,0.0002999999999999,-0.0002999999999999,5.64659702582655e-05,6,6,High,85861.0,45.53100447,2809.6,239.68064383,-0.2663588432861186,-0.3085128452351437,USDC,2,1,-0.0001999999999999
2025-11-23 07:00:00,0.9998,0.9998,0.9997,0.9998,1258917.80674785,0.0001999999999999,-0.0001999999999999,5.64659702582655e-05,7,6,High,85735.5,30.37767875,2792.37,206.97244937,-0.1724621445511764,-0.2407794286973698,USDC,2,1,-0.0002999999999999
2025-11-23 08:00:00,0.9997,0.9998,0.9997,0.9997,901972.94613874,0.0002999999999999,-0.0002999999999999,5.64659702582655e-05,8,6,High,86104.0,23.4697092,2809.91,120.57870008,-0.2001618310389973,-0.265455195405544,USDC,2,1,-0.0002999999999999
2025-11-23 09:00:00,0.9997,0.9998,0.9997,0.9997,508249.10891965,0.0002999999999999,-0.0002999999999999,5.64659702582655e-05,9,6,High,86354.5,37.68466965,2814.95,180.83305156,-0.232538340903411,-0.2963015250308221,USDC,2,1,-0.0003999999999999
2025-11-23 10:00:00,0.9998,0.9998,0.9995,0.9996,4631289.74356342,0.0003999999999999,-0.0003999999999999,6.12372435704892e-05,10,6,High,86048.2,56.21843937,2807.01,151.05642536,-0.3252387833286331,-0.3783755327398183,USDC,2,1,-0.0002999999999999
2025-11-23 11:00:00,0.9997,0.9997,0.9995,0.9997,1058325.12973565,0.0002999999999999,-0.0002999999999999,5.8359207513177846e-05,11,6,High,86241.3,146.54376871,2813.5,99.56730802,-0.2664212102955792,-0.3286126629492126,USDC,2,1,-0.0002999999999999
2025-11-23 12:00:00,0.9997,0.9998,0.9996,0.9997,4877238.09346569,0.0002999999999999,-0.0002999999999999,5.8359207513177846e-05,12,6,High,86491.6,142.09779789,2833.88,491.53235906,-0.2898760299845644,-0.3533100312424563,USDC,2,1,-0.0002999999999999
2025-11-23 13:00:00,0.9997,0.9997,0.9996,0.9997,978376.9545223,0.0002999999999999,-0.0002999999999999,5.500329371013054e-05,13,6,High,86882.1,27.33561145,2842.12,267.02577945,-0.1892138539815062,-0.247005109769013,USDC,2,1,-0.0002999999999999
2025-11-23 14:00:00,0.9997,0.9997,0.9996,0.9997,386197.29159795,0.0002999999999999,-0.0002999999999999,5.1075391846770575e-05,14,6,High,86536.7,69.77932343,2812.86,983.77962738,-0.1031665670720156,-0.1619802884796966,USDC,2,1,-0.0003999999999999
2025-11-23 15:00:00,0.9997,0.9997,0.9996,0.9996,758133.6504427,0.0003999999999999,-0.0003999999999999,5.0361015519890136e-05,15,6,High,87049.2,36.21037167,2835.47,368.80513768,-0.1005066572666391,-0.123614659823867,USDC,2,1,-0.0002999999999999
2025-11-23 16:00:00,0.9996,0.9997,0.9996,0.9997,814016.40348855,0.0002999999999999,-0.0002999999999999,5.0361015519890136e-05,16,6,High,86684.6,62.35034819,2798.72,706.45484226,-0.0841657170820734,-0.11807558774117,USDC,2,1,-0.0002999999999999
2025-11-23 17:00:00,0.9996,0.9997,0.9996,0.9997,378494.57360381,0.0002999999999999,-0.0002999999999999,5.0361015519890136e-05,17,6,High,86699.5,31.46645933,2790.84,528.03126222,-0.0678303548833525,-0.1145022537967844,USDC,2,1,-0.0003999999999999
2025-11-23 18:00:00,0.9997,0.9997,0.9996,0.9996,305728.11493668,0.0003999999999999,-0.0003999999999999,4.815434123581336e-05,18,6,High,86962.5,28.79592509,2807.42,381.11607779,-0.0154444993392591,0.0263946025878282,USDC,2,1,-0.0002999999999999
2025-11-23 19:00:00,0.9997,0.9997,0.9996,0.9997,5700942.66618128,0.0002999999999999,-0.0002999999999999,4.815434123581336e-05,19,6,High,87300.0,79.38761281,2821.18,555.37500024,0.0342251662662771,0.0687238382820504,USDC,2,1,-0.0003999999999999
2025-11-23 20:00:00,0.9996,0.9997,0.9996,0.9996,1777851.81586787,0.0003999999999999,-0.0003999999999999,5.089773777186387e-05,20,6,High,87472.4,236.10385354,2826.92,426.68890127,-0.0503254456357136,0.0574239744942111,USDC,2,1,-0.0002999999999999
2025-11-23 21:00:00,0.9997,0.9997,0.9996,0.9997,2596219.78029297,0.0002999999999999,-0.0002999999999999,5.089773777186387e-05,21,6,High,87958.9,116.81511379,2841.85,819.88775696,0.0302636777493896,0.1537905004369257,USDC,2,1,-0.0002999999999999
2025-11-23 22:00:00,0.9997,0.9997,0.9996,0.9997,947613.74322342,0.0002999999999999,-0.0002999999999999,5.089773777186387e-05,22,6,High,87967.8,54.27026732,2836.65,1173.56103745,0.0943679685472244,0.1977937132347918,USDC,2,1,-0.0002999999999999
2025-11-23 23:00:00,0.9997,0.9997,0.9996,0.9997,1305212.282529,0.0002999999999999,-0.0002999999999999,4.815434123581336e-05,23,6,High,86777.4,334.85691253,2801.0,784.09712589,-0.0677618359699052,0.0249451332438295,USDC,2,1,-0.0002999999999999
2025-11-24 00:00:00,0.9997,0.9997,0.9996,0.9997,687673.78267455,0.0002999999999999,-0.0002999999999999,4.484272031621667e-05,0,0,High,86703.7,304.3680897,2787.29,734.19536166,-0.3085712072391248,-0.2275341561597814,USDC,2,1,-0.0002999999999999
2025-11-24 01:00:00,0.9996,0.9997,0.9996,0.9997,519480.53657768,0.0002999999999999,-0.0002999999999999,4.484272031621667e-05,1,0,High,87007.6,115.21077647,2804.99,192.69641653,-0.2944398631038489,-0.2273188962912319,USDC,2,1,-0.0002999999999999
2025-11-24 02:00:00,0.9996,0.9997,0.9996,0.9997,984492.35937349,0.0002999999999999,-0.0002999999999999,4.484272031621667e-05,2,0,High,87450.0,69.89351194,2837.62,1197.35383922,-0.2635366082629842,-0.2049156802848707,USDC,2,1,-0.0002999999999999
2025-11-24 03:00:00,0.9997,0.9997,0.9996,0.9997,558520.30536818,0.0002999999999999,-0.0002999999999999,4.484272031621667e-05,3,0,High,87433.6,43.65687985,2856.34,288.12121913,-0.236392927702239,-0.1615691698835789,USDC,2,1,-0.0002999999999999
2025-11-24 04:00:00,0.9996,0.9997,0.9996,0.9997,647653.14158774,0.0002999999999999,-0.0002999999999999,4.484272031621667e-05,4,0,High,86699.3,60.89788213,2823.85,233.12195231,-0.2337999103612437,-0.1633218615308561,USDC,2,1,-0.0002999999999999
2025-11-24 05:00:00,0.9996,0.9997,0.9996,0.9997,2499538.73005284,0.0002999999999999,-0.0002999999999999,4.484272031621667e-05,5,0,High,87435.8,56.64894467,2865.39,623.99264777,-0.2091780466990846,-0.1196574707622502,USDC,2,1,-0.0003999999999999
2025-11-24 06:00:00,0.9996,0.9997,0.9996,0.9996,636362.75354203,0.0003999999999999,-0.0003999999999999,4.815434123581336e-05,6,0,High,86869.4,26.02005904,2837.21,236.21538438,-0.1871143693249746,-0.1665833974579316,USDC,2,1,-0.0002999999999999
2025-11-24 07:00:00,0.9997,0.9997,0.9996,0.9997,846084.563623,0.0002999999999999,-0.0002999999999999,4.148511170169983e-05,7,0,High,86997.2,22.30559512,2828.68,202.31563568,0.0419160268045425,-0.0127798809151769,USDC,2,1,-0.0001999999999999
2025-11-24 08:00:00,0.9997,0.9998,0.9996,0.9998,6499333.70682027,0.0001999999999999,-0.0001999999999999,4.815434123581336e-05,8,0,High,86932.5,44.51782274,2839.14,158.21219043,0.0656782216105889,0.0865855504679256,USDC,2,1,-0.0001999999999999
2025-11-24 09:00:00,0.9997,1.0,0.9997,0.9998,22706130.98209515,0.0001999999999999,-0.0001999999999999,5.36696821562264e-05,9,0,High,85915.8,75.16806258,2796.37,388.04317145,-0.1148520649122693,-0.039906601790189,USDC,2,1,-0.0002999999999999
2025-11-24 10:00:00,0.9998,0.9999,0.9997,0.9997,3155495.46823526,0.0002999999999999,-0.0002999999999999,5.036101551990974e-05,10,0,High,86040.9,51.84208461,2798.81,1307.03650126,-0.2696737453197321,-0.1090794949233657,USDC,2,1,-0.0001999999999999
2025-11-24 11:00:00,0.9998,0.9998,0.9997,0.9998,1436431.19940862,0.0001999999999999,-0.0001999999999999,5.500329371025199e-05,11,0,High,86217.2,25.35819649,2802.73,138.16497097,-0.3553124166859076,-0.1727578868760353,USDC,2,1,-0.0002999999999999
2025-11-24 12:00:00,0.9997,0.9998,0.9996,0.9997,8531106.25538792,0.0002999999999999,-0.0002999999999999,5.500329371025199e-05,12,0,High,85973.5,32.7467035,2802.28,749.61682776,-0.3397002297778991,-0.175921647324068,USDC,2,1,-0.0002999999999999
2025-11-24 13:00:00,0.9997,0.9998,0.9996,0.9997,4694980.45503457,0.0002999999999999,-0.0002999999999999,5.500329371025199e-05,13,0,High,86090.7,40.22600666,2813.87,730.99945975,-0.3294262668739799,-0.1840992957655632,USDC,2,1,-0.0001999999999999
2025-11-24 14:00:00,0.9997,0.9999,0.9997,0.9998,5759772.95656027,0.0001999999999999,-0.0001999999999999,5.897678246308341e-05,14,0,High,86042.0,161.48038587,2828.33,935.59631895,-0.3997889818147683,-0.1407017376801473,USDC,2,1,-0.0002999999999999
2025-11-24 15:00:00,0.9997,0.9998,0.9997,0.9997,3280956.58889776,0.0002999999999999,-0.0002999999999999,5.500329371020024e-05,15,0,High,86562.6,90.91959122,2844.29,2335.03227012,-0.4001567547621474,-0.0934481683249379,USDC,2,1,-9.9999999999989e-05
2025-11-24 16:00:00,0.9998,0.9999,0.9997,0.9999,5193383.87945582,9.9999999999989e-05,-9.9999999999989e-05,6.796738348293002e-05,16,0,High,87212.2,161.73328623,2858.58,1250.29115771,-0.2503037447537292,0.1236400342119282,USDC,2,1,-0.0002999999999999
2025-11-24 17:00:00,0.9998,1.0,0.9997,0.9997,4409067.67872413,0.0002999999999999,-0.0002999999999999,6.796738348293002e-05,17,0,High,88343.4,219.80749411,2940.13,3333.34766329,-0.2438816388424796,0.0494082873779207,USDC,2,1,-0.0002999999999999
2025-11-24 18:00:00,0.9997,0.9998,0.9996,0.9997,3442239.73836008,0.0002999999999999,-0.0002999999999999,6.370220572801546e-05,18,0,High,88698.4,266.19806569,2955.52,2718.89522478,-0.2524927749552721,-0.0368605337102839,USDC,2,1,-0.0002999999999999
2025-11-24 19:00:00,0.9997,0.9997,0.9996,0.9997,3188202.52741623,0.0002999999999999,-0.0002999999999999,6.370220572801546e-05,19,0,High,88310.2,115.11812085,2958.0,1145.87846953,-0.2530974750222012,-0.0642426543381006,USDC,2,1,-0.0002999999999999
2025-11-24 20:00:00,0.9997,0.9997,0.9996,0.9997,8260317.42155657,0.0002999999999999,-0.0002999999999999,5.882299658853794e-05,20,0,High,89137.6,91.65819351,2974.33,813.4135692,-0.2366389939362659,-0.1212842120825664,USDC,2,1,-0.0002999999999999
2025-11-24 21:00:00,0.9997,0.9997,0.9996,0.9997,5417089.43973382,0.0002999999999999,-0.0002999999999999,5.882299658853794e-05,21,0,High,88783.3,89.31651029,2958.56,1504.85647717,-0.2381599462836594,-0.1424316693370427,USDC,2,1,-0.0002999999999999
2025-11-24 22:00:00,0.9997,0.9997,0.9996,0.9997,3242150.42091489,0.0002999999999999,-0.0002999999999999,5.882299658853794e-05,22,0,High,88646.6,47.81944977,2960.96,456.5911718,-0.2403940407428182,-0.1639804621862214,USDC,2,1,-0.0002999999999999
2025-11-24 23:00:00,0.9997,0.9997,0.9996,0.9997,2446841.31858339,0.0002999999999999,-0.0002999999999999,5.882299658853794e-05,23,0,High,88275.0,53.03642049,2951.88,672.22636066,-0.2582738387828528,-0.195734925464224,USDC,2,1,-0.0002999999999999
2025-11-25 00:00:00,0.9997,0.9997,0.9996,0.9997,1062819.63843378,0.0002999999999999,-0.0002999999999999,5.882299658853794e-05,0,1,High,88072.5,64.17305441,2942.79,1033.21139345,-0.2771697376622221,-0.2334298662470695,USDC,2,1,-0.0002999999999999
2025-11-25 01:00:00,0.9997,0.9997,0.9996,0.9997,740626.83752675,0.0002999999999999,-0.0002999999999999,5.882299658853794e-05,1,1,High,87741.6,46.35012312,2919.01,900.85791172,-0.2877042788115003,-0.263957474154966,USDC,2,1,-0.0002999999999999
2025-11-25 02:00:00,0.9997,0.9997,0.9996,0.9997,872230.03376761,0.0002999999999999,-0.0002999999999999,5.882299658853794e-05,2,1,High,87886.3,44.79667168,2929.29,847.56773497,-0.292525504153393,-0.2842435527740627,USDC,2,1,-0.0002999999999999
2025-11-25 03:00:00,0.9997,0.9997,0.9996,0.9997,2103360.01872087,0.0002999999999999,-0.0002999999999999,5.882299658853794e-05,3,1,High,87735.1,17.17082195,2911.31,416.38719952,-0.2961911348913989,-0.2967468758715966,USDC,2,1,-0.0003999999999999
2025-11-25 04:00:00,0.9996,0.9997,0.9996,0.9996,580481.99068646,0.0003999999999999,-0.0003999999999999,6.370220572801546e-05,4,1,High,88339.0,54.89028356,2938.16,638.2916176,-0.3534614412142736,-0.3560776821237621,USDC,2,1,-0.0002999999999999
2025-11-25 05:00:00,0.9996,0.9997,0.9996,0.9997,592108.94992057,0.0002999999999999,-0.0002999999999999,6.370220572801546e-05,5,1,High,88075.1,40.64997579,2929.94,194.36325158,-0.3575738730499013,-0.3648865270335558,USDC,2,1,-0.0003999999999999
2025-11-25 06:00:00,0.9997,0.9997,0.9996,0.9996,710099.64290527,0.0003999999999999,-0.0003999999999999,6.370220572801546e-05,6,1,High,87991.2,29.93710668,2923.9,88.95674768,-0.4437014217548386,-0.4760043993278409,USDC,2,1,-0.0002999999999999
2025-11-25 07:00:00,0.9997,0.9997,0.9996,0.9997,1861191.82638474,0.0002999999999999,-0.0002999999999999,6.370220572801546e-05,7,1,High,87396.6,115.60330355,2902.94,327.16502927,-0.450279851845739,-0.500260712304478,USDC,2,1,-0.0002999999999999
2025-11-25 08:00:00,0.9997,0.9997,0.9996,0.9997,957997.27166995,0.0002999999999999,-0.0002999999999999,6.123724357059864e-05,8,1,High,87000.2,159.41247728,2871.57,992.79244448,-0.4297327305965542,-0.4684096284622897,USDC,2,1,-0.0003999999999999
2025-11-25 09:00:00,0.9996,0.9997,0.9996,0.9996,1825332.34231208,0.0003999999999999,-0.0003999999999999,6.240935455813827e-05,9,1,High,87195.7,95.70952501,2891.17,258.0757522,-0.3123227021848398,-0.3675749978122868,USDC,2,1,-0.0002999999999999
2025-11-25 10:00:00,0.9997,0.9997,0.9996,0.9997,1088726.73640446,0.0002999999999999,-0.0002999999999999,6.240935455813827e-05,10,1,High,87400.0,33.24547123,2898.37,334.9895178,-0.3348128067945199,-0.4015506470524435,USDC,2,1,-0.0002999999999999
2025-11-25 11:00:00,0.9997,0.9997,0.9996,0.9997,2879301.50553919,0.0002999999999999,-0.0002999999999999,5.897678246309979e-05,11,1,High,87336.0,47.31986228,2890.75,179.20522154,-0.2552616565633998,-0.3108495458439186,USDC,2,1,-0.0002999999999999
2025-11-25 12:00:00,0.9997,0.9997,0.9996,0.9997,1369849.42227279,0.0002999999999999,-0.0002999999999999,5.897678246309979e-05,12,1,High,87506.9,26.15134279,2926.2,4256.0962581,-0.2794167048104352,-0.3489509813531909,USDC,2,1,-0.0001999999999999
2025-11-25 13:00:00,0.9997,0.9998,0.9996,0.9998,16848303.39332392,0.0001999999999999,-0.0001999999999999,6.240935455813827e-05,13,1,High,87040.3,62.79753375,2905.51,924.50208454,-0.3559770019624564,-0.3967908418453807,USDC,2,1,-0.0003999999999999
2025-11-25 14:00:00,0.9998,0.9998,0.9996,0.9996,4150523.5040869,0.0003999999999999,-0.0003999999999999,6.24093545581837e-05,14,1,High,86747.0,133.64762905,2880.75,1769.10800942,-0.1017851916170699,-0.1855086020621803,USDC,2,1,-0.0002999999999999
2025-11-25 15:00:00,0.9997,0.9997,0.9996,0.9997,3795606.6736022,0.0002999999999999,-0.0002999999999999,6.24093545581837e-05,15,1,High,86934.8,99.66976188,2893.88,1449.13282655,-0.1041345803246895,-0.2009105340591773,USDC,2,1,-0.0002999999999999
2025-11-25 16:00:00,0.9996,0.9997,0.9996,0.9997,2388830.6625825,0.0002999999999999,-0.0002999999999999,4.484272031623446e-05,16,1,High,87094.1,94.74856975,2929.11,613.10016688,0.0333896490473028,0.1532273530714875,USDC,2,1,-0.0002999999999999
2025-11-25 17:00:00,0.9996,0.9997,0.9996,0.9997,2038748.37369779,0.0002999999999999,-0.0002999999999999,4.484272031623446e-05,17,1,High,87601.1,151.66265636,2936.3,1200.39458097,0.0200652531825705,0.1520258257237415,USDC,2,1,-0.0002999999999999
2025-11-25 18:00:00,0.9997,0.9997,0.9996,0.9997,2076506.69152429,0.0002999999999999,-0.0002999999999999,4.484272031623446e-05,18,1,High,87200.1,86.51926353,2922.9,817.54513092,-0.0079071126065238,0.1420229714044057,USDC,2,1,-0.0003999999999999
2025-11-25 19:00:00,0.9996,0.9997,0.9996,0.9996,1263587.89880663,0.0003999999999999,-0.0003999999999999,4.81543412358103e-05,19,1,High,86861.5,83.18457258,2921.18,1162.1064784,0.0799418100919399,0.1220577479859436,USDC,2,1,-0.0002999999999999
2025-11-25 20:00:00,0.9997,0.9997,0.9995,0.9997,11237225.9927867,0.0002999999999999,-0.0002999999999999,4.81543412358103e-05,20,1,High,87394.7,44.24954004,2929.41,932.62631529,0.0448730781681625,0.1062673513001602,USDC,2,1,-0.0002999999999999
2025-11-25 21:00:00,0.9996,0.9997,0.9996,0.9997,2731653.47721798,0.0002999999999999,-0.0002999999999999,4.81543412358103e-05,21,1,High,87000.0,31.118504,2931.41,687.19490874,-0.0027025593120203,0.094386125206243,USDC,2,1,-0.0003999999999999
2025-11-25 22:00:00,0.9997,0.9997,0.9996,0.9996,1930111.34813159,0.0003999999999999,-0.0003999999999999,5.08977377718424e-05,22,1,High,87636.1,36.19217462,2969.15,1012.00211706,-0.0634209722881362,-0.0947336741317413,USDC,2,1,-0.0002999999999999
2025-11-25 23:00:00,0.9997,0.9997,0.9996,0.9997,3478773.0753177,0.0002999999999999,-0.0002999999999999,5.08977377718424e-05,23,1,High,87326.3,47.22555257,2959.04,1098.0420548,-0.1074097570732201,-0.0873957644621364,USDC,2,1,-0.0002999999999999
2025-11-26 00:00:00,0.9997,0.9997,0.9996,0.9997,618883.42137573,0.0002999999999999,-0.0002999999999999,5.08977377718424e-05,0,2,High,87532.5,20.13846148,2953.36,458.07654591,-0.1364676155009062,-0.0776236009110625,USDC,2,1,-0.0002999999999999
2025-11-26 01:00:00,0.9996,0.9997,0.9996,0.9997,2494474.2908683,0.0002999999999999,-0.0002999999999999,5.08977377718424e-05,1,2,High,87883.0,66.87989946,2968.34,985.31118781,-0.1284577675527424,-0.0382436929475213,USDC,2,1,-0.0003999999999999
2025-11-26 02:00:00,0.9997,0.9997,0.9996,0.9996,1271806.763298,0.0003999999999999,-0.0003999999999999,5.316095330851026e-05,2,2,High,87673.9,22.56732793,2955.67,258.59468514,-0.1869866774720576,-0.1189552336927907,USDC,2,1,-0.0003999999999999
2025-11-26 03:00:00,0.9997,0.9997,0.9996,0.9996,853493.74138144,0.0003999999999999,-0.0003999999999999,5.500329371038012e-05,3,2,High,87089.2,52.91306958,2926.16,640.35988833,-0.1548071905653822,-0.1133814015599558,USDC,2,1,-0.0003999999999999
2025-11-26 04:00:00,0.9996,0.9997,0.9996,0.9996,639985.40687106,0.0003999999999999,-0.0003999999999999,5.500329371038012e-05,4,2,High,87202.5,45.48029837,2931.22,579.51384541,0.0025113689117324,-0.0994647590406279,USDC,2,1,-0.0002999999999999
2025-11-26 05:00:00,0.9996,0.9997,0.9996,0.9997,731530.55527915,0.0002999999999999,-0.0002999999999999,5.500329371038012e-05,5,2,High,87464.8,22.78724169,2942.58,123.72741979,-0.0416328638296296,-0.0877373155448316,USDC,2,1,-0.0002999999999999
2025-11-26 06:00:00,0.9997,0.9997,0.9996,0.9997,402515.88949986,0.0002999999999999,-0.0002999999999999,5.316095330851026e-05,6,2,High,87769.4,22.58232795,2946.4,482.87332195,0.1248298421527633,-0.0711532403673291,USDC,2,1,-0.0003999999999999
2025-11-26 07:00:00,0.9997,0.9997,0.9996,0.9996,2999682.47567095,0.0003999999999999,-0.0003999999999999,5.500329371038012e-05,7,2,High,87900.0,34.93342523,2941.87,170.38859101,0.0015969328201433,-0.0871280902281614,USDC,2,1,-0.0002999999999999
2025-11-26 08:00:00,0.9996,0.9997,0.9996,0.9997,1890171.39209269,0.0002999999999999,-0.0002999999999999,5.500329371038012e-05,8,2,High,87394.8,12.77570048,2912.55,310.02153118,0.0305079244815595,-0.0575671826407428,USDC,2,1,-0.0002999999999999
2025-11-26 09:00:00,0.9996,0.9997,0.9996,0.9997,1908561.16958458,0.0002999999999999,-0.0002999999999999,5.316095330851026e-05,9,2,High,86788.7,31.22970455,2904.44,302.59654249,-0.0307574105096438,-0.1729041624669718,USDC,2,1,-0.0002999999999999
2025-11-26 10:00:00,0.9997,0.9997,0.9996,0.9997,2518579.6900759,0.0002999999999999,-0.0002999999999999,5.316095330851026e-05,10,2,High,86941.0,19.60823979,2913.26,110.34278368,-0.0574220411227801,-0.1645176531220829,USDC,2,1,-0.0001999999999999
2025-11-26 11:00:00,0.9997,0.9998,0.9996,0.9998,3901107.31775071,0.0001999999999999,-0.0001999999999999,5.882299658876738e-05,11,2,High,87069.7,12.48371668,2914.0,512.31910206,-0.1136192153190101,-0.1892105072131805,USDC,2,1,-9.9999999999989e-05
2025-11-26 12:00:00,0.9998,0.9999,0.9996,0.9999,9934337.59359604,9.9999999999989e-05,-9.9999999999989e-05,7.408866603552877e-05,12,2,High,86637.1,78.86665314,2901.52,620.83307446,-0.3122894728582417,-0.2961640357135158,USDC,2,1,-0.0002999999999999
2025-11-26 13:00:00,0.9999,0.9999,0.9997,0.9997,5031734.39259871,0.0002999999999999,-0.0002999999999999,7.019641181732837e-05,13,2,High,87080.7,58.86625242,2933.0,195.2709699,-0.2925535574247447,-0.2438843918979397,USDC,2,1,-0.0001999999999999
2025-11-26 14:00:00,0.9997,0.9998,0.9997,0.9998,3063213.43264469,0.0001999999999999,-0.0001999999999999,7.172815023663519e-05,14,2,High,86843.7,78.11555059,2907.53,1994.62060841,-0.4451643775758913,-0.4634193861293662,USDC,2,1,-0.0002999999999999
2025-11-26 15:00:00,0.9998,0.9998,0.9997,0.9997,2576308.17175751,0.0002999999999999,-0.0002999999999999,7.172815023663519e-05,15,2,High,86895.4,97.71537349,2925.63,6670.48852403,-0.4436911997582882,-0.4915310168217343,USDC,2,1,-0.0002999999999999
2025-11-26 16:00:00,0.9998,0.9998,0.9997,0.9997,1993081.54237396,0.0002999999999999,-0.0002999999999999,7.172815023663519e-05,16,2,High,87800.4,168.21507925,2946.89,3262.45297354,-0.4174815341539044,-0.4815665552325618,USDC,2,1,-0.0002999999999999
2025-11-26 17:00:00,0.9998,0.9998,0.9997,0.9997,10465652.96126444,0.0002999999999999,-0.0002999999999999,7.172815023663519e-05,17,2,High,89863.5,390.29543359,3026.88,3218.22131827,-0.2259980739378365,-0.3262810219408318,USDC,2,1,-0.0001999999999999
2025-11-26 18:00:00,0.9998,0.9998,0.9997,0.9998,4357968.85558562,0.0001999999999999,-0.0001999999999999,7.506036218370496e-05,18,2,High,90135.5,325.98692338,3033.55,3383.88230142,0.0317485469264444,-0.0789931394736368,USDC,2,1,-0.0002999999999999
2025-11-26 19:00:00,0.9997,0.9998,0.9997,0.9997,4164817.58663318,0.0002999999999999,-0.0002999999999999,7.22315118523742e-05,19,2,High,89988.2,65.60915118,3032.99,1059.97671696,-0.0109754336382405,-0.1044216386202644,USDC,2,1,-0.0002999999999999
2025-11-26 20:00:00,0.9997,0.9998,0.9997,0.9997,1599907.8665661,0.0002999999999999,-0.0002999999999999,7.22315118523742e-05,20,2,High,89900.0,99.22687491,3026.11,676.05848669,-0.0099475174923273,-0.0964400453640037,USDC,2,1,-0.0001999999999999
2025-11-26 21:00:00,0.9998,0.9998,0.9997,0.9998,2169987.17978528,0.0001999999999999,-0.0001999999999999,7.506036218366716e-05,21,2,High,90182.1,137.06808792,3021.3,293.85703446,0.1047876150927394,0.0019436384322884,USDC,2,1,-0.0002999999999999
2025-11-26 22:00:00,0.9997,0.9998,0.9997,0.9997,950574.38336855,0.0002999999999999,-0.0002999999999999,7.172815023655318e-05,22,2,High,90365.8,101.95916767,3026.3,906.17140417,0.0787213145908373,0.0158210606556696,USDC,2,1,-0.0002999999999999
2025-11-26 23:00:00,0.9997,0.9998,0.9997,0.9997,347895.94961519,0.0002999999999999,-0.0002999999999999,7.172815023655318e-05,23,2,High,90535.7,49.1946046,3026.95,892.66061582,0.0616200007265087,0.0079435763793757,USDC,2,1,-0.0001999999999999
2025-11-27 00:00:00,0.9998,0.9998,0.9997,0.9998,2505471.96182314,0.0001999999999999,-0.0001999999999999,7.408866603539777e-05,0,3,High,90448.9,37.26817707,3036.07,811.01147206,0.1363461760372994,0.0847619580631234,USDC,2,1,-0.0002999999999999
2025-11-27 01:00:00,0.9998,0.9998,0.9997,0.9997,3293004.24601657,0.0002999999999999,-0.0002999999999999,7.408866603539777e-05,1,3,High,91118.0,74.96451745,3053.07,529.92367115,0.1113312834878704,0.0680322909541476,USDC,2,1,-0.0002999999999999
2025-11-27 02:00:00,0.9998,0.9998,0.9997,0.9997,1716532.87831441,0.0002999999999999,-0.0002999999999999,7.0196411817147e-05,2,3,High,91337.4,316.43679186,3036.84,1903.22198736,0.0610686571822697,0.0427632172363066,USDC,2,1,-0.0001999999999999
2025-11-27 03:00:00,0.9998,0.9998,0.9997,0.9998,931680.31037323,0.0001999999999999,-0.0001999999999999,6.75663924700392e-05,3,3,High,91133.2,98.28795664,3034.49,232.0236388,0.0671194740300717,0.0377349288201958,USDC,2,1,-0.0002999999999999
2025-11-27 04:00:00,0.9997,0.9998,0.9997,0.9997,1129194.76989244,0.0002999999999999,-0.0002999999999999,6.24093545579479e-05,4,3,High,91270.3,25.06792903,3039.87,182.24298036,-0.0355904054534308,-0.0505302716133014,USDC,2,1,-0.0001999999999999
2025-11-27 05:00:00,0.9997,0.9998,0.9997,0.9998,1314233.90370662,0.0001999999999999,-0.0001999999999999,6.37022057278776e-05,5,3,High,90967.3,53.0808282,3022.62,412.95194924,0.0012386937113585,-0.0285892236316051,USDC,2,1,-0.0001999999999999
2025-11-27 06:00:00,0.9998,0.9998,0.9997,0.9998,625801.21940949,0.0001999999999999,-0.0001999999999999,6.468989572410494e-05,6,3,High,91265.1,30.43639065,3028.2,591.34494976,0.0359105583683872,-0.0096974752135873,USDC,2,1,-0.0002999999999999
2025-11-27 07:00:00,0.9998,0.9998,0.9997,0.9997,1570135.42859457,0.0002999999999999,-0.0002999999999999,5.8359207513e-05,7,3,High,91407.1,69.42768563,3032.79,217.56624565,-0.0704111282989524,-0.1160439622914613,USDC,2,1,-0.0001999999999999
2025-11-27 08:00:00,0.9998,0.9998,0.9997,0.9998,1375045.86706224,0.0001999999999999,-0.0001999999999999,5.8822996588310614e-05,8,3,High,91500.0,91.06808196,3027.44,804.41113154,-0.0572701372577299,-0.1379973088638884,USDC,2,1,-0.0002999999999999
2025-11-27 09:00:00,0.9997,0.9998,0.9997,0.9997,756202.85199378,0.0002999999999999,-0.0002999999999999,5.8822996588310614e-05,9,3,High,91526.9,23.75778493,3027.33,537.49065992,-0.1473979338420522,-0.2250662883998898,USDC,2,1,-0.0002999999999999
2025-11-27 10:00:00,0.9997,0.9998,0.9997,0.9997,454487.71828614,0.0002999999999999,-0.0002999999999999,5.8822996588310614e-05,10,3,High,91627.3,212.40519151,3034.5,138.32086195,-0.2425518232436903,-0.3204888698788123,USDC,2,1,-0.0001999999999999
2025-11-27 11:00:00,0.9997,0.9998,0.9997,0.9998,2977872.90063708,0.0001999999999999,-0.0001999999999999,5.8822996588310614e-05,11,3,High,91413.6,36.55936343,3029.78,90.08305131,-0.1502381791046026,-0.2451726324106337,USDC,2,1,-0.0002999999999999
2025-11-27 12:00:00,0.9997,0.9998,0.9996,0.9997,4588842.64180966,0.0002999999999999,-0.0002999999999999,4.9453535505685946e-05,12,3,High,90970.0,30.87802233,2991.44,1094.92625285,0.1041648064893938,0.0608273333370962,USDC,2,1,-0.0002999999999999
2025-11-27 13:00:00,0.9997,0.9997,0.9996,0.9997,2430507.84700436,0.0002999999999999,-0.0002999999999999,4.9453535505685946e-05,13,3,High,90843.3,92.74920083,2995.65,412.56223754,0.0249550916137435,0.0105021150449532,USDC,2,1,-0.0002999999999999
2025-11-27 14:00:00,0.9997,0.9997,0.9996,0.9997,4549945.29183509,0.0002999999999999,-0.0002999999999999,4.815434123537011e-05,14,3,High,90790.4,40.62365559,2997.0,253.5947278,0.2076658341146137,0.2544377630333221,USDC,2,1,-0.0002999999999999
2025-11-27 15:00:00,0.9997,0.9997,0.9996,0.9997,3746874.49493432,0.0002999999999999,-0.0002999999999999,4.815434123537011e-05,15,3,High,90954.4,32.9395352,3010.22,513.59268265,0.137398383071897,0.2266089332893111,USDC,2,1,-0.0003999999999999
2025-11-27 16:00:00,0.9997,0.9997,0.9996,0.9996,2798381.79409992,0.0003999999999999,-0.0003999999999999,5.5003293709980235e-05,16,3,High,91465.0,75.9965948,3021.57,383.3115652,-0.0766024685976297,0.1826686381927738,USDC,2,1,-0.0002999999999999
2025-11-27 17:00:00,0.9997,0.9997,0.9996,0.9997,5593298.41444444,0.0002999999999999,-0.0002999999999999,5.5003293709980235e-05,17,3,High,91483.5,30.10005752,3019.94,186.90541537,-0.1508574320615989,0.1932758353979574,USDC,2,1,-0.0002999999999999
2025-11-27 18:00:00,0.9997,0.9998,0.9996,0.9997,1861581.12685262,0.0002999999999999,-0.0002999999999999,5.316095330814867e-05,18,3,High,91798.0,45.8995221,3037.51,209.5093342,-0.0963672139729761,0.1458519558864002,USDC,2,1,-0.0002999999999999
2025-11-27 19:00:00,0.9998,0.9998,0.9997,0.9997,411227.40159439,0.0002999999999999,-0.0002999999999999,5.316095330814867e-05,19,3,High,91518.8,45.53852227,3031.68,137.57625955,-0.1669036218297219,0.14798009649552,USDC,2,1,-0.0002999999999999
2025-11-27 20:00:00,0.9998,0.9998,0.9997,0.9997,1235984.40332061,0.0002999999999999,-0.0002999999999999,5.316095330814867e-05,20,3,High,91455.7,49.55077498,3039.59,489.10617235,-0.2647319763490845,0.1263902945007826,USDC,2,1,-0.0002999999999999
2025-11-27 21:00:00,0.9997,0.9998,0.9997,0.9997,501128.08417552,0.0002999999999999,-0.0002999999999999,5.089773777151674e-05,21,3,High,91450.1,13.5819191,3033.91,121.05937743,-0.1564075150959668,0.1430590216493496,USDC,2,1,-0.0002999999999999
2025-11-27 22:00:00,0.9997,0.9998,0.9997,0.9997,236607.67974068,0.0002999999999999,-0.0002999999999999,5.089773777151674e-05,22,3,High,91334.4,18.39871489,3010.97,285.36691752,-0.2258895661585606,0.1579303647064004,USDC,2,1,-0.0001999999999999
2025-11-27 23:00:00,0.9998,0.9998,0.9997,0.9998,362467.3628356,0.0001999999999999,-0.0001999999999999,5.316095330814867e-05,23,3,High,91281.4,6.67328904,3014.85,115.33741801,-0.2768103137825109,0.1071902223118878,USDC,2,1,-0.0002999999999999
2025-11-28 00:00:00,0.9998,0.9998,0.9997,0.9997,288344.47852239,0.0002999999999999,-0.0002999999999999,5.089773777151674e-05,0,4,High,91185.8,30.20038906,3013.43,87.43702531,-0.1275665240014172,0.0781540295955951,USDC,2,1,-0.0002999999999999
2025-11-28 01:00:00,0.9997,0.9998,0.9997,0.9997,540942.62394428,0.0002999999999999,-0.0002999999999999,5.089773777151674e-05,1,4,High,90783.6,17.87352364,2998.67,392.11078591,-0.0973388957347771,0.1453548719879701,USDC,2,1,-0.0002999999999999
2025-11-28 02:00:00,0.9997,0.9998,0.9997,0.9997,4626947.18258774,0.0002999999999999,-0.0002999999999999,5.089773777151674e-05,2,4,High,91088.8,44.87207137,3013.01,209.43140501,-0.080518674677654,0.1766081207458888,USDC,2,1,-0.0002999999999999
2025-11-28 03:00:00,0.9997,0.9998,0.9997,0.9997,460881.29055237,0.0002999999999999,-0.0002999999999999,4.815434123552498e-05,3,4,High,91205.0,17.82633568,3009.34,161.56703223,-0.0442013987604049,0.130905931553588,USDC,2,1,-0.0002999999999999
2025-11-28 04:00:00,0.9997,0.9998,0.9997,0.9997,688339.40290619,0.0002999999999999,-0.0002999999999999,4.815434123552498e-05,4,4,High,91455.9,11.21365613,3017.7,39.95222751,-0.0538313136102067,0.1606966735535348,USDC,2,1,-0.0002999999999999
2025-11-28 05:00:00,0.9997,0.9998,0.9997,0.9997,1940276.79090665,0.0002999999999999,-0.0002999999999999,4.4842720315997166e-05,5,4,High,91605.6,34.20731522,3025.14,180.69360363,0.0240422074906692,0.1457044940917379,USDC,2,1,-0.0003999999999999
2025-11-28 06:00:00,0.9997,0.9998,0.9996,0.9996,2782960.69211134,0.0003999999999999,-0.0003999999999999,4.643056215015304e-05,6,4,High,91298.5,42.83079022,3011.03,181.81803944,0.0409319276840705,0.140831536507061,USDC,2,1,-0.0002999999999999
2025-11-28 07:00:00,0.9997,0.9997,0.9996,0.9997,5795528.62093429,0.0002999999999999,-0.0002999999999999,4.643056215015304e-05,7,4,High,90915.5,36.82185316,3002.25,253.31387919,0.0461013899417609,0.1490149056968746,USDC,2,1,-0.0002999999999999
2025-11-28 08:00:00,0.9997,0.9998,0.9996,0.9997,5262314.18010211,0.0002999999999999,-0.0002999999999999,4.170288281302087e-05,8,4,High,91647.7,19.68511631,3062.0,406.54120463,-0.0242636513231305,0.0755768515883155,USDC,2,1,-0.0002999999999999
2025-11-28 09:00:00,0.9997,0.9998,0.9997,0.9997,3075097.93199544,0.0002999999999999,-0.0002999999999999,4.170288281302087e-05,9,4,High,91589.9,57.02456677,3054.34,484.4635958,-0.0240656477249636,0.0694542399025106,USDC,2,1,-0.0002999999999999
2025-11-28 10:00:00,0.9998,0.9998,0.9997,0.9997,4025984.93111142,0.0002999999999999,-0.0002999999999999,4.170288281302087e-05,10,4,High,91809.8,18.39416052,3059.7,215.62326327,-0.0232107205945598,0.0639423299965252,USDC,2,1,-0.0001999999999999
2025-11-28 11:00:00,0.9998,0.9998,0.9997,0.9998,3542790.96300183,0.0001999999999999,-0.0001999999999999,4.170288281302087e-05,11,4,High,91461.4,69.74946943,3035.59,204.47346844,-0.0069940386391048,0.0941036930709655,USDC,2,1,-0.0001999999999999
2025-11-28 12:00:00,0.9998,0.9998,0.9997,0.9998,862946.73657761,0.0001999999999999,-0.0001999999999999,4.643056215015304e-05,12,4,High,91466.5,13.43660916,3035.47,590.96436003,0.036369245200447,0.1503363587012847,USDC,2,1,-0.0002999999999999
2025-11-28 13:00:00,0.9998,0.9998,0.9997,0.9997,1439889.69936148,0.0002999999999999,-0.0002999999999999,4.643056215015304e-05,13,4,High,92328.2,82.9689589,3072.85,457.6716232,0.0149219275484703,0.1236328604818262,USDC,2,1,-0.0002999999999999
2025-11-28 14:00:00,0.9998,0.9998,0.9997,0.9997,2325733.12881434,0.0002999999999999,-0.0002999999999999,4.643056215015304e-05,14,4,High,92213.2,346.45910021,3065.99,1744.7386003,-0.0010543645271804,0.1076076454370076,USDC,2,1,-0.0002999999999999
2025-11-28 15:00:00,0.9998,0.9998,0.9997,0.9997,2833377.49714808,0.0002999999999999,-0.0002999999999999,4.643056215015304e-05,15,4,High,92357.1,96.9657455,3075.13,3520.29226998,-0.0150270534941951,0.0889570544080142,USDC,2,1,-0.0002999999999999
2025-11-28 16:00:00,0.9998,0.9998,0.9997,0.9997,1401377.12412682,0.0002999999999999,-0.0002999999999999,4.082482904792781e-05,16,4,High,90940.7,302.50700354,3026.29,914.03161071,-0.0162804797243114,0.0518179974769051,USDC,2,1,-0.0002999999999999
2025-11-28 17:00:00,0.9998,0.9998,0.9997,0.9997,846296.39032956,0.0002999999999999,-0.0002999999999999,4.082482904792781e-05,17,4,High,90627.1,195.53619156,3034.04,979.45443047,0.0022235205322723,0.0465831164470202,USDC,2,1,-0.0001999999999999
2025-11-28 18:00:00,0.9998,0.9998,0.9997,0.9998,2261800.26206599,0.0001999999999999,-0.0001999999999999,4.4842720315997166e-05,18,4,High,90781.9,27.55694518,3042.8,844.0681724,-0.1131572982584895,0.0835796773086424,USDC,2,1,-0.0001999999999999
2025-11-28 19:00:00,0.9998,0.9998,0.9997,0.9998,5840434.44325243,0.0001999999999999,-0.0001999999999999,4.815434123552498e-05,19,4,High,91166.3,66.9047578,3050.18,324.29569966,-0.1410514682153827,0.1336184250060239,USDC,2,1,-0.0002999999999999
2025-11-28 20:00:00,0.9997,0.9998,0.9997,0.9997,636176.30898337,0.0002999999999999,-0.0002999999999999,4.815434123552498e-05,20,4,High,91214.7,37.97363489,3057.0,252.60338599,-0.1327847555920098,0.1196760843906451,USDC,2,1,-0.0001999999999999
2025-11-28 21:00:00,0.9997,0.9998,0.9997,0.9998,3050608.59995125,0.0001999999999999,-0.0001999999999999,5.089773777151674e-05,21,4,High,90902.9,22.64730953,3036.84,469.06878838,-0.1896723063677026,0.1204945345656375,USDC,2,1,-0.0002999999999999
2025-11-28 22:00:00,0.9997,0.9998,0.9997,0.9997,1599436.73181115,0.0002999999999999,-0.0002999999999999,5.089773777151674e-05,22,4,High,91095.7,13.92405764,3039.94,182.34994334,-0.1794400587666461,0.1006336223887834,USDC,2,1,-0.0002999999999999
2025-11-28 23:00:00,0.9997,1.0,0.9997,0.9997,5400460.18036605,0.0002999999999999,-0.0002999999999999,4.815434123552498e-05,23,4,High,90912.7,9.11824681,3032.32,60.26085646,-0.1618034052250335,0.1801197681211262,USDC,2,1,-0.0001999999999999
2025-11-29 00:00:00,0.9997,0.9999,0.9997,0.9998,11725432.62563017,0.0001999999999999,-0.0001999999999999,5.089773777151674e-05,0,5,High,90923.3,23.54099354,3036.69,102.50562962,-0.2137110457781831,0.1571980807596037,USDC,2,1,-9.9999999999989e-05
2025-11-29 01:00:00,0.9998,0.9999,0.9998,0.9999,814782.80170956,9.9999999999989e-05,-9.9999999999989e-05,6.24093545579287e-05,1,5,High,90904.0,21.30571276,3039.19,630.9154963,-0.3027921381436988,0.1109648436852922,USDC,2,1,-0.0001999999999999
2025-11-29 02:00:00,0.9998,0.9999,0.9998,0.9998,695457.79648398,0.0001999999999999,-0.0001999999999999,6.37022057278588e-05,2,5,High,90793.0,20.01197217,3031.27,480.02277793,-0.35129312954144,0.0645010575900085,USDC,2,1,-9.9999999999989e-05
2025-11-29 03:00:00,0.9999,0.9999,0.9998,0.9999,276015.04316141,9.9999999999989e-05,-9.9999999999989e-05,7.172815023632502e-05,3,5,High,90689.9,18.7528991,3022.5,402.17217914,-0.426148182079086,-0.0688532363373934,USDC,2,1,-0.0001999999999999
2025-11-29 04:00:00,0.9998,0.9999,0.9998,0.9998,216187.06149007,0.0001999999999999,-0.0001999999999999,7.210600087654161e-05,4,5,High,90865.7,7.87105409,3042.82,181.21640761,-0.4375518867592747,-0.1004329944360055,USDC,2,1,-0.0001999999999999
2025-11-29 05:00:00,0.9998,0.9999,0.9998,0.9998,459003.32852552,0.0001999999999999,-0.0001999999999999,7.223151185205136e-05,5,5,High,90762.5,5.15774802,3033.51,140.40533377,-0.4427471594864762,-0.141715583584929,USDC,2,1,-0.0001999999999999
2025-11-29 06:00:00,0.9999,1.0002,0.9998,0.9998,28285493.46216909,0.0001999999999999,-0.0001999999999999,6.538625481642745e-05,6,5,High,90585.7,27.03208658,3008.94,1000.81489266,-0.4955171779923135,-0.3828095988454035,USDC,2,1,-0.0001999999999999
2025-11-29 07:00:00,0.9998,0.9999,0.9998,0.9998,255568.25731439,0.0001999999999999,-0.0001999999999999,6.468989572391108e-05,7,5,High,90583.8,15.38527936,3006.51,450.7477998,-0.540858550102013,-0.5380383771660577,USDC,2,1,-0.0001999999999999
2025-11-29 08:00:00,0.9998,0.9999,0.9998,0.9998,403513.72740309,0.0001999999999999,-0.0001999999999999,6.370220572761774e-05,8,5,High,90631.6,7.41382751,3008.55,97.53362228,-0.5322629222343529,-0.5170009308136432,USDC,2,1,-0.0001999999999999
2025-11-29 09:00:00,0.9998,0.9999,0.9998,0.9998,197982.93305614,0.0001999999999999,-0.0001999999999999,6.240935455762208e-05,9,5,High,90600.0,4.42908503,3002.44,277.89603113,-0.5216276164260913,-0.4968475971300102,USDC,2,1,-0.0002999999999999
2025-11-29 10:00:00,0.9999,0.9999,0.9997,0.9997,1680187.60585006,0.0002999999999999,-0.0002999999999999,6.240935455762208e-05,10,5,High,90598.0,4.91405769,2998.91,192.50940211,-0.4223485324872695,-0.3291508496536571,USDC,2,1,-0.0002999999999999
2025-11-29 11:00:00,0.9998,0.9998,0.9997,0.9997,173800.2961753,0.0002999999999999,-0.0002999999999999,6.370220572761774e-05,11,5,High,90674.0,27.23174791,3001.45,136.54866603,-0.3995804920735432,-0.2367084220309024,USDC,2,1,-0.0002999999999999
2025-11-29 12:00:00,0.9998,0.9998,0.9997,0.9997,1164892.63126246,0.0002999999999999,-0.0002999999999999,6.468989572391108e-05,12,5,High,90700.0,13.645098,2999.25,103.90907337,-0.3920131530419811,-0.161099840855299,USDC,2,1,-0.0002999999999999
2025-11-29 13:00:00,0.9998,0.9998,0.9997,0.9997,1239685.0539976,0.0002999999999999,-0.0002999999999999,6.468989572391108e-05,13,5,High,90820.5,9.30602883,3000.82,97.02275266,-0.3225568019059985,-0.0290668030541032,USDC,2,1,-0.0002999999999999
2025-11-29 14:00:00,0.9998,0.9998,0.9997,0.9997,295803.96616575,0.0002999999999999,-0.0002999999999999,6.468989572391108e-05,14,5,High,90693.6,12.80743108,2989.0,367.62017722,-0.2266377426729727,0.1193889303772068,USDC,2,1,-0.0002999999999999
2025-11-29 15:00:00,0.9998,0.9998,0.9997,0.9997,1057945.17512897,0.0002999999999999,-0.0002999999999999,6.468989572391108e-05,15,5,High,91090.5,25.31867762,3008.45,440.46669255,-0.1554948722237022,0.2797124925254899,USDC,2,1,-0.0001999999999999
2025-11-29 16:00:00,0.9998,0.9998,0.9997,0.9998,727907.43892519,0.0001999999999999,-0.0001999999999999,6.370220572761774e-05,16,5,High,91028.5,23.45520578,3005.03,162.38096953,-0.1004076372692678,0.2665100955002682,USDC,2,1,-0.0002999999999999
2025-11-29 17:00:00,0.9997,0.9998,0.9997,0.9997,769037.68593411,0.0002999999999999,-0.0002999999999999,6.370220572761774e-05,17,5,High,90500.4,14.03476573,2970.82,817.39147902,-0.0680848595704892,0.3678709473254257,USDC,2,1,-0.0001999999999999
2025-11-29 18:00:00,0.9997,0.9998,0.9997,0.9998,292880.97530357,0.0001999999999999,-0.0001999999999999,6.370220572761774e-05,18,5,High,90717.0,33.48117644,2996.76,380.47700242,-0.0751272062392008,0.3221546753882942,USDC,2,1,-0.0002999999999999
2025-11-29 19:00:00,0.9997,0.9998,0.9997,0.9997,477658.07907297,0.0002999999999999,-0.0002999999999999,6.468989572391108e-05,19,5,High,90665.9,16.26342099,2989.52,112.58439951,-0.0944108322259201,0.3400550692591447,USDC,2,1,-0.0001999999999999
2025-11-29 20:00:00,0.9998,0.9998,0.9997,0.9998,211549.56910808,0.0001999999999999,-0.0001999999999999,6.370220572761774e-05,20,5,High,90999.9,12.2526599,2999.17,241.82824908,0.0354076622046873,0.4548365167420507,USDC,2,1,-0.0001999999999999
2025-11-29 21:00:00,0.9998,0.9998,0.9997,0.9998,332922.93204481,0.0001999999999999,-0.0001999999999999,6.370220572761774e-05,21,5,High,90997.5,14.14843061,2995.46,413.6954427,0.0468725444274452,0.4158187325634885,USDC,2,1,-0.0002999999999999
2025-11-29 22:00:00,0.9998,0.9998,0.9997,0.9997,161000.35664408,0.0002999999999999,-0.0002999999999999,6.370220572761774e-05,22,5,High,90812.4,5.26565799,2989.99,111.54628229,0.1297795215412316,0.5504448495394217,USDC,2,1,-0.0002999999999999
2025-11-29 23:00:00,0.9998,0.9998,0.9997,0.9997,1521165.5276465,0.0002999999999999,-0.0002999999999999,6.370220572761774e-05,23,5,High,90833.6,14.95641311,2990.01,114.05579439,0.1539523098795472,0.6650072663984863,USDC,0,1,-0.0002999999999999
2025-11-30 00:00:00,0.9997,0.9998,0.9997,0.9997,142011.58513972,0.0002999999999999,-0.0002999999999999,6.468989572391108e-05,0,6,High,90857.2,3.89002399,2998.13,365.96376453,0.106015982107576,0.6729362591314,USDC,2,1,-0.0002999999999999
2025-11-30 01:00:00,0.9997,0.9998,0.9997,0.9997,98997.64113729,0.0002999999999999,-0.0002999999999999,5.8822996588223655e-05,1,6,High,90947.4,19.17025393,3006.57,169.20221418,-0.0221421260994153,0.5789134728666666,USDC,2,1,-0.0002999999999999
2025-11-30 02:00:00,0.9998,0.9998,0.9997,0.9997,821998.11980794,0.0002999999999999,-0.0002999999999999,5.8976782462677685e-05,2,6,High,90794.3,12.65507699,2991.74,46.86380467,-0.0335676566950819,0.5765118334406742,USDC,2,1,-0.0001999999999999
2025-11-30 03:00:00,0.9998,0.9998,0.9997,0.9998,156305.32875018,0.0001999999999999,-0.0001999999999999,5.0897737771269726e-05,3,6,High,90902.6,16.74795743,3001.9,111.79067566,0.0640430184896949,0.5095185360263494,USDC,2,1,-0.0002999999999999
2025-11-30 04:00:00,0.9997,0.9998,0.9997,0.9997,205746.03236338,0.0002999999999999,-0.0002999999999999,5.036101551943711e-05,4,6,High,90844.0,3.22300985,2998.58,43.96113792,0.0225412103809741,0.4787605536268849,USDC,2,1,-0.0002999999999999
2025-11-30 05:00:00,0.9997,0.9998,0.9997,0.9997,189935.66536738,0.0002999999999999,-0.0002999999999999,4.9453535505637096e-05,5,6,High,90830.1,2.84941602,2993.67,304.66163953,0.0168369569653084,0.4411469888855622,USDC,2,1,-0.0002999999999999
2025-11-30 06:00:00,0.9998,0.9998,0.9997,0.9997,431697.07682212,0.0002999999999999,-0.0002999999999999,4.815434123531995e-05,6,6,High,90894.9,3.64538447,2998.59,63.78923167,0.069717849812677,0.3883938220699226,USDC,2,1,-0.0002999999999999
2025-11-30 07:00:00,0.9997,0.9998,0.9997,0.9997,136040.90894108,0.0002999999999999,-0.0002999999999999,4.6430562149832944e-05,7,6,High,90957.6,10.99022865,3006.34,45.75136362,0.1341002048096309,0.3017147936334917,USDC,2,1,-0.0002999999999999
2025-11-30 08:00:00,0.9998,0.9998,0.9997,0.9997,365908.99313222,0.0002999999999999,-0.0002999999999999,4.423258684763267e-05,8,6,High,91268.6,89.42581499,3007.53,232.3867335,0.1330665691228853,0.1894561912004583,USDC,2,1,-0.0002999999999999
2025-11-30 09:00:00,0.9997,0.9998,0.9997,0.9997,343085.17747072,0.0002999999999999,-0.0002999999999999,4.1485111701172665e-05,9,6,High,91366.3,26.86600614,3010.91,340.49324152,0.1644671638895746,0.1105893089037701,USDC,2,1,-0.0002999999999999
2025-11-30 10:00:00,0.9997,0.9998,0.9997,0.9997,188019.55144162,0.0002999999999999,-0.0002999999999999,4.1485111701172665e-05,10,6,High,91241.7,3.92732008,3010.04,10.89734934,0.0915222617099194,0.0789231307519512,USDC,2,1,-0.0001999999999999
2025-11-30 11:00:00,0.9997,0.9998,0.9997,0.9998,705521.650957,0.0001999999999999,-0.0001999999999999,4.423258684763267e-05,11,6,High,91059.4,30.78407238,3003.01,77.32095134,0.1209499018163529,0.1210358758996493,USDC,2,1,-0.0002999999999999
2025-11-30 12:00:00,0.9998,0.9998,0.9997,0.9997,160791.73694917,0.0002999999999999,-0.0002999999999999,4.423258684763267e-05,12,6,High,91296.3,14.71821215,3010.28,14.50587176,0.0463256916352661,0.0875425527735121,USDC,2,1,
2025-11-01 11:00:00,1.0002,1.0002,1.0001,1.0002,82.0,0.0001999999999999,0.0001999999999999,0.0002899275271796,11,5,High,110000.0,51.7243341,3875.03,193.92417537,-0.0516847069244702,-0.2763628646229999,USDP,1,1,0.0002999999999999
2025-11-01 12:00:00,1.0001,1.0003,1.0001,1.0003,1105.0,0.0002999999999999,0.0002999999999999,0.0002911434229991,12,5,High,109974.6,56.15133019,3875.21,287.29251338,-0.0619463373240657,-0.3073444102710084,USDP,1,1,0.0002999999999999
2025-11-01 13:00:00,1.0003,1.0003,1.0003,1.0003,50.0,0.0002999999999999,0.0002999999999999,0.0002922922896874,13,5,High,109884.0,14.38834818,3868.3,193.32009432,-0.0627329752319316,-0.3163152296251053,USDP,1,1,0.0002999999999999
2025-11-01 14:00:00,1.0002,1.0003,1.0002,1.0003,112.0,0.0002999999999999,0.0002999999999999,0.0002063748524223,14,5,High,109839.0,7.64907322,3871.25,1336.40209475,-0.6459235834103455,-0.5603705131088008,USDP,1,1,0.0002999999999999
2025-11-01 15:00:00,1.0002,1.0003,1.0002,1.0003,147.0,0.0002999999999999,0.0002999999999999,0.0001744037461437,15,5,High,109839.0,0.04949835,3870.09,0.90986037,-0.9229552678359576,-0.6890737706099389,USDP,1,1,0.0002999999999999
2025-11-01 16:00:00,1.0003,1.0003,1.0002,1.0003,113.0,0.0002999999999999,0.0002999999999999,0.0001464557112738,16,5,High,109839.0,0.0,3870.09,0.0,-0.8920184918035917,-0.5681137194818517,USDP,1,1,0.0002999999999999
2025-11-01 17:00:00,1.0003,1.0003,1.0002,1.0003,50.0,0.0002999999999999,0.0002999999999999,0.000107592225365,17,5,High,109839.0,0.0,3870.09,0.0,-0.8828655380313851,-0.3197921232715433,USDP,1,1,0.0002999999999999
2025-11-01 18:00:00,1.0003,1.0003,1.0002,1.0003,240.0,0.0002999999999999,0.0002999999999999,9.99093792418176e-05,18,5,High,109839.0,0.0,3870.09,0.0,-0.862434777435624,-0.2599175954782691,USDP,1,1,0.0002999999999999
2025-11-01 19:00:00,1.0003,1.0003,1.0002,1.0003,190.0,0.0002999999999999,0.0002999999999999,9.078961188228852e-05,19,5,High,109839.0,0.0,3870.09,0.0,-0.9103672517809812,-0.5172971928309031,USDP,1,1,0.0002999999999999
2025-11-01 20:00:00,1.0002,1.0003,1.0002,1.0003,228.0,0.0002999999999999,0.0002999999999999,7.974142997685705e-05,20,5,High,109839.0,0.0,3870.09,0.0,-0.8859021391225267,-0.5391833370551292,USDP,1,1,0.0002999999999999
2025-11-01 21:00:00,1.0003,1.0003,1.0002,1.0003,48.0,0.0002999999999999,0.0002999999999999,7.613869877973404e-05,21,5,High,109826.5,44.61257134,3867.65,417.3593551,-0.8752490192249537,-0.5257006064734483,USDP,1,-1,0.0002999999999999
2025-11-01 22:00:00,1.0003,1.0003,1.0003,1.0003,14.0,0.0002999999999999,0.0002999999999999,7.210600089403673e-05,22,5,High,109947.5,23.62271114,3871.74,174.84271544,-0.8525663611046228,-0.4821973234940677,USDP,1,-1,0.0001999999999999
2025-11-01 23:00:00,1.0002,1.0002,1.0002,1.0002,35.0,0.0001999999999999,0.0001999999999999,6.902530518778442e-05,23,5,High,110018.0,11.88022025,3872.37,269.57729877,-0.8331094683688696,-0.4198997826730528,USDP,1,-1,0.0002999999999999
2025-11-02 00:00:00,1.0003,1.0003,1.0003,1.0003,18.0,0.0002999999999999,0.0002999999999999,6.370220574794157e-05,0,6,High,109859.7,112.47099259,3864.53,101.38775798,-0.8062148393148577,-0.3022498854028407,USDP,1,-1,0.0002999999999999
2025-11-02 01:00:00,1.0002,1.0003,1.0002,1.0003,45.0,0.0002999999999999,0.0002999999999999,5.757792453693122e-05,1,6,High,109930.0,9.00525156,3869.28,50.70326499,-0.7703438341471989,-0.0540457018113495,USDP,1,1,0.0001999999999999
2025-11-02 02:00:00,1.0002,1.0003,1.0002,1.0002,261.0,0.0001999999999999,0.0001999999999999,5.0897737797015415e-05,2,6,High,109940.0,30.65369933,3880.16,131.15420068,-0.7317014535018179,0.1534014808063096,USDP,1,1,0.0002999999999999
2025-11-02 03:00:00,1.0003,1.0003,1.0003,1.0003,20.0,0.0002999999999999,0.0002999999999999,5.036101554526551e-05,3,6,High,109994.2,22.26868841,3879.22,48.1384875,-0.6835688958770582,0.1403199201273513,USDP,1,1,0.0002999999999999
2025-11-02 04:00:00,1.0003,1.0003,1.0003,1.0003,33.0,0.0002999999999999,0.0002999999999999,4.945353553174066e-05,4,6,High,110600.0,68.4765293,3906.83,253.81794601,-0.2359789397675324,0.1904194017974887,USDP,1,1,0.0002999999999999
2025-11-02 05:00:00,1.0002,1.0003,1.0002,1.0003,23.0,0.0002999999999999,0.0002999999999999,4.81543412619284e-05,5,6,High,110400.8,129.66097891,3901.76,260.28200457,-0.1021178366089272,0.1583202429451346,USDP,1,1,0.0002999999999999
2025-11-02 06:00:00,1.0003,1.0003,1.0003,1.0003,7.0,0.0002999999999999,0.0002999999999999,4.6430562177229296e-05,6,6,High,110599.9,93.11148075,3901.91,70.00465659,-0.0296138201236562,0.1225526143852268,USDP,1,1,0.0001999999999999
2025-11-02 07:00:00,1.0002,1.0002,1.0002,1.0002,999.0,0.0001999999999999,0.0001999999999999,4.6430562177229296e-05,7,6,High,110886.8,52.26427383,3906.75,73.08137584,-0.2244976749723701,-0.1367158601464909,USDP,1,1,0.0002999999999999
2025-11-02 08:00:00,1.0002,1.0003,1.0002,1.0003,33.0,0.0002999999999999,0.0002999999999999,4.423258687617809e-05,8,6,High,110739.1,140.46637065,3893.02,247.53691718,-0.130899847475939,-0.1104261328289214,USDP,1,1,0.0002999999999999
2025-11-02 09:00:00,1.0003,1.0003,1.0003,1.0003,0.0,0.0002999999999999,0.0002999999999999,4.1485111731393384e-05,9,6,High,110629.9,124.98888875,3871.32,326.68188156,-0.1366319555504216,-0.1467289922390326,USDP,1,1,0.0001999999999999
2025-11-02 10:00:00,1.0002,1.0002,1.0002,1.0002,144.0,0.0001999999999999,0.0001999999999999,4.1485111731393384e-05,10,6,High,110370.1,21.51760005,3859.17,303.28982329,-0.2120472440419289,-0.0516729717468059,USDP,1,1,0.0002999999999999
2025-11-02 11:00:00,1.0002,1.0003,1.0002,1.0003,43.0,0.0002999999999999,0.0002999999999999,3.806934941545546e-05,11,6,High,110979.9,139.00172463,3890.0,210.20865756,-0.1880364831094917,-0.0538487895701359,USDP,1,1,0.0001999999999999
2025-11-02 12:00:00,1.0002,1.0003,1.0002,1.0002,108.0,0.0001999999999999,0.0001999999999999,4.1485111731414146e-05,12,6,High,110690.1,327.31387735,3875.01,234.06656125,-0.2702421777173821,-0.0276952117611031,USDP,1,1,0.0002999999999999
2025-11-02 13:00:00,1.0002,1.0003,1.0002,1.0003,86.0,0.0002999999999999,0.0002999999999999,4.1485111731414146e-05,13,6,High,110496.8,102.85375284,3867.57,245.54540019,-0.2367990772565882,-0.0287847872271315,USDP,1,1,0.0001999999999999
2025-11-02 14:00:00,1.0002,1.0003,1.0002,1.0002,43.0,0.0001999999999999,0.0001999999999999,4.4232586876218934e-05,14,6,High,110370.1,13.42285053,3851.04,540.04079827,-0.2349687640289061,0.1174125386605447,USDP,1,1,9.9999999999989e-05
2025-11-02 15:00:00,1.0003,1.0003,1.0001,1.0001,3510.0,9.9999999999989e-05,9.9999999999989e-05,5.646597028094051e-05,15,6,High,110100.0,42.2167543,3853.0,350.1974271,-0.1222450668332557,0.2949696117557853,USDP,1,1,0.0001999999999999
2025-11-02 16:00:00,1.0001,1.0002,1.0001,1.0002,50006.0,0.0001999999999999,0.0001999999999999,5.75779245370031e-05,16,6,High,110010.8,40.24258811,3863.68,200.47891466,-0.0653448001096424,0.3350059509441578,USDP,1,1,9.9999999999989e-05
2025-11-02 17:00:00,1.0001,1.0002,1.0001,1.0001,399.0,9.9999999999989e-05,9.9999999999989e-05,6.580053303467688e-05,17,6,High,110070.0,9.19425964,3858.66,145.9539828,0.0200304633957563,0.4069742335061414,USDP,1,1,9.9999999999989e-05
2025-11-02 18:00:00,1.0001,1.0002,1.0001,1.0001,150.0,9.9999999999989e-05,9.9999999999989e-05,7.210600089504244e-05,18,6,High,110317.1,22.22589792,3863.31,67.01853769,0.0391015996956641,0.4446155981026672,USDP,1,1,0.0001999999999999
2025-11-02 19:00:00,1.0001,1.0002,1.0001,1.0002,11377.0,0.0001999999999999,0.0001999999999999,7.172815025502582e-05,19,6,High,110148.6,11.55236777,3855.0,225.08676334,0.0919858494718401,0.4752998146019303,USDP,1,1,9.9999999999989e-05
2025-11-02 20:00:00,1.0002,1.0002,1.0001,1.0001,539.0,9.9999999999989e-05,9.9999999999989e-05,7.6138698781142e-05,20,6,High,110000.0,25.98760135,3858.7,157.19773051,0.1989540647636686,0.5211264479109924,USDP,0,1,0.0001999999999999
2025-11-02 21:00:00,1.0002,1.0002,1.0001,1.0002,346.0,0.0001999999999999,0.0001999999999999,7.506036220164493e-05,21,6,High,110022.1,21.26170822,3861.25,484.96592255,0.2767471005918069,0.5520559102198983,USDP,0,1,9.9999999999989e-05
2025-11-02 22:00:00,1.0001,1.0002,1.0001,1.0001,949.0,9.9999999999989e-05,9.9999999999989e-05,7.790276363886598e-05,22,6,High,109774.5,17.58443032,3850.0,74.17243843,0.4052282206968485,0.6070019419640561,USDP,0,1,0.0001999999999999
2025-11-02 23:00:00,1.0002,1.0002,1.0001,1.0002,168.0,0.0001999999999999,0.0001999999999999,7.790276363886598e-05,23,6,High,110589.6,28.60232852,3907.44,1372.83588823,0.3858988212915871,0.5448421677813251,USDP,0,1,0.0001999999999999
2025-11-03 00:00:00,1.0001,1.0002,1.0001,1.0002,771.0,0.0001999999999999,0.0001999999999999,7.613869878160579e-05,0,0,High,109789.2,10.63900954,3865.66,1001.5113538,0.465610531275105,0.5870972174469848,USDP,0,1,0.0001999999999999
2025-11-03 01:00:00,1.0002,1.0002,1.0002,1.0002,0.0,0.0001999999999999,0.0001999999999999,7.408866605413757e-05,1,0,High,109669.9,30.86210334,3836.75,467.1397304,0.5237451172639022,0.5871158981187635,USDP,0,1,9.9999999999989e-05
2025-11-03 02:00:00,1.0002,1.0002,1.0001,1.0001,39913.0,9.9999999999989e-05,9.9999999999989e-05,7.755316084170888e-05,2,0,High,108994.2,41.34472293,3798.24,1163.85273867,0.5819283180127011,0.6313340806567656,USDP,0,1,0.0
2025-11-03 03:00:00,1.0,1.0,1.0,1.0,148.0,0.0,0.0,8.586727204685223e-05,3,0,High,107991.4,71.22118011,3736.01,1347.1238042,0.737273995709071,0.7336409480609607,USDP,0,1,9.9999999999989e-05
2025-11-03 04:00:00,1.0,1.0001,1.0,1.0001,138.0,9.9999999999989e-05,9.9999999999989e-05,8.501917943954686e-05,4,0,High,107800.0,115.37407453,3746.05,789.74911479,0.7029476808290005,0.7047084912788684,USDP,0,1,0.0
2025-11-03 05:00:00,1.0001,1.0001,1.0,1.0,46.0,0.0,0.0,8.968544064638531e-05,5,0,High,107586.9,436.3600078,3731.15,1729.98951548,0.7670824224454593,0.7494373826856972,USDP,0,1,0.0
2025-11-03 06:00:00,1.0001,1.0001,1.0,1.0,1264.0,0.0,0.0,9.237212078748727e-05,6,0,High,107400.0,92.30251574,3716.32,1176.48769305,0.802495629333316,0.7766759327289005,USDP,0,1,0.0
2025-11-03 07:00:00,1.0,1.0,1.0,1.0,7.0,0.0,0.0,9.770927004353627e-05,7,0,High,107500.0,531.75610561,3713.76,675.96016112,0.8299948542048887,0.8099873444768121,USDP,0,1,9.9999999999989e-05
2025-11-03 08:00:00,1.0001,1.0001,1.0,1.0001,43.0,9.9999999999989e-05,9.9999999999989e-05,9.315329427932174e-05,8,0,High,107535.0,542.47397704,3715.24,2327.30360213,0.8035833455829847,0.7770088581193475,USDP,0,1,0.0
2025-11-03 09:00:00,1.0,1.0001,1.0,1.0,408.0,0.0,0.0,9.168313424353465e-05,9,0,High,107145.9,30.09925707,3703.7,569.1683047,0.8216986030563794,0.8056191794281645,USDP,0,1,0.0
2025-11-03 10:00:00,1.0,1.0,1.0,1.0,335.0,0.0,0.0,9.440891632452668e-05,10,0,High,106880.0,34.98372652,3674.34,704.55626435,0.8324447399808049,0.8177470755013534,USDP,0,1,0.0001999999999999
2025-11-03 11:00:00,1.0,1.003,1.0,1.0002,3988422.0,0.0001999999999999,0.0001999999999999,8.836272414216566e-05,11,0,High,107760.1,12.50982744,3709.99,538.53952885,0.7436297866359192,0.7146517197879872,USDP,0,1,0.0001999999999999
2025-11-03 12:00:00,1.0002,1.0003,1.0,1.0002,104862.0,0.0001999999999999,0.0001999999999999,8.836272414216566e-05,12,0,High,107723.1,50.24382542,3707.71,774.3146963,0.6640468288627742,0.6173716308347414,USDP,0,1,0.0001999999999999
2025-11-03 13:00:00,1.0001,1.0006,1.0001,1.0002,17856.0,0.0001999999999999,0.0001999999999999,8.164965811330698e-05,13,0,High,107886.0,41.69565069,3719.01,1327.21746231,0.5785374709353355,0.5281664466510405,USDP,0,1,0.0001999999999999
2025-11-03 14:00:00,1.0003,1.0003,1.0002,1.0002,284.0,0.0001999999999999,0.0001999999999999,8.164965811330698e-05,14,0,High,108020.0,88.72677812,3732.11,934.36961535,0.5090275540697243,0.4581673094899038,USDP,0,1,9.9999999999989e-05
2025-11-03 15:00:00,1.0003,1.0003,1.0,1.0001,54989.0,9.9999999999989e-05,9.9999999999989e-05,8.164965811330698e-05,15,0,High,105713.4,207.93746852,3590.01,5001.37639741,0.4952021602351103,0.4382701493959635,USDP,0,1,0.0001999999999999
2025-11-03 16:00:00,1.0001,1.0002,1.0001,1.0002,5027.0,0.0001999999999999,0.0001999999999999,8.164965811330698e-05,16,0,High,106649.9,152.56157124,3619.1,2458.44523062,0.3804363860908245,0.294087665608288,USDP,0,1,9.9999999999989e-05
2025-11-03 17:00:00,1.0001,1.0001,1.0001,1.0001,10.0,9.9999999999989e-05,9.9999999999989e-05,8.164965811330698e-05,17,0,High,107424.8,106.36080772,3666.01,1807.4582969,0.4057740833052706,0.314213122124089,USDP,0,1,0.0001999999999999
2025-11-03 18:00:00,1.0002,1.0002,1.0002,1.0002,42.0,0.0001999999999999,0.0001999999999999,8.329709358935073e-05,18,0,High,106937.9,44.30489414,3632.04,2291.7064274,0.3814933352837083,0.2596367284622261,USDP,0,1,9.9999999999989e-05
2025-11-03 19:00:00,1.0001,1.0001,1.0001,1.0001,978.0,9.9999999999989e-05,9.9999999999989e-05,8.164965811330698e-05,19,0,High,107020.0,90.72680042,3629.52,1090.94455575,0.3440341168759895,0.2219355926120741,USDP,0,1,9.9999999999989e-05
2025-11-03 20:00:00,1.0001,1.0001,1.0001,1.0001,0.0,9.9999999999989e-05,9.9999999999989e-05,8.164965811330698e-05,20,0,High,106589.9,77.92971469,3588.2,4729.40210598,0.3778961269891314,0.2460273794334344,USDP,0,1,9.9999999999989e-05
2025-11-03 21:00:00,1.0001,1.0002,1.0001,1.0001,311.0,9.9999999999989e-05,9.9999999999989e-05,7.974142998184265e-05,21,0,High,106840.2,92.63652786,3598.99,4935.95729756,0.3298158269314806,0.1916387080284251,USDP,0,1,9.9999999999989e-05
2025-11-03 22:00:00,1.0001,1.0001,1.0001,1.0001,0.0,9.9999999999989e-05,9.9999999999989e-05,7.974142998184265e-05,22,0,High,106387.3,97.75640335,3588.0,1342.71578384,0.3632341920681325,0.2148425902710414,USDP,0,1,0.0001999999999999
2025-11-03 23:00:00,1.0002,1.0002,1.0002,1.0002,66.0,0.0001999999999999,0.0001999999999999,7.974142998184265e-05,23,0,High,106538.3,40.68737549,3601.99,1272.78465884,0.2255815782293179,0.0507672680162929,USDP,1,1,0.0001999999999999
2025-11-04 00:00:00,1.0002,1.0003,1.0002,1.0002,2064.0,0.0001999999999999,0.0001999999999999,7.974142998184265e-05,0,1,High,106424.5,50.97338013,3615.46,5879.23467042,0.0670815195389862,-0.1165204738850056,USDP,1,1,0.0003999999999999
2025-11-04 01:00:00,1.0003,1.0006,1.0003,1.0004,208738.0,0.0003999999999999,0.0003999999999999,9.77092700443836e-05,1,1,High,107030.3,36.77150279,3642.03,3711.54341331,-0.1065510890218699,-0.2786116967614019,USDP,1,1,0.0001999999999999
2025-11-04 02:00:00,1.0004,1.0004,1.0001,1.0002,2581.0,0.0001999999999999,0.0001999999999999,9.890707102609944e-05,2,1,High,106500.0,24.78099922,3625.01,1394.68723278,-0.1297564030068842,-0.3061029546681396,USDP,1,1,0.0
2025-11-04 03:00:00,1.0002,1.0002,1.0,1.0,20787.0,0.0,0.0,9.890707102609944e-05,3,1,High,107134.8,47.10078924,3642.17,950.90093061,-0.0548540705797539,-0.2205636956955327,USDP,1,1,0.0002999999999999
2025-11-04 04:00:00,1.0001,1.0003,1.0001,1.0003,136055.0,0.0002999999999999,0.0002999999999999,0.0001049499535821,4,1,High,106732.5,35.45998958,3624.0,647.83777768,-0.0810598812910364,-0.2478513306707033,USDP,1,1,0.0001999999999999
2025-11-04 05:00:00,1.0002,1.0002,1.0002,1.0002,218.0,0.0001999999999999,0.0001999999999999,0.0001017954755566,5,1,High,104210.5,162.2551426,3492.78,5334.89402899,-0.1076833117657584,-0.2166612847159146,USDP,1,1,0.0001999999999999
2025-11-04 06:00:00,1.0003,1.0003,1.0001,1.0002,8829.0,0.0001999999999999,0.0001999999999999,9.780192940062794e-05,6,1,High,104700.0,98.68401335,3512.85,1732.02155108,-0.1170434305819795,-0.1856860116265895,USDP,1,1,0.0003999999999999
2025-11-04 07:00:00,1.0003,1.0004,1.0001,1.0004,111526.0,0.0003999999999999,0.0003999999999999,0.0001049499535812,7,1,High,104428.3,62.84485626,3492.06,2845.74778428,-0.2759068501940608,-0.295190251266885,USDP,1,1,0.0003999999999999
2025-11-04 08:00:00,1.0004,1.0005,1.0002,1.0004,22589.0,0.0003999999999999,0.0003999999999999,0.000114128709455,8,1,High,104000.1,137.11708093,3493.82,1673.60141508,-0.4023467070189524,-0.3860208446603799,USDP,1,1,0.0001999999999999
2025-11-04 09:00:00,1.0004,1.0005,1.0001,1.0002,185540.0,0.0001999999999999,0.0001999999999999,0.0001075922253674,9,1,High,103831.0,62.22494476,3490.67,259.05400182,-0.3604883315441777,-0.3189107084580126,USDP,1,1,0.0004999999999999
2025-11-04 10:00:00,1.0003,1.0006,1.0003,1.0005,20664.0,0.0004999999999999,0.0004999999999999,0.0001176459931872,10,1,High,103812.9,49.77337812,3483.85,533.97642405,-0.4825960531617652,-0.3973513909374794,USDP,1,1,0.0006999999999999
2025-11-04 11:00:00,1.0004,1.0008,1.0002,1.0007,581805.0,0.0006999999999999,0.0006999999999999,0.0001545798419555,11,1,High,104540.0,79.03220041,3529.21,681.18876884,-0.5248588414178068,-0.4320956786119342,USDP,1,1,0.0006999999999999
2025-11-04 12:00:00,1.0008,1.0008,1.0006,1.0007,576.0,0.0006999999999999,0.0006999999999999,0.0001817786518365,12,1,High,103852.0,203.7839082,3509.26,668.23036244,-0.5985772693034549,-0.4881771768111221,USDP,1,1,0.0004999999999999
2025-11-04 13:00:00,1.0007,1.0007,1.0005,1.0005,3026.0,0.0004999999999999,0.0004999999999999,0.0001883855897816,13,1,High,103849.9,146.40402752,3505.58,449.60085669,-0.6402650583289903,-0.5351296840786843,USDP,1,1,0.0007999999999999
2025-11-04 14:00:00,1.0005,1.0009,1.0002,1.0008,1650615.0,0.0007999999999999,0.0007999999999999,0.0002173206406949,14,1,High,104499.2,254.6617572,3554.67,1747.97457623,-0.6508429514333507,-0.5231725416589436,USDP,1,1,0.0004999999999999
2025-11-04 15:00:00,1.0008,1.0008,1.0005,1.0005,5217.0,0.0004999999999999,0.0004999999999999,0.000217653827001,15,1,High,103160.1,90.61916749,3504.65,2135.21388456,-0.6738248624629204,-0.5413087103951337,USDP,1,1,0.0004999999999999
2025-11-04 16:00:00,1.0005,1.0005,1.0005,1.0005,56.0,0.0004999999999999,0.0004999999999999,0.0002200131748414,16,1,High,102199.9,201.14612183,3427.76,3110.83855253,-0.6710388767911939,-0.5519216253467566,USDP,1,1,0.0003999999999999
2025-11-04 17:00:00,1.0004,1.0005,1.0004,1.0004,146.0,0.0003999999999999,0.0003999999999999,0.0002156469874371,17,1,High,101080.1,420.27149492,3372.31,5531.36378672,-0.5995865050739866,-0.4847868377877689,USDP,1,1,0.0003999999999999
2025-11-04 18:00:00,1.0004,1.0005,1.0003,1.0004,649.0,0.0003999999999999,0.0003999999999999,0.0002142986538589,18,1,High,101290.9,533.9250473,3302.78,9026.70410231,-0.5626872870943663,-0.4227773104803326,USDP,1,1,0.0003999999999999
2025-11-04 19:00:00,1.0004,1.0004,1.0004,1.0004,0.0,0.0003999999999999,0.0003999999999999,0.0002085144140623,19,1,High,100395.0,245.62292,3229.0,2307.15622914,-0.5010083878892728,-0.3443296021898528,USDP,1,1,0.0002999999999999
2025-11-04 20:00:00,1.0003,1.0003,1.0001,1.0003,2379.0,0.0002999999999999,0.0002999999999999,0.000201982923663,20,1,High,100689.9,360.71873098,3213.33,12109.05417974,-0.4153264508977853,-0.2444285667087002,USDP,1,1,9.9999999999989e-05
2025-11-04 21:00:00,1.0002,1.0003,1.0001,1.0001,317.0,9.9999999999989e-05,9.9999999999989e-05,0.000201982923663,21,1,High,100280.0,355.23885432,3213.41,6317.3988635,-0.2319478808352589,-0.0604326902616128,USDP,1,1,9.9999999999989e-05
2025-11-04 22:00:00,1.0001,1.0001,1.0001,1.0001,5752.0,9.9999999999989e-05,9.9999999999989e-05,0.000201982923663,22,1,High,101247.9,317.82969263,3244.98,3758.83573284,-0.1003748900281305,0.0798589176227031,USDP,1,1,0.0001999999999999
2025-11-04 23:00:00,1.0002,1.0002,1.0002,1.0002,239.0,0.0001999999999999,0.0001999999999999,0.000201982923663,23,1,High,101537.3,65.43872358,3288.88,1836.22260165,-0.023112956616474,0.1545233639913394,USDP,0,1,0.0
2025-11-05 00:00:00,1.0001,1.0002,1.0,1.0,70051.0,0.0,0.0,0.0002126438132336,0,2,High,100599.1,85.94906438,3240.0,3763.8723119,0.1177759036120362,0.2866141532031235,USDP,0,1,9.9999999999989e-05
2025-11-05 01:00:00,1.0001,1.0001,1.0001,1.0001,99.0,9.9999999999989e-05,9.9999999999989e-05,0.0002183186741452,1,2,High,100672.7,202.71347282,3245.0,2106.81882956,0.158891204228651,0.3296073201342509,USDP,0,1,9.9999999999989e-05
2025-11-05 02:00:00,1.0001,1.0001,1.0001,1.0001,0.0,9.9999999999989e-05,9.9999999999989e-05,0.0002219805449158,2,2,High,101669.2,87.21525653,3321.83,975.46327681,0.2427709404778269,0.4084910576955335,USDP,0,1,9.9999999999989e-05
2025-11-05 03:00:00,1.0,1.0002,0.9997,1.0001,29134.0,9.9999999999989e-05,9.9999999999989e-05,0.0002163180026329,3,2,High,102118.5,161.02326972,3331.91,1072.50722493,0.4605526311939032,0.595090420472594,USDP,0,1,9.9999999999989e-05
2025-11-05 04:00:00,1.0001,1.0001,1.0001,1.0001,0.0,9.9999999999989e-05,9.9999999999989e-05,0.0002216129933981,4,2,High,101947.2,88.19761593,3329.05,2235.61079141,0.5479543366196604,0.6582414880173347,USDP,0,1,-9.9999999999989e-05
2025-11-05 05:00:00,1.0001,1.0001,0.9999,0.9999,3785.0,9.9999999999989e-05,-9.9999999999989e-05,0.0002371326296828,5,2,High,101770.0,88.03287002,3325.98,950.97976891,0.5852889840797043,0.6813200724305413,USDP,0,1,9.9999999999989e-05
2025-11-05 06:00:00,1.0,1.0001,1.0,1.0001,25575.0,9.9999999999989e-05,9.9999999999989e-05,0.000240131304666,6,2,High,102059.5,19.24400584,3334.9,1826.61851188,0.650653127983166,0.7284782896382596,USDP,0,1,9.9999999999989e-05
2025-11-05 07:00:00,1.0001,1.0001,1.0001,1.0001,12.0,9.9999999999989e-05,9.9999999999989e-05,0.0002431675035546,7,2,High,102039.9,52.34900043,3333.34,703.37233199,0.655382856950614,0.7294978041636184,USDP,0,1,9.9999999999989e-05
2025-11-05 08:00:00,1.0001,1.0001,0.9998,1.0001,52010.0,9.9999999999989e-05,9.9999999999989e-05,0.0002455030328384,8,2,High,101724.2,88.42394202,3300.33,716.80862141,0.6594442949656808,0.736199905885601,USDP,0,1,0.0001999999999999
2025-11-05 09:00:00,1.0002,1.0012,1.0,1.0002,1713518.0,0.0001999999999999,0.0001999999999999,0.0002455030328384,9,2,High,101969.0,31.77896274,3306.28,368.78455269,0.7083008545190677,0.7835755745612097,USDP,0,1,0.0001999999999999
2025-11-05 10:00:00,1.0002,1.0002,1.0002,1.0002,0.0,0.0001999999999999,0.0001999999999999,0.000241822788157,10,2,High,101348.2,70.99568314,3277.46,355.76972463,0.6979032069356375,0.7753309777931612,USDP,0,1,0.0001999999999999
2025-11-05 11:00:00,1.0002,1.0002,1.0002,1.0002,0.0,0.0001999999999999,0.0001999999999999,0.0002245365597607,11,2,High,102000.0,33.11432423,3321.28,251.76616753,0.6363820988097103,0.7389539881033993,USDP,0,1,0.0001999999999999
2025-11-05 12:00:00,1.0003,1.0003,0.9999,1.0002,190156.0,0.0001999999999999,0.0001999999999999,0.000203590951088,12,2,High,102655.6,115.46511477,3345.13,945.14486531,0.5483807625529636,0.6877327435341876,USDP,0,1,0.0001999999999999
2025-11-05 13:00:00,1.0001,1.0004,1.0001,1.0002,339251.0,0.0001999999999999,0.0001999999999999,0.0001955575455609,13,2,High,102975.1,107.24042454,3359.05,842.94868747,0.4692417634648421,0.649316794270751,USDP,0,1,0.0001999999999999
2025-11-05 14:00:00,1.0002,1.0002,1.0,1.0002,3188.0,0.0001999999999999,0.0001999999999999,0.0001517411029404,14,2,High,103180.1,195.57519088,3346.31,1860.69407966,0.1293522778766853,0.4360684935385219,USDP,0,1,0.0001999999999999
2025-11-05 15:00:00,1.0002,1.0002,1.0002,1.0002,14.0,0.0001999999999999,0.0001999999999999,0.000137260991228,15,2,High,103712.9,119.16172206,3397.63,2007.55689389,-0.0212016943838526,0.2397326355808833,USDP,1,1,0.0001999999999999
2025-11-05 16:00:00,1.0002,1.0002,1.0002,1.0002,0.0,0.0001999999999999,0.0001999999999999,0.0001197067673431,16,2,High,103914.0,98.88904232,3436.3,7026.96539902,-0.0570972669569183,0.0456973337082941,USDP,1,1,0.0001999999999999
2025-11-05 17:00:00,1.0002,1.0002,1.0002,1.0002,9.0,0.0001999999999999,0.0001999999999999,0.0001095941128348,17,2,High,103915.9,122.42103321,3435.31,2377.9772622,0.0350990648032943,-0.0199944276896124,USDP,1,1,0.0001999999999999
2025-11-05 18:00:00,1.0002,1.0002,1.0002,1.0002,231.0,0.0001999999999999,0.0001999999999999,9.770927004198344e-05,18,2,High,104344.0,185.64710911,3461.32,2514.83653092,0.1366811681485968,0.0385176419223911,USDP,1,1,9.9999999999989e-05
2025-11-05 19:00:00,1.0002,1.0002,1.0001,1.0001,56.0,9.9999999999989e-05,9.9999999999989e-05,8.297022341730458e-05,19,2,High,104090.0,95.07214432,3456.78,1487.53393966,0.3083581424475238,0.1703747747544783,USDP,0,1,0.0001999999999999
2025-11-05 20:00:00,1.0002,1.0002,1.0002,1.0002,2880.0,0.0001999999999999,0.0001999999999999,7.696696074547551e-05,20,2,High,103850.4,119.91405005,3452.57,1308.67452882,0.4979000102488881,0.3922165360468742,USDP,0,1,0.0001999999999999
2025-11-05 21:00:00,1.0002,1.0002,1.0002,1.0002,0.0,0.0001999999999999,0.0001999999999999,7.75531608416255e-05,21,2,High,103656.2,70.72699249,3442.49,2342.80887363,0.5141606166861794,0.408313038707657,USDP,0,1,0.0001999999999999
2025-11-05 22:00:00,1.0002,1.0002,1.0002,1.0002,0.0,0.0001999999999999,0.0001999999999999,7.790276363904292e-05,22,2,High,103696.0,75.22173765,3426.4,865.61860736,0.5192075355119092,0.4137899968062036,USDP,0,1,0.0001999999999999
2025-11-05 23:00:00,1.0002,1.0002,1.0002,1.0002,21.0,0.0001999999999999,0.0001999999999999,7.790276363904292e-05,23,2,High,103900.0,30.71872142,3424.01,275.95802806,0.5776633809846236,0.4749065995346341,USDP,0,1,0.0001999999999999
2025-11-06 00:00:00,1.0002,1.0002,1.0002,1.0002,0.0,0.0001999999999999,0.0001999999999999,7.210600089578685e-05,0,3,High,103672.2,29.81045529,3407.34,507.35343888,0.5122019587821249,0.3925723828409122,USDP,0,1,0.0001999999999999
2025-11-06 01:00:00,1.0002,1.0002,1.0002,1.0002,0.0,0.0001999999999999,0.0001999999999999,7.172815025554366e-05,1,3,High,103345.9,55.53847668,3405.58,521.95882015,0.5030265410882968,0.3723004100851264,USDP,0,1,9.9999999999989e-05
2025-11-06 02:00:00,1.0001,1.0001,1.0001,1.0001,15.0,9.9999999999989e-05,9.9999999999989e-05,7.172815025554366e-05,2,3,High,103362.8,35.52644948,3422.92,199.82131232,0.4563425817834267,0.3120364981824275,USDP,0,1,9.9999999999989e-05
2025-11-06 03:00:00,1.0001,1.0001,1.0001,1.0001,99.0,9.9999999999989e-05,9.9999999999989e-05,7.172815025554366e-05,3,3,High,103615.0,18.41583719,3432.27,233.11181317,0.4037353806254499,0.2497738753988296,USDP,0,1,9.9999999999989e-05
2025-11-06 04:00:00,1.0001,1.0001,1.0001,1.0001,0.0,9.9999999999989e-05,9.9999999999989e-05,7.172815025554366e-05,4,3,High,104000.0,57.94432719,3452.12,849.24589527,0.3287225841792675,0.1727381006719168,USDP,0,1,0.0
2025-11-06 05:00:00,1.0002,1.0007,1.0,1.0,346162.0,0.0,0.0,5.757792453831224e-05,5,3,High,103117.6,80.78133777,3385.38,361.45024436,0.1240043894264242,0.0100206118713648,USDP,1,1,0.0
2025-11-06 06:00:00,1.0,1.0,1.0,1.0,0.0,0.0,0.0,6.538625483762193e-05,6,3,High,103320.2,19.60178607,3385.01,840.03238299,0.0432906570454861,-0.019934121557035,USDP,1,1,0.0
2025-11-06 07:00:00,1.0,1.0,1.0,1.0,0.0,0.0,0.0,7.210600089577986e-05,7,3,High,103236.3,39.84864983,3379.85,629.41861726,-0.0086530496175833,-0.0328542889955595,USDP,1,1,0.0
2025-11-06 08:00:00,1.0,1.0,1.0,1.0,35.0,0.0,0.0,7.801894977899297e-05,8,3,High,103200.0,25.72805383,3384.8,170.05885301,-0.0596152851801284,-0.0690570307066439,USDP,1,1,0.0001999999999999
2025-11-06 09:00:00,1.0001,1.0005,0.9999,1.0002,505431.0,0.0001999999999999,0.0001999999999999,7.801894977899297e-05,9,3,High,102869.7,16.68470871,3382.71,206.36072497,-0.0270215571306559,-0.0289039863882532,USDP,1,1,0.0001999999999999
2025-11-06 10:00:00,1.0002,1.0003,1.0001,1.0002,63043.0,0.0001999999999999,0.0001999999999999,7.801894977899297e-05,10,3,High,103148.1,41.0234378,3393.3,261.34894343,0.0611632392717576,0.048802104647666,USDP,1,1,0.0002999999999999
2025-11-06 11:00:00,1.0003,1.0004,1.0,1.0003,48454.0,0.0002999999999999,0.0002999999999999,8.329709358653252e-05,11,3,High,103172.8,22.52214033,3398.96,352.63503033,0.1020442026285631,0.0957187640633488,USDP,1,1,0.0004999999999999
2025-11-06 12:00:00,1.0004,1.0007,1.0003,1.0005,1302834.0,0.0004999999999999,0.0004999999999999,0.0001090140265003,12,3,High,102530.0,47.65396799,3347.85,1162.2804321,-0.1922101436137598,-0.1404547012188456,USDP,1,1,0.0003999999999999
2025-11-06 13:00:00,1.0004,1.0006,1.0,1.0004,37393.0,0.0003999999999999,0.0003999999999999,0.000118871505355,13,3,High,103253.7,44.6546921,3389.28,961.24984014,-0.2156563478631794,-0.1702044607331008,USDP,1,1,0.0002999999999999
2025-11-06 14:00:00,1.0004,1.0004,1.0003,1.0003,310.0,0.0002999999999999,0.0002999999999999,0.0001215092290995,14,3,High,102063.8,141.76549774,3325.45,1036.84898306,-0.290874986390548,-0.2492185385020014,USDP,1,1,0.0002999999999999
2025-11-06 15:00:00,1.0004,1.0004,1.0003,1.0003,68.0,0.0002999999999999,0.0002999999999999,0.0001239448217688,15,3,High,101950.7,160.23180778,3299.04,2459.95247598,-0.3522153434839498,-0.3126398232129022,USDP,1,1,0.0001999999999999
2025-11-06 16:00:00,1.0003,1.0004,0.9999,1.0002,18765.0,0.0001999999999999,0.0001999999999999,0.0001239448217688,16,3,High,100813.3,264.35997792,3275.17,3136.38666754,-0.2914241379740839,-0.2854985426781934,USDP,1,1,0.0001999999999999
2025-11-06 17:00:00,1.0003,1.0007,1.0001,1.0002,18158.0,0.0001999999999999,0.0001999999999999,0.0001239448217688,17,3,High,101744.2,82.10426003,3327.8,1545.66021915,-0.2910931567245445,-0.2900541790391357,USDP,1,1,0.0001999999999999
2025-11-06 18:00:00,1.0003,1.0003,1.0002,1.0002,377.0,0.0001999999999999,0.0001999999999999,0.0001239448217688,18,3,High,101687.3,93.6744913,3328.11,7101.32128129,-0.3050709321959978,-0.3081206037751162,USDP,1,1,0.0003999999999999
2025-11-06 19:00:00,1.0003,1.0004,1.0003,1.0004,2098.0,0.0003999999999999,0.0003999999999999,0.0001301476307882,19,3,High,101355.0,138.75065562,3323.5,892.7167858,-0.3720781632629235,-0.342540297509747,USDP,1,1,0.0004999999999999
2025-11-06 20:00:00,1.0004,1.0005,1.0003,1.0005,407.0,0.0004999999999999,0.0004999999999999,0.0001442120017609,20,3,High,100865.9,73.44710667,3304.71,1277.33633425,-0.4988763362146992,-0.4446984494275703,USDP,1,1,0.0003999999999999
2025-11-06 21:00:00,1.0004,1.0005,1.0004,1.0004,108.0,0.0003999999999999,0.0003999999999999,0.0001493949148475,21,3,High,101079.6,32.20116973,3325.74,667.10271084,-0.5484569460386467,-0.4883861317487731,USDP,1,1,9.9999999999989e-05
2025-11-06 22:00:00,1.0004,1.0004,0.9999,1.0001,23433.0,9.9999999999989e-05,9.9999999999989e-05,0.0001512628004012,22,3,High,101358.8,50.74525697,3320.0,658.76325632,-0.487863204532434,-0.44643414607977,USDP,1,1,9.9999999999989e-05
2025-11-06 23:00:00,1.0001,1.0001,1.0,1.0001,2411.0,9.9999999999989e-05,9.9999999999989e-05,0.0001529895326617,23,3,High,101290.1,47.65616041,3313.54,377.5404232,-0.4410163094572504,-0.406831688319469,USDP,1,1,0.0
2025-11-07 00:00:00,1.0001,1.0001,1.0,1.0,2173.0,0.0,0.0,0.0001587998466844,0,4,High,101490.1,64.67874578,3322.76,5307.57000193,-0.3742272554146806,-0.3477535973994914,USDP,1,1,0.0
2025-11-07 01:00:00,1.0,1.0,1.0,1.0,0.0,0.0,0.0,0.0001639635873409,1,4,High,101476.4,27.87131626,3321.47,832.58711391,-0.3177892124443459,-0.3009547901892684,USDP,1,1,0.0
2025-11-07 02:00:00,1.0,1.0,1.0,1.0,0.0,0.0,0.0,0.000167624061786,2,4,High,101817.9,24.17137054,3344.63,441.6287857,-0.2673586196750654,-0.2624246410248961,USDP,1,1,0.0
2025-11-07 03:00:00,1.0,1.0,1.0,1.0,0.0,0.0,0.0,0.0001711004451238,3,4,High,101864.9,32.63391218,3345.39,188.02034071,-0.2225312067860003,-0.2288295182055963,USDP,1,1,0.0
2025-11-07 04:00:00,1.0,1.0,1.0,1.0,0.0,0.0,0.0,0.000174403746145,4,4,High,101968.9,42.38297326,3336.79,238.40783442,-0.1856253219430248,-0.191088549747411,USDP,1,1,0.0
2025-11-07 05:00:00,1.0,1.0,1.0,1.0,0.0,0.0,0.0,0.000174403746145,5,4,High,102388.7,35.31127579,3364.97,3362.43555401,-0.1517390957716441,-0.1687985848214716,USDP,1,1,0.0
2025-11-07 06:00:00,1.0,1.0,1.0,1.0,17.0,0.0,0.0,0.000174403746145,6,4,High,101817.9,13.17549352,3346.2,223.99683011,-0.0741536215396718,-0.1219234266767222,USDP,1,1,0.0001999999999999
2025-11-07 07:00:00,1.0,1.0003,1.0,1.0002,9218.0,0.0001999999999999,0.0001999999999999,0.0001701980943108,7,4,High,101973.6,74.39321541,3356.29,639.50269269,-0.001703788717423,-0.0696593244969122,USDP,1,1,0.0003999999999999
2025-11-07 08:00:00,1.0002,1.0004,1.0002,1.0004,2319.0,0.0003999999999999,0.0003999999999999,0.0001706233244407,8,4,High,101489.9,12.39253351,3340.36,314.25474307,0.0563982027171569,0.0016798230509297,USDP,1,1,0.0003999999999999
2025-11-07 09:00:00,1.0004,1.0004,1.0004,1.0004,0.0,0.0003999999999999,0.0003999999999999,0.0001752327644641,9,4,High,100972.7,65.35199215,3300.39,702.3288907,-0.002473008304792,-0.0535281158837646,USDP,1,1,0.0003999999999999
2025-11-07 10:00:00,1.0003,1.0004,1.0002,1.0004,828.0,0.0003999999999999,0.0003999999999999,0.0001793203755963,10,4,High,100768.7,47.20097894,3278.89,701.43043058,-0.0614536067297091,-0.1266022939240951,USDP,1,1,0.0002999999999999
2025-11-07 11:00:00,1.0004,1.0005,1.0002,1.0003,14477.0,0.0002999999999999,0.0002999999999999,0.0001793203755963,11,4,High,100369.4,104.80055889,3260.2,5598.04499983,-0.1480882203420222,-0.2195224341151468,USDP,1,1,0.0006999999999999
2025-11-07 12:00:00,1.0003,1.0009,1.0003,1.0007,1266037.0,0.0006999999999999,0.0006999999999999,0.0001966660525724,12,4,High,99560.0,773.48918432,3218.51,36707.08261726,-0.4852069710379801,-0.5092427641124179,USDP,1,1,0.0007999999999999
2025-11-07 13:00:00,1.0008,1.0009,1.0008,1.0008,183006.0,0.0007999999999999,0.0007999999999999,0.0002264646371655,13,4,High,100249.9,85.4981204,3238.34,1253.18726204,-0.7362741250512224,-0.7307461422635875,USDP,1,1,0.0008999999999999
2025-11-07 14:00:00,1.0008,1.001,1.0008,1.0009,151027.0,0.0008999999999999,0.0008999999999999,0.0002628922190612,14,4,High,100706.7,297.34918851,3284.06,2472.04279296,-0.7462874330941008,-0.707315741565285,USDP,1,1,0.0008999999999999
2025-11-07 15:00:00,1.0009,1.0009,1.0009,1.0009,0.0,0.0008999999999999,0.0008999999999999,0.0002926329748563,15,4,High,100780.0,496.57292032,3295.06,1538.81474753,-0.7493402635071063,-0.6742151575446528,USDP,1,1,0.0007999999999999
2025-11-07 16:00:00,1.0008,1.0008,1.0008,1.0008,325.0,0.0007999999999999,0.0007999999999999,0.000309247567449,16,4,High,101079.8,577.39483104,3308.72,2130.73123374,-0.7435805385762162,-0.6743017198735656,USDP,1,1,0.0003999999999999
2025-11-07 17:00:00,1.0007,1.0007,1.0004,1.0004,3247.0,0.0003999999999999,0.0003999999999999,0.0003085437981299,17,4,High,102279.9,602.09984856,3383.23,3601.55886307,-0.6879290509582381,-0.6037384438983274,USDP,1,1,0.0003999999999999
2025-11-07 18:00:00,1.0004,1.0004,1.0004,1.0004,0.0,0.0003999999999999,0.0003999999999999,0.0003076029343479,18,4,High,102553.5,218.63978042,3425.75,2502.74950186,-0.620521571062967,-0.495830936209406,USDP,1,1,0.0003999999999999
2025-11-07 19:00:00,1.0005,1.0005,1.0004,1.0004,1597.0,0.0003999999999999,0.0003999999999999,0.0003076029343479,19,4,High,103274.2,298.74410228,3441.93,3033.59904335,-0.5214758932003186,-0.4122084495353056,USDP,1,1,0.0003999999999999
2025-11-07 20:00:00,1.0003,1.0004,1.0002,1.0004,2713.0,0.0003999999999999,0.0003999999999999,0.0003059790653098,20,4,High,103714.6,435.85713023,3465.14,20477.60135229,-0.421990149246001,-0.3322098850342707,USDP,1,1,0.0003999999999999
2025-11-07 21:00:00,1.0004,1.0004,1.0004,1.0004,0.0,0.0003999999999999,0.0003999999999999,0.0003059790653098,21,4,High,103820.6,58.17595854,3468.11,1699.36498054,-0.3545402946101044,-0.2790703434627352,USDP,1,1,0.0002999999999999
2025-11-07 22:00:00,1.0003,1.0003,1.0002,1.0003,1273.0,0.0002999999999999,0.0002999999999999,0.0003020461621342,22,4,High,103620.0,78.2429648,3444.25,1488.90007401,-0.3544558963408914,-0.2862831335602379,USDP,1,1,0.0003999999999999
2025-11-07 23:00:00,1.0004,1.0004,1.0004,1.0004,241.0,0.0003999999999999,0.0003999999999999,0.0002977877368763,23,4,High,103279.9,57.73191512,3433.9,1195.80689984,-0.3520740579761556,-0.2874671846496978,USDP,1,1,0.0003999999999999
2025-11-08 00:00:00,1.0004,1.0004,1.0004,1.0004,0.0,0.0003999999999999,0.0003999999999999,0.000288141219406,0,5,High,102645.2,71.16498594,3421.78,784.88570213,-0.3725599276242554,-0.3054543220613631,USDP,1,1,0.0003999999999999
2025-11-08 01:00:00,1.0004,1.0004,1.0004,1.0004,0.0,0.0003999999999999,0.0003999999999999,0.0002771163623151,1,5,High,102932.0,14.05661763,3433.73,478.51556865,-0.3992701545304848,-0.3327846714861747,USDP,1,1,0.0003999999999999
2025-11-08 02:00:00,1.0004,1.0004,1.0004,1.0004,0.0,0.0003999999999999,0.0003999999999999,0.0002645408929821,2,5,High,102757.7,8.83683279,3439.95,1152.2761459,-0.4198034457937579,-0.3502245897837506,USDP,1,1,0.0003999999999999
2025-11-08 03:00:00,1.0004,1.0004,1.0004,1.0004,0.0,0.0003999999999999,0.0003999999999999,0.0002501810938338,3,5,High,102600.0,21.04921941,3452.4,1167.48858176,-0.4485912880534792,-0.377375332584859,USDP,1,1,0.0003999999999999
2025-11-08 04:00:00,1.0004,1.0004,1.0004,1.0004,0.0,0.0003999999999999,0.0003999999999999,0.000233708290865,4,5,High,102472.6,20.41328788,3457.31,319.96010062,-0.4823799566652537,-0.429748082779407,USDP,1,1,0.0003999999999999
2025-11-08 05:00:00,1.0004,1.0004,1.0004,1.0004,0.0,0.0003999999999999,0.0003999999999999,0.0002146365313299,5,5,High,102283.6,15.76565919,3429.31,586.63614442,-0.499077697886639,-0.4754825271468227,USDP,1,1,0.0003999999999999
2025-11-08 06:00:00,1.0005,1.0005,1.0004,1.0004,982.0,0.0003999999999999,0.0003999999999999,0.000192193667426,6,5,High,102200.1,60.59468403,3442.1,179.0874046,-0.5760585735049463,-0.5713598109356062,USDP,1,1,0.0003999999999999
2025-11-08 07:00:00,1.0004,1.0004,1.0004,1.0004,0.0,0.0003999999999999,0.0003999999999999,0.0001841057509633,7,5,High,102299.9,28.43681013,3445.93,110.87995068,-0.6073990282420985,-0.6198221510039461,USDP,1,1,0.0003999999999999
2025-11-08 08:00:00,1.0004,1.0004,1.0004,1.0004,0.0,0.0003999999999999,0.0003999999999999,0.0001841057509633,8,5,High,102415.2,30.06413729,3455.5,103.18151663,-0.6233491501203186,-0.6383983927485753,USDP,1,1,0.0004999999999999
2025-11-08 09:00:00,1.0005,1.0005,1.0005,1.0005,6.0,0.0004999999999999,0.0004999999999999,0.0001833662684555,9,5,High,102356.4,35.08373491,3439.35,630.10364498,-0.6546587904079553,-0.6682030772440753,USDP,1,1,0.0004999999999999
2025-11-08 10:00:00,1.0005,1.0005,1.0004,1.0005,156.0,0.0004999999999999,0.0004999999999999,0.000182524566546,10,5,High,102514.6,31.66490975,3444.54,148.19710086,-0.7005711566041252,-0.7220922864093021,USDP,1,1,0.0004999999999999
2025-11-08 11:00:00,1.0005,1.0005,1.0003,1.0005,928.0,0.0004999999999999,0.0004999999999999,0.0001781039429496,11,5,High,101800.1,70.52740816,3411.92,351.92531774,-0.8406864529555865,-0.8825298665963223,USDP,1,1,0.0004999999999999
2025-11-08 12:00:00,1.0005,1.0005,1.0005,1.0005,419.0,0.0004999999999999,0.0004999999999999,0.0001727337735454,12,5,High,102003.8,20.91243497,3406.81,685.16628389,-0.8626722527167588,-0.9157997648754304,USDP,1,1,0.0004999999999999
2025-11-08 13:00:00,1.0005,1.0006,1.0005,1.0005,480.0,0.0004999999999999,0.0004999999999999,0.0001594828599262,13,5,High,101820.1,19.76771176,3395.92,255.908972,-0.8318056146387715,-0.9209382495307926,USDP,1,1,0.0004999999999999
2025-11-08 14:00:00,1.0005,1.0005,1.0005,1.0005,426.0,0.0004999999999999,0.0004999999999999,0.0001316010660341,14,5,High,101867.0,28.54608091,3398.83,274.29045902,-0.7832280797026548,-0.8845875261354791,USDP,1,1,0.0004999999999999
2025-11-08 15:00:00,1.0005,1.0005,1.0005,1.0005,1834.0,0.0004999999999999,0.0004999999999999,9.286112430657586e-05,15,5,High,101665.5,15.86621852,3374.0,749.87833642,-0.7182067594928129,-0.7939541833413882,USDP,1,1,0.0004999999999999
2025-11-08 16:00:00,1.0005,1.0005,1.0005,1.0005,420.0,0.0004999999999999,0.0004999999999999,5.500329372482211e-05,16,5,High,101760.1,42.89038944,3367.58,448.380155,-0.7072248325609762,-0.5749145130742743,USDP,1,1,0.0004999999999999
2025-11-08 17:00:00,1.0005,1.0005,1.0005,1.0005,274.0,0.0004999999999999,0.0004999999999999,5.646597027256683e-05,17,5,High,101961.8,61.8401129,3398.0,135.64223921,-0.7362141587026123,-0.678505367295229,USDP,1,1,0.0004999999999999
2025-11-08 18:00:00,1.0004,1.0005,1.0004,1.0005,108.0,0.0004999999999999,0.0004999999999999,5.757792452848757e-05,18,5,High,102185.1,26.35371701,3403.4,236.35306927,-0.7416948951186865,-0.7004222446860382,USDP,1,1,0.0004999999999999
2025-11-08 19:00:00,1.0005,1.0005,1.0004,1.0005,413.0,0.0004999999999999,0.0004999999999999,5.835920752662681e-05,19,5,High,101950.0,14.41731482,3388.22,281.41691607,-0.7464956931027437,-0.7126634055609318,USDP,1,1,0.0004999999999999
2025-11-08 20:00:00,1.0005,1.0005,1.0005,1.0005,0.0,0.0004999999999999,0.0004999999999999,5.882299660170499e-05,20,5,High,102022.2,13.51774721,3396.71,216.95997488,-0.7675045529584796,-0.7185468857736549,USDP,1,1,0.0004999999999999
2025-11-08 21:00:00,1.0005,1.0005,1.0005,1.0005,0.0,0.0004999999999999,0.0004999999999999,5.8976782475941686e-05,21,5,High,102260.0,6.92084021,3406.81,245.73747039,-0.8053864164096664,-0.7183319228553591,USDP,1,1,0.0004999999999999
2025-11-08 22:00:00,1.0005,1.0005,1.0005,1.0005,0.0,0.0004999999999999,0.0004999999999999,5.03610155345461e-05,22,5,High,102368.8,16.24510966,3408.97,681.56122528,-0.6968527945901455,-0.7441800666656563,USDP,1,1,0.0004999999999999
2025-11-08 23:00:00,1.0005,1.0005,1.0005,1.0005,55.0,0.0004999999999999,0.0004999999999999,4.9453535520805423e-05,23,5,High,102282.1,14.59672178,3400.21,249.5993871,-0.6762083756408147,-0.7478885001314457,USDP,1,1,0.0004999999999999
2025-11-09 00:00:00,1.0005,1.0008,1.0005,1.0005,15274.0,0.0004999999999999,0.0004999999999999,4.8154341250678506e-05,0,6,High,101743.8,18.90377797,3383.46,110.5805573,-0.6594649727495687,-0.7711571665712861,USDP,1,1,0.0004999999999999
2025-11-09 01:00:00,1.0005,1.0005,1.0005,1.0005,0.0,0.0004999999999999,0.0004999999999999,4.643056216554137e-05,1,6,High,102020.5,6.80820999,3399.99,205.00033426,-0.6218452678909425,-0.7744905696494814,USDP,1,1,0.0004999999999999
2025-11-09 02:00:00,1.0005,1.0005,1.0005,1.0005,0.0,0.0004999999999999,0.0004999999999999,4.42325868638747e-05,2,6,High,101600.0,9.46352876,3367.1,124.44522036,-0.5648771718737159,-0.7553737803340991,USDP,1,1,0.0004999999999999
2025-11-09 03:00:00,1.0005,1.0005,1.0005,1.0005,32.0,0.0004999999999999,0.0004999999999999,4.14851117182296e-05,3,6,High,101624.3,36.96430302,3374.51,196.80897782,-0.5031273355757574,-0.7238914430725901,USDP,1,1,0.0004999999999999
2025-11-09 04:00:00,1.0005,1.0005,1.0005,1.0005,325.0,0.0004999999999999,0.0004999999999999,3.8069349401063106e-05,4,6,High,101703.9,14.52309086,3374.67,1600.01014843,-0.4424094317025236,-0.6728880304916556,USDP,1,1,0.0002999999999999
2025-11-09 05:00:00,1.0005,1.0005,1.0003,1.0003,7201.0,0.0002999999999999,0.0002999999999999,5.08977377853417e-05,5,6,High,101890.1,16.00646261,3404.38,178.67504454,-0.1956548618488074,-0.446596402449275,USDP,1,1,0.0002999999999999
2025-11-09 06:00:00,1.0004,1.0006,1.0003,1.0003,17616.0,0.0002999999999999,0.0002999999999999,6.0791875900099034e-05,6,6,High,101682.2,4.69107083,3403.11,193.70739074,0.0229144487986516,-0.3065798406895377,USDP,1,1,0.0002999999999999
2025-11-09 07:00:00,1.0003,1.0003,1.0003,1.0003,0.0,0.0002999999999999,0.0002999999999999,6.902530517992243e-05,7,6,High,101887.3,57.65093426,3422.24,389.07401627,0.1122994391681758,-0.2961654619246481,USDP,1,1,0.0003999999999999
2025-11-09 08:00:00,1.0003,1.0004,1.0003,1.0004,88.0,0.0003999999999999,0.0003999999999999,6.902530517992243e-05,8,6,High,101940.6,14.33802761,3420.52,151.50239364,0.2023045986692387,-0.2578851598716096,USDP,1,1,0.0003999999999999
2025-11-09 09:00:00,1.0004,1.0004,1.0004,1.0004,298.0,0.0003999999999999,0.0003999999999999,7.019641182752877e-05,9,6,High,101641.2,9.79373222,3400.0,268.59958963,0.2234243483248277,-0.3249155561475632,USDP,1,1,0.0003999999999999
2025-11-09 10:00:00,1.0004,1.0004,1.0004,1.0004,5028.0,0.0003999999999999,0.0003999999999999,7.109393664498251e-05,10,6,High,101840.7,9.73801804,3401.12,158.26335697,0.2072432115124003,-0.4577230579625934,USDP,1,1,0.0004999999999999
2025-11-09 11:00:00,1.0005,1.0006,1.0005,1.0005,2168.0,0.0004999999999999,0.0004999999999999,7.109393664498251e-05,11,6,High,102210.1,19.47938072,3428.74,240.37082013,0.2418324828227512,-0.4041484987963231,USDP,1,1,0.0004999999999999
2025-11-09 12:00:00,1.0005,1.0005,1.0005,1.0005,418.0,0.0004999999999999,0.0004999999999999,7.109393664498251e-05,12,6,High,102090.1,41.63712996,3441.09,1705.51653156,0.248256217407884,-0.3141416463442241,USDP,1,1,0.0004999999999999
2025-11-09 13:00:00,1.0005,1.0005,1.0005,1.0005,364.0,0.0004999999999999,0.0004999999999999,7.109393664498251e-05,13,6,High,102897.6,26.83271762,3458.44,430.57203291,0.2687921679321854,-0.1989434100807138,USDP,1,1,0.0004999999999999
2025-11-09 14:00:00,1.0005,1.0005,1.0005,1.0005,0.0,0.0004999999999999,0.0004999999999999,7.109393664498251e-05,14,6,High,102954.0,141.47315726,3505.63,4768.01444634,0.2925415260389978,-0.0647735810148112,USDP,1,1,0.0004999999999999
2025-11-09 15:00:00,1.0005,1.0005,1.0005,1.0005,5155.0,0.0004999999999999,0.0004999999999999,7.109393664498251e-05,15,6,High,103766.7,135.57047598,3515.0,2060.82542087,0.3064937967937693,0.0328663995865297,USDP,1,1,0.0004999999999999
2025-11-09 16:00:00,1.0005,1.0005,1.0005,1.0005,437.0,0.0004999999999999,0.0004999999999999,7.109393664498251e-05,16,6,High,103805.0,25.2098592,3527.64,621.9654524,0.3315261007751101,0.1136243304183226,USDP,0,1,0.0004999999999999
2025-11-09 17:00:00,1.0005,1.0005,1.0005,1.0005,377.0,0.0004999999999999,0.0004999999999999,7.109393664498251e-05,17,6,High,103594.5,22.05475037,3514.69,902.1122249,0.3563782705954084,0.1606083913482519,USDP,0,1,0.0004999999999999
2025-11-09 18:00:00,1.0005,1.0005,1.0004,1.0005,347.0,0.0004999999999999,0.0004999999999999,7.109393664498251e-05,18,6,High,104499.9,131.25350157,3542.89,875.4049852,0.3592744264648984,0.2035985588417256,USDP,0,1,0.0004999999999999
2025-11-09 19:00:00,1.0005,1.0005,1.0004,1.0005,421.0,0.0004999999999999,0.0004999999999999,7.109393664498251e-05,19,6,High,104791.0,165.152401,3580.0,3860.51822803,0.3765284680554925,0.2508011386824141,USDP,0,1,0.0004999999999999
2025-11-09 20:00:00,1.0005,1.0006,1.0005,1.0005,418.0,0.0004999999999999,0.0004999999999999,7.109393664498251e-05,20,6,High,104605.0,89.95212093,3578.4,2406.66135202,0.4008984134027663,0.2913726699081334,USDP,0,1,0.0004999999999999
2025-11-09 21:00:00,1.0005,1.0005,1.0005,1.0005,202.0,0.0004999999999999,0.0004999999999999,7.109393664498251e-05,21,6,High,104510.0,28.72560906,3579.75,1359.26381289,0.4221510196969866,0.326659837835827,USDP,0,1,0.0005999999999999
2025-11-09 22:00:00,1.0005,1.0006,1.0004,1.0006,7932.0,0.0005999999999999,0.0005999999999999,7.613869877303808e-05,22,6,High,104699.9,45.98413316,3586.71,574.46746925,0.506003663113365,0.4334720022853956,USDP,0,1,0.0004999999999999
2025-11-09 23:00:00,1.0005,1.0005,1.0005,1.0005,12.0,0.0004999999999999,0.0004999999999999,7.613869877303808e-05,23,6,High,104729.8,78.70287758,3584.2,914.95645696,0.5186905142891514,0.4610396717441472,USDP,0,1,0.0002999999999999
2025-11-10 00:00:00,1.0005,1.0005,1.0002,1.0003,12342.0,0.0002999999999999,0.0002999999999999,8.29702234095271e-05,0,0,High,106270.0,194.06954563,3635.24,3067.03117652,0.2378480706719977,0.2523280796322697,USDP,0,1,0.0001999999999999
2025-11-10 01:00:00,1.0003,1.0003,1.0002,1.0002,1590.0,0.0001999999999999,0.0001999999999999,9.770927003587256e-05,1,0,High,105765.4,100.89962898,3629.01,4214.60155891,0.0068987041618743,0.0365531862667902,USDP,1,1,0.0002999999999999
2025-11-10 02:00:00,1.0003,1.0003,1.0003,1.0003,5006.0,0.0002999999999999,0.0002999999999999,0.0001013495887122,2,0,High,105999.9,23.10541788,3626.39,345.80175057,-0.0722202673230731,-0.022177762141805,USDP,1,1,0.0002999999999999
2025-11-10 03:00:00,1.0003,1.0003,1.0003,1.0003,0.0,0.0002999999999999,0.0002999999999999,0.0001041702898004,3,0,High,106015.7,34.72403469,3626.96,1031.46327325,-0.1246498410745418,-0.0597700240940958,USDP,1,1,9.9999999999989e-05
2025-11-10 04:00:00,1.0003,1.0003,1.0001,1.0001,6748.0,9.9999999999989e-05,9.9999999999989e-05,0.0001226961606078,4,0,High,106163.4,24.53471141,3618.12,346.58526876,-0.244915110166773,-0.1458101608496163,USDP,1,1,0.0
2025-11-10 05:00:00,1.0001,1.0001,1.0,1.0,5486.0,0.0,0.0,0.0001474419561612,5,0,High,106050.7,25.182354,3607.35,2280.46000142,-0.4012633075981393,-0.2882252971504712,USDP,1,1,0.0
2025-11-10 06:00:00,1.0,1.0001,1.0,1.0,1116.0,0.0,0.0,0.0001676240617837,6,0,High,106203.7,92.98052809,3604.71,571.43428449,-0.5272355328977464,-0.3928976744576081,USDP,1,1,0.0
2025-11-10 07:00:00,1.0,1.0,1.0,1.0,5611.0,0.0,0.0,0.0001847442415465,7,0,High,106416.5,67.20433575,3609.32,2042.45528561,-0.6304887522072526,-0.4747953143711944,USDP,1,1,0.0
2025-11-10 08:00:00,1.0,1.0002,1.0,1.0,2775.0,0.0,0.0,0.0001998187584636,8,0,High,105920.1,23.1720679,3592.2,937.06156363,-0.6681624063460236,-0.4978422197826714,USDP,1,1,0.0
2025-11-10 09:00:00,1.0,1.0,1.0,1.0,884.0,0.0,0.0,0.0002124733572436,9,0,High,106386.1,77.52319129,3624.01,585.56056089,-0.7273424691453997,-0.555029683753571,USDP,1,1,0.0
2025-11-10 10:00:00,1.0,1.0,1.0,1.0,831.0,0.0,0.0,0.0002231201664974,10,0,High,105994.3,32.20612355,3605.09,487.960908,-0.7762767140850685,-0.6078613188635001,USDP,1,1,0.0
2025-11-10 11:00:00,1.0,1.0001,1.0,1.0,915.0,0.0,0.0,0.0002293263607011,11,0,High,106200.0,12.32105483,3608.13,307.82536742,-0.7950417097077777,-0.6165915481490353,USDP,1,1,-9.9999999999989e-05
2025-11-10 12:00:00,1.0,1.0001,0.9999,0.9999,2179.0,9.9999999999989e-05,-9.9999999999989e-05,0.0002395270097675,12,0,High,105900.1,37.32646306,3591.14,469.55045508,-0.8120290452164101,-0.6001318437216826,USDP,1,1,0.0002999999999999
2025-11-10 13:00:00,0.9999,1.0004,0.9999,1.0003,376396.0,0.0002999999999999,0.0002999999999999,0.0002349452603581,13,0,High,106500.0,40.83725382,3614.92,690.41190679,-0.7911526872699769,-0.592857764408526,USDP,1,1,0.0002999999999999
2025-11-10 14:00:00,1.0004,1.0004,1.0003,1.0003,17938.0,0.0002999999999999,0.0002999999999999,0.0002299574629905,14,0,High,104901.9,210.0361918,3540.4,3786.38499428,-0.8028856869819804,-0.5572798591439033,USDP,1,1,0.0002999999999999
2025-11-10 15:00:00,1.0003,1.0003,1.0003,1.0003,1500.0,0.0002999999999999,0.0002999999999999,0.0002245365597606,15,0,High,105017.9,114.55555514,3518.72,2216.23925976,-0.7956021310136251,-0.4952687239519386,USDP,1,1,0.0002999999999999
2025-11-10 16:00:00,1.0003,1.0003,1.0003,1.0003,48.0,0.0002999999999999,0.0002999999999999,0.0002186503396224,16,0,High,105208.7,40.9617566,3529.5,1817.36677632,-0.7887381550039994,-0.4416660290278314,USDP,1,1,0.0002999999999999
2025-11-10 17:00:00,1.0003,1.0003,1.0003,1.0003,7.0,0.0002999999999999,0.0002999999999999,0.0002122600947626,17,0,High,105944.5,37.41722577,3554.79,1721.76610114,-0.7822737828739316,-0.3855413780961516,USDP,1,1,0.0002999999999999
2025-11-10 18:00:00,1.0003,1.0003,1.0003,1.0003,0.0,0.0002999999999999,0.0002999999999999,0.0002053187694879,18,0,High,105520.0,47.05171776,3532.33,439.23337306,-0.7639798659898731,-0.3343340553762437,USDP,1,1,0.0002999999999999
2025-11-10 19:00:00,1.0003,1.0003,1.0003,1.0003,7.0,0.0002999999999999,0.0002999999999999,0.0001977683464137,19,0,High,105768.1,39.49139363,3557.13,1166.28443858,-0.7388040485016909,-0.3386315645801123,USDP,1,1,0.0001999999999999
2025-11-10 20:00:00,1.0003,1.0003,1.0,1.0002,5632.0,0.0001999999999999,0.0001999999999999,0.0001886258469765,20,0,High,106000.7,50.79728822,3571.98,947.22466515,-0.7063130874826823,-0.330791624828447,USDP,1,1,9.9999999999989e-05
2025-11-10 21:00:00,1.0001,1.0001,1.0001,1.0001,7.0,9.9999999999989e-05,9.9999999999989e-05,0.0001791687731668,21,0,High,105589.1,31.33138752,3540.21,1485.8589449,-0.6463819714402943,-0.2840747374583991,USDP,1,1,0.0
2025-11-10 22:00:00,1.0001,1.0001,1.0,1.0,997.0,0.0,0.0,0.0001606147610033,22,0,High,106031.5,42.54510056,3575.01,1070.61703184,-0.5525053411264342,-0.2962907951619903,USDP,1,1,0.0
2025-11-10 23:00:00,1.0,1.0,1.0,1.0,7.0,0.0,0.0,0.0001473805092124,23,0,High,105973.3,20.00994455,3565.64,1838.46649065,-0.4230278730177229,-0.2857351425694509,USDP,1,1,9.9999999999989e-05
2025-11-11 00:00:00,1.0,1.0001,1.0,1.0001,212.0,9.9999999999989e-05,9.9999999999989e-05,0.0001438976085351,0,1,High,106106.0,16.87358103,3584.99,2723.03781163,-0.4883225975386315,-0.3732074143416022,USDP,1,1,0.0
2025-11-11 01:00:00,1.0,1.0,1.0,1.0,40.0,0.0,0.0,0.0001458980187909,1,1,High,106059.9,81.51559155,3579.05,1399.00597896,-0.4896583374870929,-0.404113771300532,USDP,1,1,0.0
2025-11-11 02:00:00,1.0,1.0,1.0,1.0,0.0,0.0,0.0,0.0001434563004821,2,1,High,106655.8,28.34785694,3615.38,594.32245291,-0.5386422596593464,-0.5271556578510594,USDP,1,1,9.9999999999989e-05
2025-11-11 03:00:00,1.0001,1.0001,1.0001,1.0001,48.0,9.9999999999989e-05,9.9999999999989e-05,0.0001380506103486,3,1,High,106470.1,119.09051761,3605.0,630.24726021,-0.5566569761070694,-0.6518318791508664,USDP,1,1,0.0
2025-11-11 04:00:00,1.0,1.0,1.0,1.0,24.0,0.0,0.0,0.0001398109489719,4,1,High,105703.8,24.2828757,3573.62,698.80947576,-0.529852952468295,-0.6543584360923137,USDP,1,1,0.0
2025-11-11 05:00:00,1.0,1.0,1.0,1.0,13.0,0.0,0.0,0.0001398109489719,5,1,High,105273.3,18.12007907,3548.1,757.34054377,-0.453896599915468,-0.5921826011685384,USDP,1,1,9.9999999999989e-05
2025-11-11 06:00:00,1.0001,1.0001,1.0001,1.0001,1000.0,9.9999999999989e-05,9.9999999999989e-05,0.0001380506103486,6,1,High,105250.1,22.58932105,3556.78,238.61645657,-0.4215661812685274,-0.5735676469216295,USDP,1,1,9.9999999999989e-05
2025-11-11 07:00:00,1.0002,1.0002,1.0001,1.0001,1299.0,9.9999999999989e-05,9.9999999999989e-05,0.000136134524272,7,1,High,104731.5,49.05352642,3543.67,944.57046901,-0.349377624415376,-0.542328994091498,USDP,1,1,9.9999999999989e-05
2025-11-11 08:00:00,1.0001,1.0001,1.0001,1.0001,159.0,9.9999999999989e-05,9.9999999999989e-05,0.0001340560125315,8,1,High,105125.8,8.22061371,3562.44,157.4637764,-0.3280625026395705,-0.5283292828769159,USDP,1,1,-9.9999999999989e-05
2025-11-11 09:00:00,1.0001,1.0001,0.9998,0.9999,11505.0,9.9999999999989e-05,-9.9999999999989e-05,0.0001392916864574,9,1,High,104950.0,19.44873786,3556.28,551.20101083,-0.1715055092241487,-0.445771248901794,USDP,1,1,-9.9999999999989e-05
2025-11-11 10:00:00,0.9999,0.9999,0.9999,0.9999,6.0,9.9999999999989e-05,-9.9999999999989e-05,0.0001442120017627,10,1,High,105075.5,30.29579984,3560.0,1524.62206561,-0.0739096909797677,-0.3847889740715645,USDP,1,1,-9.9999999999989e-05
2025-11-11 11:00:00,1.0,1.0,0.9999,0.9999,1170.0,9.9999999999989e-05,-9.9999999999989e-05,0.000148848235141,11,1,High,105230.0,8.91395779,3573.25,530.39571299,0.004780094188043,-0.3608663142716917,USDP,1,1,9.9999999999989e-05
2025-11-11 12:00:00,1.0,1.0001,1.0,1.0001,2562.0,9.9999999999989e-05,9.9999999999989e-05,0.0001423788577477,12,1,High,104510.0,74.12775336,3540.57,1067.59813207,0.0422237763727275,-0.3085727190605747,USDP,1,1,0.0001999999999999
2025-11-11 13:00:00,1.0001,1.0002,1.0,1.0002,69511.0,0.0001999999999999,0.0001999999999999,0.0001380506103486,13,1,High,104350.1,142.46055354,3529.02,1304.12488922,-0.1089034451459435,-0.5165929080674656,USDP,1,1,0.0001999999999999
2025-11-11 14:00:00,1.0002,1.0002,1.0002,1.0002,5.0,0.0001999999999999,0.0001999999999999,0.0001334465099493,14,1,High,104620.0,156.00317588,3531.01,4623.61362179,-0.094005658226978,-0.5126957713828086,USDP,1,1,9.9999999999989e-05
2025-11-11 15:00:00,1.0001,1.0001,1.0,1.0001,4448.0,9.9999999999989e-05,9.9999999999989e-05,0.0001267629306339,15,1,High,103480.1,140.48263522,3482.54,4288.4570543,-0.0444911472393804,-0.3736432445107471,USDP,1,1,9.9999999999989e-05
2025-11-11 16:00:00,1.0001,1.0001,1.0001,1.0001,0.0,9.9999999999989e-05,9.9999999999989e-05,0.0001190998850206,16,1,High,103341.8,40.53543036,3484.78,2586.66827325,-0.0345869328452063,-0.2967130616653302,USDP,1,1,0.0001999999999999
2025-11-11 17:00:00,1.0002,1.0003,1.0002,1.0002,5211.0,0.0001999999999999,0.0001999999999999,0.000112931940529,17,1,High,103308.1,90.6897101,3473.42,4866.85148184,-0.1862941038944423,-0.3791101489504389,USDP,1,1,0.0001999999999999
2025-11-11 18:00:00,1.0002,1.0002,1.0002,1.0002,9.0,0.0001999999999999,0.0001999999999999,0.0001062366786346,18,1,High,103368.8,27.9754468,3467.85,507.34799549,-0.3030502288154087,-0.4249694111227937,USDP,1,1,0.0001999999999999
2025-11-11 19:00:00,1.0002,1.0002,1.0002,1.0002,0.0,0.0001999999999999,0.0001999999999999,9.890707102592111e-05,19,1,High,103105.1,31.54669075,3455.92,396.82110119,-0.4671417552795179,-0.5476202956815736,USDP,1,1,0.0001999999999999
2025-11-11 20:00:00,1.0002,1.0002,1.0002,1.0002,30.0,0.0001999999999999,0.0001999999999999,9.890707102592111e-05,20,1,High,102700.0,51.49267101,3435.75,1618.09555087,-0.5939137586683263,-0.6468551525164639,USDP,1,1,0.0001999999999999
2025-11-11 21:00:00,1.0002,1.0002,1.0002,1.0002,0.0,0.0001999999999999,0.0001999999999999,0.0001020620726319,21,1,High,102596.4,20.54767685,3417.53,1078.28959194,-0.6393137956406288,-0.672919832396818,USDP,1,1,0.0001999999999999
2025-11-11 22:00:00,1.0002,1.0002,1.0002,1.0002,0.0,0.0001999999999999,0.0001999999999999,0.0001034723235573,22,1,High,102960.1,42.17573562,3428.32,518.10634993,-0.6502900684964256,-0.6857963160934766,USDP,1,1,0.0001999999999999
2025-11-11 23:00:00,1.0003,1.0004,1.0002,1.0002,129.0,0.0001999999999999,0.0001999999999999,0.0001041702898074,23,1,High,103011.5,19.10006142,3414.42,362.55142005,-0.6550751602390832,-0.6943605683935549,USDP,1,1,0.0001999999999999
2025-11-12 00:00:00,1.0002,1.0002,1.0002,1.0002,0.0,0.0001999999999999,0.0001999999999999,0.0001063219066292,0,2,High,102870.1,18.20386017,3415.38,880.43971109,-0.6984562205503176,-0.7260718683375338,USDP,1,1,0.0001999999999999
2025-11-12 01:00:00,1.0002,1.0002,1.0002,1.0002,0.0,0.0001999999999999,0.0001999999999999,0.0001059805834156,1,2,High,103205.1,12.55947647,3446.43,553.85141838,-0.6936109890439827,-0.7246041538790903,USDP,1,1,0.0002999999999999
2025-11-12 02:00:00,1.0004,1.0004,1.0003,1.0003,72.0,0.0002999999999999,0.0002999999999999,0.0001102533314896,2,2,High,103086.3,15.02115789,3425.8,182.27513452,-0.6926138156978145,-0.7330843790242856,USDP,1,1,0.0001999999999999
2025-11-12 03:00:00,1.0002,1.0002,1.0002,1.0002,325.0,0.0001999999999999,0.0001999999999999,0.0001113162357921,3,2,High,103254.8,6.08949629,3438.27,110.13355442,-0.7613335369886585,-0.7762999086223357,USDP,1,1,0.0001999999999999
2025-11-12 04:00:00,1.0002,1.0003,1.0002,1.0002,247.0,0.0001999999999999,0.0001999999999999,0.0001090140265015,4,2,High,103148.1,13.05675956,3442.66,243.00025614,-0.7506208654425075,-0.7654500490188256,USDP,1,1,0.0001999999999999
2025-11-12 05:00:00,1.0002,1.0002,1.0002,1.0002,125.0,0.0001999999999999,0.0001999999999999,0.0001059805834151,5,2,High,103331.9,12.55726219,3448.92,210.72797444,-0.7328018927897674,-0.7554447247224697,USDP,1,1,0.0001999999999999
2025-11-12 06:00:00,1.0002,1.0002,1.0002,1.0002,43.0,0.0001999999999999,0.0001999999999999,0.0001062366786335,6,2,High,103364.1,10.35938993,3439.97,192.49566479,-0.7545627212074848,-0.7676014995959968,USDP,1,1,0.0001999999999999
2025-11-12 07:00:00,1.0002,1.0002,1.0002,1.0002,0.0,0.0001999999999999,0.0001999999999999,0.0001063219066284,7,2,High,103117.5,23.618706,3426.24,428.48223293,-0.7623529653173557,-0.7733520305273393,USDP,1,1,0.0001999999999999
2025-11-12 08:00:00,1.0002,1.0003,1.0002,1.0002,56.0,0.0001999999999999,0.0001999999999999,0.0001062366786334,8,2,High,104140.1,129.43540169,3469.64,568.6034388,-0.7612424426703265,-0.7888053419531835,USDP,1,1,9.9999999999989e-05
2025-11-12 09:00:00,1.0002,1.0003,1.0001,1.0001,350.0,9.9999999999989e-05,9.9999999999989e-05,9.237212078667976e-05,9,2,High,104486.4,178.13555222,3483.89,287.12032821,-0.7217366238475239,-0.7543545808944411,USDP,1,1,9.9999999999989e-05
2025-11-12 10:00:00,1.0001,1.0001,1.0001,1.0001,0.0,9.9999999999989e-05,9.9999999999989e-05,7.506036220245634e-05,10,2,High,104880.0,17.46699018,3534.0,441.80742966,-0.6595348823483772,-0.7084434539628562,USDP,1,1,9.9999999999989e-05
2025-11-12 11:00:00,1.0001,1.0001,1.0001,1.0001,73.0,9.9999999999989e-05,9.9999999999989e-05,5.089773779909155e-05,11,2,High,104994.2,66.75453517,3549.01,638.90005972,-0.5806674780626532,-0.6375371722088196,USDP,1,1,9.9999999999989e-05
2025-11-12 12:00:00,1.0001,1.0001,1.0001,1.0001,208.0,9.9999999999989e-05,9.9999999999989e-05,5.089773779909155e-05,12,2,High,105019.7,42.2422049,3552.15,907.71079839,-0.5984202013218007,-0.6418371363868722,USDP,1,1,-0.0002999999999999
2025-11-12 13:00:00,1.0001,1.0001,0.9995,0.9997,25241.0,0.0002999999999999,-0.0002999999999999,0.0001100065874316,13,2,High,105000.1,20.22193262,3577.19,651.31544958,-0.6064755748254161,-0.7151985742550167,USDP,1,1,-9.9999999999989e-05
2025-11-12 14:00:00,0.9998,0.9999,0.9997,0.9999,10294.0,9.9999999999989e-05,-9.9999999999989e-05,0.0001215092291007,14,2,High,103900.0,210.22676031,3501.27,4160.82537396,-0.6292550260689225,-0.7547058995048405,USDP,1,1,0.0
2025-11-12 15:00:00,0.9999,1.0,0.9999,1.0,2046.0,0.0,0.0,0.0001248187091263,15,2,High,102170.9,204.44693865,3428.92,4373.14500334,-0.4904898873405161,-0.6816055576073099,USDP,1,1,0.0
2025-11-12 16:00:00,1.0,1.0,1.0,1.0,0.0,0.0,0.0,0.0001279011167083,16,2,High,101455.6,125.0696624,3398.15,3196.64916224,-0.3227330709765408,-0.5723276027645395,USDP,1,1,0.0
2025-11-12 17:00:00,1.0,1.0,1.0,1.0,0.0,0.0,0.0,0.0001301476307897,17,2,High,101750.1,56.50745725,3429.21,1461.89306183,-0.2194711671346796,-0.5359070950037036,USDP,1,1,0.0001999999999999
2025-11-12 18:00:00,1.0001,1.0002,1.0001,1.0002,1688.0,0.0001999999999999,0.0001999999999999,0.0001301476307897,18,2,High,101579.2,60.92130645,3426.0,3502.42454049,-0.2461018225997105,-0.5512847075375809,USDP,1,1,0.0001999999999999
2025-11-12 19:00:00,1.0002,1.0002,1.0002,1.0002,6.0,0.0001999999999999,0.0001999999999999,0.0001301476307897,19,2,High,101279.9,60.45986273,3408.56,1520.64519253,-0.2674512145926782,-0.5624684503239943,USDP,1,1,9.9999999999989e-05
2025-11-12 20:00:00,1.0002,1.0002,1.0001,1.0001,10.0,9.9999999999989e-05,9.9999999999989e-05,0.0001293797914586,20,2,High,101520.0,88.77477304,3415.37,1104.73361998,-0.2344862494227464,-0.543454114674436,USDP,1,1,9.9999999999989e-05
2025-11-12 21:00:00,1.0001,1.0001,1.0001,1.0001,0.0,9.9999999999989e-05,9.9999999999989e-05,0.0001284664282663,21,2,High,101890.0,35.04652059,3422.63,823.37783212,-0.211014295474774,-0.5247507855031349,USDP,1,1,9.9999999999989e-05
2025-11-12 22:00:00,1.0001,1.0001,1.0001,1.0001,160.0,9.9999999999989e-05,9.9999999999989e-05,0.0001274044114664,22,2,High,101976.8,74.38454178,3420.0,240.23376426,-0.1990401465584441,-0.5079881725898161,USDP,1,1,9.9999999999989e-05
2025-11-12 23:00:00,1.0001,1.0001,1.0001,1.0001,879.0,9.9999999999989e-05,9.9999999999989e-05,0.0001261899879016,23,2,High,101666.6,44.65851257,3413.51,158.81731762,-0.1882944027990645,-0.4852264919936243,USDP,1,1,-9.9999999999989e-05
2025-11-13 00:00:00,1.0002,1.0003,0.9999,0.9999,12063.0,9.9999999999989e-05,-9.9999999999989e-05,0.0001318760946912,0,3,High,101856.9,74.06370179,3410.76,197.07532566,-0.1110068295968419,-0.3808052354656576,USDP,1,1,0.0
2025-11-13 01:00:00,0.9999,1.0001,0.9998,1.0,10908.0,0.0,0.0,0.0001316010660402,1,3,High,101953.7,38.14053381,3423.73,672.90705684,-0.0908058034052864,-0.3551741738725524,USDP,1,1,0.0
2025-11-13 02:00:00,1.0,1.0,0.9998,1.0,927.0,0.0,0.0,0.0001250362266475,2,3,High,102050.1,14.15958699,3433.57,495.74611614,-0.0836240133573879,-0.3227157415247517,USDP,1,1,0.0
2025-11-13 03:00:00,0.9999,1.0,0.9998,1.0,1672.0,0.0,0.0,0.0001232853412437,3,3,High,102162.8,66.36907038,3454.0,1340.83976567,-0.082262796847356,-0.3141430504187424,USDP,1,1,-9.9999999999989e-05
2025-11-13 04:00:00,0.9999,0.9999,0.9999,0.9999,93.0,9.9999999999989e-05,-9.9999999999989e-05,0.0001248187091274,4,3,High,102142.0,19.07528105,3484.64,1406.00927866,-0.0614202921743636,-0.3293283974836818,USDP,1,1,0.0001999999999999
2025-11-13 05:00:00,1.0,1.0002,1.0,1.0002,3186.0,0.0001999999999999,0.0001999999999999,0.0001248187091274,5,3,High,103129.4,46.84493772,3527.83,1851.71388074,-0.0691436582705119,-0.2443577641221778,USDP,1,1,0.0001999999999999
2025-11-13 06:00:00,1.0002,1.0002,1.0002,1.0002,83.0,0.0001999999999999,0.0001999999999999,0.0001248187091274,6,3,High,103538.7,64.16510511,3540.05,825.47792381,-0.0624221319867994,-0.1459458459095325,USDP,1,1,-9.9999999999989e-05
2025-11-13 07:00:00,1.0002,1.0002,0.9999,0.9999,2542.0,9.9999999999989e-05,-9.9999999999989e-05,0.000125036226648,7,3,High,103457.8,23.8729172,3539.25,476.44378898,-0.0985885390305913,-0.1737498303684921,USDP,1,1,-9.9999999999989e-05
2025-11-13 08:00:00,0.9999,1.0003,0.9998,0.9999,14810.0,9.9999999999989e-05,-9.9999999999989e-05,0.0001239448217715,8,3,High,103650.0,28.59391656,3522.06,238.57637844,-0.1884299714818487,-0.216346495986601,USDP,1,1,-9.9999999999989e-05
2025-11-13 09:00:00,1.0,1.0,0.9999,0.9999,140.0,9.9999999999989e-05,-9.9999999999989e-05,0.000125974462574,9,3,High,102767.0,84.22936217,3484.5,2205.65561448,-0.2255550184254434,-0.2289658621777844,USDP,1,1,-0.0001999999999999
2025-11-13 10:00:00,0.9999,0.9999,0.9998,0.9998,895.0,0.0001999999999999,-0.0001999999999999,0.0001329023832809,10,3,High,102907.8,23.2872014,3504.23,138.73865335,-0.291159484186454,-0.29369956255278,USDP,1,1,-0.0001999999999999
2025-11-13 11:00:00,0.9998,0.9998,0.9998,0.9998,0.0,0.0001999999999999,-0.0001999999999999,0.0001383128149743,11,3,High,102923.7,28.92579187,3503.49,103.94809969,-0.392605944664134,-0.3768158283252781,USDP,1,1,-0.0001999999999999
2025-11-13 12:00:00,0.9998,0.9998,0.9998,0.9998,0.0,0.0001999999999999,-0.0001999999999999,0.0001423788577493,12,3,High,103094.0,17.15555847,3501.1,1001.43066776,-0.5545487576309355,-0.4749481153030108,USDP,1,1,0.0
2025-11-13 13:00:00,1.0,1.0,1.0,1.0,84.0,0.0,0.0,0.0001285369173971,13,3,High,102300.0,79.19900174,3436.17,2241.54503867,-0.4171788169545208,-0.3464021077725121,USDP,1,1,0.0
2025-11-13 14:00:00,0.9999,1.0002,0.9999,1.0,5456.0,0.0,0.0,0.0001267629306352,14,3,High,102930.0,121.49945917,3444.27,2378.25637437,-0.3834802599796307,-0.3244628452270282,USDP,1,1,-9.9999999999989e-05
2025-11-13 15:00:00,1.0,1.0,0.9999,0.9999,3196.0,9.9999999999989e-05,-9.9999999999989e-05,0.0001285369173971,15,3,High,101390.1,92.93728441,3386.16,4994.61749328,-0.3215543551612813,-0.2577083691940142,USDP,1,1,-0.0003999999999999
2025-11-13 16:00:00,0.9999,1.0004,0.9996,0.9996,147257.0,0.0003999999999999,-0.0003999999999999,0.0001522773975371,16,3,High,100591.8,105.65941428,3325.0,1761.27637944,-0.0103443371063849,0.0742567811537405,USDP,1,1,-0.0002999999999999
2025-11-13 17:00:00,0.9996,0.9999,0.9989,0.9997,65256.0,0.0002999999999999,-0.0002999999999999,0.0001627993341265,17,3,High,99603.3,212.45513697,3253.17,6914.10790416,0.1965393758164255,0.2712636768026835,USDP,0,1,-0.0002999999999999
2025-11-13 18:00:00,0.9998,0.9998,0.9997,0.9997,1949.0,0.0002999999999999,-0.0002999999999999,0.0001641844138243,18,3,High,98530.8,462.67977489,3212.27,6010.18727701,0.3864659209981183,0.4217610410974239,USDP,0,1,-0.0003999999999999
2025-11-13 19:00:00,0.9997,0.9997,0.9996,0.9996,2702.0,0.0003999999999999,-0.0003999999999999,0.0001700383588548,19,3,High,98640.1,316.87985718,3195.29,2588.56787617,0.5677690389363541,0.5785832278516106,USDP,0,1,-0.0003999999999999
2025-11-13 20:00:00,0.9996,0.9997,0.9996,0.9996,4156.0,0.0003999999999999,-0.0003999999999999,0.0001781039429563,20,3,High,98070.0,200.59729042,3169.18,2509.8319952,0.6639241918175076,0.6642645644072658,USDP,0,1,-0.0003999999999999
2025-11-13 21:00:00,0.9996,0.9996,0.9996,0.9996,2153.0,0.0003999999999999,-0.0003999999999999,0.0001833662684621,21,3,High,98780.1,89.1436814,3178.19,882.07479415,0.7175536800537241,0.7209955779293535,USDP,0,1,-0.0003999999999999
2025-11-13 22:00:00,0.9996,0.9996,0.9996,0.9996,2534.0,0.0003999999999999,-0.0003999999999999,0.0001860633365856,22,3,High,99749.6,109.86693287,3224.84,1196.5332894,0.7474730827710107,0.7621882112958305,USDP,0,1,0.0
2025-11-13 23:00:00,0.9996,1.0005,0.9995,1.0,116785.0,0.0,0.0,0.0001815792237475,23,3,High,99680.1,96.34785975,3230.34,2436.57518505,0.7095002720251473,0.7031915673647826,USDP,0,1,-0.0001999999999999
2025-11-14 00:00:00,0.9999,1.0004,0.9997,0.9998,37289.0,0.0001999999999999,-0.0001999999999999,0.0001817288153344,0,4,High,98960.4,130.2080404,3199.01,3660.84255487,0.6976704691081255,0.6900343685898562,USDP,0,1,0.0
2025-11-14 01:00:00,0.9997,1.0,0.9997,1.0,10460.0,0.0,0.0,0.0001817288153344,1,4,High,99205.3,71.71564658,3204.91,1674.45520655,0.630714440530159,0.6140016177085723,USDP,0,1,9.9999999999989e-05
2025-11-14 02:00:00,1.0001,1.0001,1.0001,1.0001,3660.0,9.9999999999989e-05,9.9999999999989e-05,0.000186306588535,2,4,High,99607.6,18.94044062,3236.52,733.3009722,0.5470026638685371,0.5219742775882961,USDP,0,1,0.0001999999999999
2025-11-14 03:00:00,1.0001,1.0004,1.0001,1.0002,2476.0,0.0001999999999999,0.0001999999999999,0.00019708013526,3,4,High,99091.5,24.59226064,3224.0,245.21516728,0.4165742258568402,0.3979761502440999,USDP,0,1,0.0001999999999999
2025-11-14 04:00:00,1.0002,1.0002,1.0001,1.0002,941.0,0.0001999999999999,0.0001999999999999,0.0002084709690376,4,4,High,97779.9,256.3164069,3161.18,1609.9020002,0.2684230645160053,0.2770709559322629,USDP,0,1,-0.0004999999999999
2025-11-14 05:00:00,1.0001,1.0001,0.9802,0.9995,740875.0,0.0004999999999999,-0.0004999999999999,0.0002105892354585,5,4,High,97469.9,213.37705688,3192.44,1273.2328139,0.2969033916951843,0.2606886459473751,USDP,0,1,-0.0036
2025-11-14 06:00:00,0.9995,0.9995,0.9922,0.9964,86047.0,0.0036,-0.0036,0.0007282597880188,6,4,Medium,97488.0,204.6398504,3220.41,2262.83623234,0.3349733096897233,0.1850990691390633,USDP,2,1,-0.002
2025-11-14 07:00:00,0.9963,0.9992,0.98,0.998,1182846.0,0.002,-0.002,0.000803964362181,7,4,Medium,97097.4,102.97906054,3213.01,2102.97475524,0.4167615802000401,0.218031296219082,USDP,0,1,-0.0071999999999999
2025-11-14 08:00:00,0.9981,0.9996,0.9903,0.9928,327107.0,0.0071999999999999,-0.0071999999999999,0.0016028959299732,8,4,Medium,97344.6,197.39398468,3205.95,585.35850926,0.427857222382089,0.2241963982576379,USDP,2,1,-0.0007
2025-11-14 09:00:00,0.9921,0.9994,0.985,0.9993,890585.0,0.0007,-0.0007,0.0015980740219765,9,4,High,96820.1,225.16716306,3154.97,1996.35887657,0.407076088036617,0.205863579635094,USDP,2,1,-0.0003999999999999
2025-11-14 10:00:00,0.9992,0.9996,0.9986,0.9996,166597.0,0.0003999999999999,-0.0003999999999999,0.0015958278938133,10,4,High,96720.0,59.56469051,3175.32,404.18740084,0.3813681781791189,0.185910489108357,USDP,2,1,-0.0008
2025-11-14 11:00:00,0.9996,0.9996,0.9983,0.9992,177357.0,0.0008,-0.0008,0.0015920773049489,11,4,High,96153.9,162.24961494,3140.75,1092.35643985,0.3677952833254622,0.1717046167945898,USDP,2,1,-0.0007
2025-11-14 12:00:00,0.9992,0.9994,0.9983,0.9993,287499.0,0.0007,-0.0007,0.0015879471297756,12,4,High,95277.2,376.9797351,3125.05,13465.91412153,0.3426282325970886,0.1506903557991404,USDP,2,1,-0.0006
2025-11-14 13:00:00,0.9992,0.9994,0.999,0.9994,222245.0,0.0006,-0.0006,0.0015801245135327,13,4,High,95149.3,256.16785148,3118.65,4323.08713105,0.2970008590158,0.1034844204231478,USDP,2,1,-0.0006
2025-11-14 14:00:00,0.9993,0.9994,0.9986,0.9994,237149.0,0.0006,-0.0006,0.0015718481229894,14,4,High,96465.2,362.77711514,3197.06,4093.205699,0.2710981732182722,0.0454608206997949,USDP,2,1,-0.0002999999999999
2025-11-14 15:00:00,0.9993,0.9997,0.999,0.9997,493694.0,0.0002999999999999,-0.0002999999999999,0.0015684329389758,15,4,High,96695.8,158.39299999,3193.09,2166.25282042,0.2377311657748136,-0.025937782453586,USDP,2,1,-0.0004999999999999
2025-11-14 16:00:00,0.9995,0.9995,0.999,0.9995,16492.0,0.0004999999999999,-0.0004999999999999,0.0015673988421716,16,4,High,96970.1,140.06879296,3230.0,1696.29447846,0.2260010677259042,-0.0665462609019674,USDP,2,1,-0.0006
2025-11-14 17:00:00,0.9996,0.9996,0.9994,0.9994,149.0,0.0006,-0.0006,0.0015642229630929,17,4,High,95770.0,110.69955223,3175.66,2109.09372576,0.196630126638373,-0.1014773690695363,USDP,2,1,-0.0003999999999999
2025-11-14 18:00:00,0.9994,0.9999,0.9994,0.9996,22052.0,0.0003999999999999,-0.0003999999999999,0.0015628615523745,18,4,High,94960.0,207.43981135,3167.15,3902.14506457,0.153475380715103,-0.1201240896265137,USDP,2,1,-0.0001999999999999
2025-11-14 19:00:00,0.9997,0.9998,0.9997,0.9998,8021.0,0.0001999999999999,-0.0001999999999999,0.0015658493088344,19,4,High,95714.4,115.00856841,3206.12,968.52752723,0.1208201572630905,-0.1124963531169159,USDP,2,1,-0.0001999999999999
2025-11-14 20:00:00,0.9997,1.0,0.9997,0.9998,4324.0,0.0001999999999999,-0.0001999999999999,0.001568785184953,20,4,High,94267.1,160.93240733,3133.02,3750.44422204,0.0733550755571942,-0.1278472663658019,USDP,2,1,-0.0002999999999999
2025-11-14 21:00:00,0.9998,0.9999,0.9997,0.9997,5279.0,0.0002999999999999,-0.0002999999999999,0.0015700953077341,21,4,High,95000.0,92.46810699,3165.6,1643.8486899,0.0416380278822754,-0.1327694942972611,USDP,2,1,9.9999999999989e-05
2025-11-14 22:00:00,0.9997,1.0001,0.9995,1.0001,135689.0,9.9999999999989e-05,9.9999999999989e-05,0.0015792127923381,22,4,High,95070.1,28.01004219,3154.48,1499.16191439,-0.0068586802666122,-0.1684477928871457,USDP,2,1,-9.9999999999989e-05
2025-11-14 23:00:00,0.9999,1.0001,0.9999,0.9999,19975.0,9.9999999999989e-05,-9.9999999999989e-05,0.0015771408270703,23,4,High,94517.3,78.67519298,3109.23,1723.09824774,-0.0772894702510888,-0.228118189933543,USDP,2,1,0.0
2025-11-15 00:00:00,0.9999,1.0002,0.9999,1.0,89766.0,0.0,0.0,0.0015809956045022,0,5,High,95060.0,64.584962,3138.7,546.6346234,-0.1284697721870461,-0.2560656633710187,USDP,2,1,0.0001999999999999
2025-11-15 01:00:00,0.9999,1.0002,0.9999,1.0002,7197.0,0.0001999999999999,0.0001999999999999,0.0015858922875883,1,5,High,95568.4,70.24923177,3171.1,313.9346656,-0.1985372086671313,-0.2792216603263854,USDP,2,1,0.0002999999999999
2025-11-15 02:00:00,1.0002,1.0003,1.0001,1.0003,3618.0,0.0002999999999999,0.0002999999999999,0.0015912748967754,2,5,High,96315.5,62.73431874,3189.0,265.3843156,-0.2955230594051207,-0.3269603771307466,USDP,2,1,0.0002999999999999
2025-11-15 03:00:00,1.0003,1.0003,1.0001,1.0003,2379.0,0.0002999999999999,0.0002999999999999,0.0015940787171679,3,5,High,96309.9,70.84575539,3177.49,763.74527233,-0.4162124275240443,-0.3804453795132752,USDP,2,1,0.0002999999999999
2025-11-15 04:00:00,1.0003,1.0003,1.0001,1.0003,2931.0,0.0002999999999999,0.0002999999999999,0.0015968662699375,4,5,High,96074.7,28.50261724,3169.9,2624.93919599,-0.4912865717032112,-0.3737087877564506,USDP,2,1,0.0002999999999999
2025-11-15 05:00:00,1.0003,1.0003,0.9999,1.0003,21053.0,0.0002999999999999,0.0002999999999999,0.0016110521811663,5,5,High,96263.1,25.45813143,3177.05,203.63987889,-0.5161163807303545,-0.3730708356581258,USDP,2,1,0.0002999999999999
2025-11-15 06:00:00,1.0003,1.0004,0.9999,1.0003,25432.0,0.0002999999999999,0.0002999999999999,0.0015028234297066,6,5,High,96029.9,299.02726863,3173.64,77.02748236,-0.4325953011291699,-0.2806063632308525,USDP,2,1,9.9999999999989e-05
2025-11-15 07:00:00,1.0003,1.0004,1.0001,1.0001,16798.0,9.9999999999989e-05,9.9999999999989e-05,0.0014771631154245,7,5,High,96250.0,18.26167006,3174.2,117.81192598,-0.386083301743734,-0.2300592682023785,USDP,2,1,0.0002999999999999
2025-11-15 08:00:00,1.0003,1.0003,1.0001,1.0003,7674.0,0.0002999999999999,0.0002999999999999,0.0003847641852685,8,5,High,95834.9,229.994576,3140.73,1022.42125424,-0.0410307543453865,0.1033337097041626,USDP,2,1,0.0002999999999999
2025-11-15 09:00:00,1.0003,1.0004,1.0001,1.0003,6987.0,0.0002999999999999,0.0002999999999999,0.0003795496950583,9,5,High,95780.1,55.76464841,3150.43,158.86269898,0.0472410724316468,0.0571268005807198,USDP,2,1,9.9999999999989e-05
2025-11-15 10:00:00,1.0003,1.0003,1.0,1.0001,14936.0,9.9999999999989e-05,9.9999999999989e-05,0.0003779952840803,10,5,High,95900.0,23.56058605,3166.47,203.57724129,0.1006731167841919,0.071199929778574,USDP,2,1,0.0001999999999999
2025-11-15 11:00:00,1.0002,1.0002,1.0002,1.0002,472.0,0.0001999999999999,0.0001999999999999,0.0003532201760344,11,5,High,95575.5,13.92764335,3149.94,174.45601305,0.1577935860285583,-0.0143570178497547,USDP,2,1,0.0001999999999999
2025-11-15 12:00:00,1.0002,1.0002,1.0002,1.0002,245.0,0.0001999999999999,0.0001999999999999,0.0003305682415522,12,5,High,95728.8,23.40359441,3159.92,177.92912428,0.1164145196127605,-0.1492811518240815,USDP,2,1,0.0001999999999999
2025-11-15 13:00:00,1.0002,1.0002,1.0002,1.0002,381.0,0.0001999999999999,0.0001999999999999,0.0003106794797446,13,5,High,96287.7,33.68497778,3189.25,401.00989139,0.0767430912486268,-0.2992392823606407,USDP,2,1,9.9999999999989e-05
2025-11-15 14:00:00,1.0002,1.0002,1.0001,1.0001,167.0,9.9999999999989e-05,9.9999999999989e-05,0.0002835783254597,14,5,High,96196.7,25.66827415,3176.13,727.82162128,0.1937905648124271,-0.2254614686675159,USDP,2,1,0.0001999999999999
2025-11-15 15:00:00,1.0002,1.0002,1.0002,1.0002,292.0,0.0001999999999999,0.0001999999999999,0.0002766256299301,15,5,High,96216.1,46.36802672,3183.72,135.01249509,0.3032385585942126,-0.1640967994219598,USDP,2,1,0.0001999999999999
2025-11-15 16:00:00,1.0002,1.0002,1.0002,1.0002,848.0,0.0001999999999999,0.0001999999999999,0.0002519129709468,16,5,High,96074.0,108.07368955,3182.63,438.13284332,0.5826173401998868,0.0982447705553784,USDP,0,1,0.0001999999999999
2025-11-15 17:00:00,1.0002,1.0002,1.0002,1.0002,540.0,0.0001999999999999,0.0001999999999999,0.0002070759155146,17,5,High,96166.6,49.47321365,3212.91,2000.54194098,0.7320387689400149,0.2095328158443082,USDP,0,1,0.0001999999999999
2025-11-15 18:00:00,1.0002,1.0002,1.0002,1.0002,400.0,0.0001999999999999,0.0001999999999999,0.0001764689897725,18,5,High,95985.1,14.71249365,3205.74,311.84828332,0.722929504527271,0.2554658201308025,USDP,0,1,0.0001999999999999
2025-11-15 19:00:00,1.0002,1.0002,1.0002,1.0002,47.0,0.0001999999999999,0.0001999999999999,0.0001614584794403,19,5,High,95939.8,18.40616031,3196.62,479.15462629,0.7853859748999561,0.4481109461043609,USDP,0,1,0.0001999999999999
2025-11-15 20:00:00,1.0001,1.0002,1.0,1.0002,8009.0,0.0001999999999999,0.0001999999999999,0.0001428869016743,20,5,High,95223.0,32.46879736,3169.77,1050.00380763,0.6813914564338698,0.3567519731019651,USDP,0,1,0.0002999999999999
2025-11-15 21:00:00,1.0002,1.0003,1.0002,1.0003,2793.0,0.0002999999999999,0.0002999999999999,0.000104170289808,21,5,High,95180.1,19.06100616,3155.53,786.04323032,0.5579469036882537,0.4158010533262634,USDP,0,1,-9.9999999999989e-05
2025-11-15 22:00:00,1.0003,1.0003,0.9999,0.9999,19279.0,9.9999999999989e-05,-9.9999999999989e-05,0.0001190998850212,22,5,High,95551.6,20.7130343,3169.67,241.13261327,0.5199349302798518,0.3462780825125136,USDP,0,1,0.0001999999999999
2025-11-15 23:00:00,1.0001,1.0002,1.0001,1.0002,5513.0,0.0001999999999999,0.0001999999999999,0.0001021507837073,23,5,High,95537.9,15.53725811,3167.37,836.48454644,0.3007406373464069,0.0704414010252395,USDP,2,1,9.9999999999989e-05
2025-11-16 00:00:00,1.0002,1.0003,1.0,1.0001,17183.0,9.9999999999989e-05,9.9999999999989e-05,9.545846659090971e-05,0,6,High,95380.1,23.5823026,3152.61,678.05372181,0.1961403228849048,-0.04688769221314,USDP,2,1,-9.9999999999989e-05
2025-11-16 01:00:00,1.0,1.0,0.9999,0.9999,4895.0,9.9999999999989e-05,-9.9999999999989e-05,0.0001138903617349,1,6,High,95240.1,32.55912434,3150.5,606.91728831,0.3539367866560903,0.1029395841157143,USDP,2,1,0.0
2025-11-16 02:00:00,1.0,1.0,0.9999,1.0,23345.0,0.0,0.0,0.0001178767472389,2,6,High,95888.8,20.83022666,3199.17,366.25427387,0.2966253682356543,-0.036787778196517,USDP,2,1,0.0
2025-11-16 03:00:00,1.0,1.0,1.0,1.0,0.0,0.0,0.0,0.0001203858531001,3,6,High,95766.5,8.55636689,3200.0,544.58079148,0.2545125719543825,-0.1293735349313605,USDP,2,1,0.0
2025-11-16 04:00:00,1.0,1.0,1.0,1.0,250.0,0.0,0.0,0.0001215092291027,4,6,High,95750.0,4.15125088,3191.96,462.81115753,0.2322596118918732,-0.1658600324849944,USDP,2,1,0.0
2025-11-16 05:00:00,1.0,1.0,1.0,1.0,500.0,0.0,0.0,0.0001212853863047,5,6,High,95865.1,17.31547659,3201.66,206.71513166,0.1595116263406486,-0.2326835104442953,USDP,2,1,-9.9999999999989e-05
2025-11-16 06:00:00,1.0,1.0,0.9999,0.9999,172.0,9.9999999999989e-05,-9.9999999999989e-05,0.0001259744625748,6,6,High,95750.1,11.88466595,3198.77,494.37849336,0.1271131636018863,-0.2967476139192583,USDP,2,1,-0.0029
2025-11-16 07:00:00,0.9999,0.9999,0.9911,0.9971,2143993.0,0.0029,-0.0029,0.0006303898034961,7,6,Medium,96000.0,4.37895255,3215.2,338.6760685,-0.1139373161081913,-0.3963897424038505,USDP,2,1,-0.0030999999999999
2025-11-16 08:00:00,0.9971,0.9992,0.9923,0.9969,1760680.0,0.0030999999999999,-0.0030999999999999,0.0008890232386418,8,6,Medium,96052.9,31.67936081,3215.97,607.83746067,-0.2045559335250984,-0.4915058000106352,USDP,2,1,-0.002
2025-11-16 09:00:00,0.9969,0.9989,0.9962,0.998,134707.0,0.002,-0.002,0.0009604403428526,9,6,Medium,96486.0,46.02772186,3244.44,1340.8604067,-0.3303129749231736,-0.5831039412994925,USDP,2,1,-0.0011999999999999
2025-11-16 10:00:00,0.998,0.9988,0.998,0.9988,1971.0,0.0011999999999999,-0.0011999999999999,0.000977092700276,10,6,Medium,96375.2,37.74317594,3234.01,1463.83992899,-0.3736113616238474,-0.6016970394117853,USDP,2,1,-0.0001999999999999
2025-11-16 11:00:00,0.9988,0.9999,0.998,0.9998,359137.0,0.0001999999999999,-0.0001999999999999,0.0009717383198804,11,6,High,95550.0,45.24352963,3165.23,2493.54584294,-0.3621763088963798,-0.5941325752191653,USDP,2,1,-0.0011999999999999
2025-11-16 12:00:00,0.9997,0.9997,0.9986,0.9988,23794.0,0.0011999999999999,-0.0011999999999999,0.0009818645380193,12,6,Medium,95643.0,151.36196343,3164.65,137.91648542,-0.3295086795833821,-0.5278998339799987,USDP,2,1,-0.0008
2025-11-16 13:00:00,0.9988,0.9995,0.9982,0.9992,131554.0,0.0008,-0.0008,0.0009779822469594,13,6,High,95396.0,40.09294773,3151.45,729.44935924,-0.3451445646274777,-0.4812392389840431,USDP,2,1,-9.9999999999989e-05
2025-11-16 14:00:00,0.9992,0.9999,0.9992,0.9999,138839.0,9.9999999999989e-05,-9.9999999999989e-05,0.0009743076322827,14,6,High,95483.3,15.85261329,3170.55,1047.6892141,-0.3883749362731002,-0.4796991393436669,USDP,2,1,-0.0001999999999999
2025-11-16 15:00:00,0.9998,0.9999,0.9988,0.9998,17574.0,0.0001999999999999,-0.0001999999999999,0.0009666916538529,15,6,High,94430.1,84.6222399,3103.03,2370.05414515,-0.3818025721019343,-0.429184552883058,USDP,2,1,-0.0001999999999999
2025-11-16 16:00:00,0.9998,0.9999,0.9996,0.9998,13447.0,0.0001999999999999,-0.0001999999999999,0.0009587129052997,16,6,High,94154.7,149.00242075,3060.66,5171.8477966,-0.3717875050408098,-0.3714314144393191,USDP,2,1,-0.0001999999999999
2025-11-16 17:00:00,0.9998,0.9998,0.9997,0.9998,1904.0,0.0001999999999999,-0.0001999999999999,0.0009503622497779,17,6,High,94290.1,108.84804826,3077.81,2999.20450977,-0.3987764842917864,-0.3896563549975304,USDP,2,1,-0.0002999999999999
2025-11-16 18:00:00,0.9998,0.9999,0.9997,0.9997,28849.0,0.0002999999999999,-0.0002999999999999,0.0009405421655743,18,6,High,93950.3,102.00184525,3058.06,2876.83913531,-0.3995191456499029,-0.3930952794463649,USDP,2,1,-0.0002999999999999
2025-11-16 19:00:00,0.9997,0.9997,0.9997,0.9997,0.0,0.0002999999999999,-0.0002999999999999,0.000930131672153,19,6,High,93962.4,80.23801677,3089.17,1361.63765075,-0.4142698743953747,-0.4152982919832465,USDP,2,1,-0.0001999999999999
2025-11-16 20:00:00,0.9998,0.9998,0.9998,0.9998,251.0,0.0001999999999999,-0.0001999999999999,0.0009204205088162,20,6,High,94065.4,54.07154623,3087.42,741.42739791,-0.4121270642767492,-0.4284525920352602,USDP,2,1,-0.0001999999999999
2025-11-16 21:00:00,0.9998,0.9998,0.9998,0.9998,0.0,0.0001999999999999,-0.0001999999999999,0.0009064882870169,21,6,High,93402.9,89.13679644,3070.86,757.18700146,-0.4027752955377437,-0.4355984628940351,USDP,2,1,-0.0002999999999999
2025-11-16 22:00:00,0.9997,0.9997,0.9997,0.9997,5904.0,0.0002999999999999,-0.0002999999999999,0.0009031246082225,22,6,High,94110.3,146.36706632,3088.79,1100.09457371,-0.4147586791555865,-0.4450701408262635,USDP,2,1,-0.0002999999999999
2025-11-16 23:00:00,0.9997,0.9997,0.9997,0.9997,0.0,0.0002999999999999,-0.0002999999999999,0.0008906519351415,23,6,High,94190.1,63.48070681,3093.51,1309.03783914,-0.4409197355115464,-0.4655949653443866,USDP,2,1,9.9999999999989e-05
2025-11-17 00:00:00,0.9997,1.0003,0.9992,1.0001,148769.0,9.9999999999989e-05,9.9999999999989e-05,0.0008906519351415,0,0,High,95230.0,128.86649787,3133.38,728.18643509,-0.4469925483408338,-0.4755473704757841,USDP,2,1,-0.0002999999999999
2025-11-17 01:00:00,1.0001,1.0001,0.9997,0.9997,3534.0,0.0002999999999999,-0.0002999999999999,0.0008869423130468,1,0,High,94742.2,78.09923455,3112.95,478.35171645,-0.4562245292594173,-0.4830377514763876,USDP,2,1,-0.0001999999999999
2025-11-17 02:00:00,0.9998,0.9998,0.9998,0.9998,21.0,0.0001999999999999,-0.0001999999999999,0.000882149877177,2,0,High,94912.0,19.08411647,3147.31,643.25285339,-0.4960324120272175,-0.5197488799219615,USDP,2,1,-0.0001999999999999
2025-11-17 03:00:00,0.9997,0.9998,0.9997,0.9998,58.0,0.0001999999999999,-0.0001999999999999,0.0008772486633775,3,0,High,95399.9,60.68879082,3173.43,333.70671698,-0.5201875291109259,-0.5485347339041878,USDP,2,1,-0.0002999999999999
2025-11-17 04:00:00,0.9998,0.9998,0.9997,0.9997,617.0,0.0002999999999999,-0.0002999999999999,0.0008704384202714,4,0,High,95042.5,20.13612701,3182.22,264.84925589,-0.5565546712674522,-0.5709244739758055,USDP,2,1,-0.0006
2025-11-17 05:00:00,0.9997,0.9997,0.9992,0.9994,11810.0,0.0006,-0.0006,0.0008606430861545,5,0,High,95090.1,68.80835477,3182.06,608.99357574,-0.6067977278889849,-0.6162223541191366,USDP,2,1,-0.0004999999999999
2025-11-17 06:00:00,0.9995,0.9995,0.9995,0.9995,89.0,0.0004999999999999,-0.0004999999999999,0.0008536261103307,6,0,High,95205.3,43.99612942,3193.23,373.71320243,-0.6455872668984551,-0.6445930456418241,USDP,2,1,-0.0006
2025-11-17 07:00:00,0.9995,0.9995,0.9994,0.9994,15.0,0.0006,-0.0006,0.0007070555397124,7,0,High,95620.1,51.53309025,3195.93,385.76566739,-0.6164052901864039,-0.6066490764743722,USDP,2,1,-0.0002999999999999
2025-11-17 08:00:00,0.9995,0.9997,0.9995,0.9997,2647.0,0.0002999999999999,-0.0002999999999999,0.0004557999815645,8,0,High,95543.8,26.68202953,3188.41,256.9689269,-0.6241196581318392,-0.607514645246751,USDP,2,1,-0.0002999999999999
2025-11-17 09:00:00,0.9997,0.9997,0.9996,0.9997,6294.0,0.0002999999999999,-0.0002999999999999,0.0003127426594184,9,0,High,95603.5,53.67959885,3192.54,750.47214728,-0.4948255407558745,-0.4748462088756833,USDP,2,1,-0.0002999999999999
2025-11-17 10:00:00,0.9997,0.9997,0.9997,0.9997,105.0,0.0002999999999999,-0.0002999999999999,0.0002581988897577,10,0,High,95570.1,98.63796499,3194.23,259.23461247,-0.3262938953925259,-0.3131889530410832,USDP,2,1,-0.0003999999999999
2025-11-17 11:00:00,0.9997,0.9997,0.9996,0.9996,405.0,0.0003999999999999,-0.0003999999999999,0.0002569328565192,11,0,High,95479.9,31.56041265,3201.21,243.31201465,-0.3624246117406354,-0.3320440463500236,USDP,2,1,-0.0004999999999999
2025-11-17 12:00:00,0.9996,0.9996,0.9994,0.9995,9323.0,0.0004999999999999,-0.0004999999999999,0.0001848912724119,12,0,High,95226.7,39.80103922,3182.14,268.3701948,-0.29459385780905,-0.3854831901268286,USDP,2,1,-0.0006
2025-11-17 13:00:00,0.9995,0.9995,0.9994,0.9994,152.0,0.0006,-0.0006,0.0001654484463849,13,0,High,93810.0,126.38591722,3117.54,1032.79094073,-0.0985572198790213,-0.3649417447727373,USDP,2,1,-0.0006
2025-11-17 14:00:00,0.9994,0.9994,0.9994,0.9994,0.0,0.0006,-0.0006,0.0001700383588597,14,0,High,94671.5,219.7048028,3149.44,1871.06921316,-0.148580441606971,-0.4127734097590472,USDP,2,1,-0.0008
2025-11-17 15:00:00,0.9994,0.9994,0.9992,0.9992,2479.0,0.0008,-0.0008,0.000193368312692,15,0,High,93826.3,151.83140691,3116.28,1397.29537889,0.0207896850387639,-0.3019446789229935,USDP,2,1,-0.0008
2025-11-17 16:00:00,0.9992,0.9992,0.9992,0.9992,166.0,0.0008,-0.0008,0.0002111047545578,16,0,High,94210.1,136.12550937,3131.66,1922.57400459,0.1112607910518959,-0.2242780893740543,USDP,2,1,-0.0010999999999999
2025-11-17 17:00:00,0.9992,0.9992,0.9973,0.9989,304941.0,0.0010999999999999,-0.0010999999999999,0.0002542037867993,17,0,Medium,92690.1,160.39561584,3055.63,1467.83773377,0.3943895240475547,0.0683983957259806,USDP,2,1,-0.0050999999999999
2025-11-17 18:00:00,0.9989,0.9989,0.9913,0.9949,2883509.0,0.0050999999999999,-0.0050999999999999,0.0009887684478605,18,0,Medium,92460.1,320.22756826,3023.2,4297.33603309,0.5733824763147702,0.4791442196071739,USDP,0,1,-0.0007
2025-11-17 19:00:00,0.9949,0.9996,0.9949,0.9993,224818.0,0.0007,-0.0007,0.0009866408388739,19,0,High,91549.8,313.58105774,2978.68,6388.29802098,0.4942808090216666,0.4311716893877083,USDP,2,1,-0.0006
2025-11-17 20:00:00,0.9994,0.9995,0.9994,0.9994,3213.0,0.0006,-0.0006,0.0009824455584757,20,0,High,91860.0,406.75973152,3003.1,4838.67242007,0.4491119233754717,0.4096459343188345,USDP,2,1,-0.0004999999999999
2025-11-17 21:00:00,0.9995,0.9997,0.9995,0.9995,1963.0,0.0004999999999999,-0.0004999999999999,0.0009784267170238,21,0,High,91830.3,331.85344394,3004.64,2798.14764851,0.4202928105012042,0.3930017637640243,USDP,2,1,-0.0004999999999999
2025-11-17 22:00:00,0.9995,0.9995,0.9995,0.9995,398.0,0.0004999999999999,-0.0004999999999999,0.0009760909912476,22,0,High,92149.1,118.76734789,3019.63,1620.9820787,0.3900117340870614,0.3751040630039323,USDP,2,1,-0.0010999999999999
2025-11-17 23:00:00,0.9995,0.9995,0.9989,0.9989,15180.0,0.0010999999999999,-0.0010999999999999,0.000976684720616,23,0,Medium,92101.3,108.50332231,3025.5,1731.88006185,0.3986176696264709,0.3928219942234139,USDP,2,1,-0.0036
2025-11-18 00:00:00,0.9989,0.9989,0.9961,0.9964,10153.0,0.0036,-0.0036,0.001125583584548,0,1,Medium,92054.4,97.23569877,3030.48,718.44153114,0.4589129621383448,0.4499040301382527,USDP,2,1,-0.0010999999999999
2025-11-18 01:00:00,0.9975,0.999,0.9965,0.9989,38238.0,0.0010999999999999,-0.0010999999999999,0.0011202920814828,1,1,Medium,91655.6,111.45380304,3015.05,720.36663407,0.4434152576110052,0.4480402991001929,USDP,2,1,-0.001
2025-11-18 02:00:00,0.999,0.9992,0.999,0.999,15076.0,0.001,-0.001,0.0011108082316689,2,1,Medium,90740.1,156.96728171,2983.74,1397.98695233,0.4064837982751564,0.4243969587257995,USDP,2,1,-0.0008
2025-11-18 03:00:00,0.999,0.9992,0.999,0.9992,186.0,0.0008,-0.0008,0.001100584495571,3,1,High,90743.9,366.07281439,3022.0,6483.96338927,0.3564971961785388,0.3969005810418307,USDP,2,1,-0.0004999999999999
2025-11-18 04:00:00,0.999,0.9997,0.9989,0.9995,76660.0,0.0004999999999999,-0.0004999999999999,0.0010962303656166,4,1,High,90002.1,254.85391243,3002.72,1426.99505398,0.2810465669254952,0.3509060748569504,USDP,2,1,-0.0004999999999999
2025-11-18 05:00:00,0.9995,0.9997,0.9991,0.9995,35280.0,0.0004999999999999,-0.0004999999999999,0.0010978239345685,5,1,High,90125.4,63.71141259,3008.62,589.22953674,0.2280167971999216,0.3203264315352319,USDP,2,1,-0.0002999999999999
2025-11-18 06:00:00,0.9995,0.9997,0.9995,0.9997,244568.0,0.0002999999999999,-0.0002999999999999,0.0011021388954822,6,1,High,89538.6,59.91737524,2986.25,964.9354465,0.1547036387637687,0.2699227639521324,USDP,2,1,-0.0016
2025-11-18 07:00:00,0.9996,0.9996,0.9982,0.9984,18383.0,0.0016,-0.0016,0.0011075498483924,7,1,Medium,90380.0,76.7037386,3021.77,1281.91737561,0.1657541096755841,0.2739819827291073,USDP,2,1,-0.0007
2025-11-18 08:00:00,0.9986,0.9995,0.9986,0.9993,8742.0,0.0007,-0.0007,0.0010998023537885,8,1,High,91126.8,80.7241705,3057.32,2358.26624127,0.1219472378231012,0.2454321190961901,USDP,2,1,-0.0003999999999999
2025-11-18 09:00:00,0.9993,0.9997,0.9992,0.9996,4276.0,0.0003999999999999,-0.0003999999999999,0.0010972214578396,9,1,High,91329.3,166.45936108,3057.2,661.1465406,0.0654893684473786,0.2106886740468216,USDP,2,1,-0.0006
2025-11-18 10:00:00,0.9996,0.9996,0.9992,0.9994,6499.0,0.0006,-0.0006,0.0010905390237521,10,1,High,91485.9,167.52407766,3062.72,669.62662501,0.0065099572332148,0.1729472615177407,USDP,2,1,-0.0006
2025-11-18 11:00:00,0.9994,0.9995,0.9993,0.9994,4194.0,0.0006,-0.0006,0.0010863781069737,11,1,High,91410.1,46.78971984,3052.27,247.94876278,-0.0571123512644407,0.1326909803144535,USDP,2,1,-0.0004999999999999
2025-11-18 12:00:00,0.9994,0.9996,0.9994,0.9995,556.0,0.0004999999999999,-0.0004999999999999,0.0010863781069737,12,1,High,91339.2,99.45387643,3046.38,878.70961365,-0.1260693924124408,0.0951391792843973,USDP,2,1,-0.0009
2025-11-18 13:00:00,0.9995,0.9996,0.9977,0.9991,64484.0,0.0009,-0.0009,0.0010829960456022,13,1,High,91390.0,100.18505169,3045.25,456.55194626,-0.1634852164425781,0.0716699918050638,USDP,2,1,-0.0006
2025-11-18 14:00:00,0.9991,0.9997,0.9991,0.9994,54876.0,0.0006,-0.0006,0.0010829960456022,14,1,High,91307.6,162.68902336,3054.79,1394.9042839,-0.2437617153293898,0.0400794797390622,USDP,2,1,-0.0008
2025-11-18 15:00:00,0.9994,0.9996,0.9992,0.9992,5360.0,0.0008,-0.0008,0.0010829960456022,15,1,High,92873.7,278.14022303,3105.12,7167.21408,-0.2700200374637635,0.0382752050762203,USDP,2,1,-0.002
2025-11-18 16:00:00,0.9994,0.9996,0.9944,0.998,1596383.0,0.002,-0.002,0.0010991350354231,16,1,Medium,93439.9,282.14555928,3150.13,3988.25332207,-0.3964053513384228,-0.1029198079829718,USDP,2,1,-0.0007
2025-11-18 17:00:00,0.9974,0.9995,0.9919,0.9993,2016583.0,0.0007,-0.0007,0.0011019662926571,17,1,High,93186.3,75.653698,3133.74,2256.60199229,-0.3546336155507704,-0.0569570475066134,USDP,2,1,-0.0008
2025-11-18 18:00:00,0.9992,0.9993,0.9992,0.9992,10571.0,0.0008,-0.0008,0.0006915116816108,18,1,High,93278.5,62.24836881,3159.23,1739.01715052,-0.2781191048353159,-0.1384355130857738,USDP,2,1,-0.0006
2025-11-18 19:00:00,0.9992,0.9994,0.9992,0.9994,2132.0,0.0006,-0.0006,0.0006930164061099,19,1,High,93139.8,76.67760043,3143.41,2739.39458804,-0.2370819477619656,-0.0832968012038676,USDP,2,1,-0.0006
2025-11-18 20:00:00,0.9994,0.9994,0.9994,0.9994,528.0,0.0006,-0.0006,0.0006930164061099,20,1,High,92785.1,61.82516001,3120.47,2578.53344755,-0.2161122125657793,-0.0419031487883418,USDP,2,1,-0.0004999999999999
2025-11-18 21:00:00,0.9994,0.9995,0.9994,0.9995,860.0,0.0004999999999999,-0.0004999999999999,0.0006930164061099,21,1,High,92440.0,43.9727423,3097.06,2092.42560544,-0.2003925207003257,0.0004607088473273,USDP,2,1,-0.0006
2025-11-18 22:00:00,0.9995,0.9995,0.9994,0.9994,1528.0,0.0006,-0.0006,0.0006908826532681,22,1,High,93100.0,56.72258891,3123.0,719.88228607,-0.1822105056583687,0.0404538696500215,USDP,2,1,0.0
2025-11-18 23:00:00,0.9995,1.0002,0.9994,1.0,698367.0,0.0,0.0,0.0007126064629383,23,1,High,92966.1,42.27094917,3122.0,224.16154047,-0.1115559792946055,0.0845299694563511,USDP,2,1,0.0
2025-11-19 00:00:00,1.0,1.0001,0.9994,1.0,1131299.0,0.0,0.0,0.0004308527103053,0,2,High,92384.5,60.12574706,3099.1,869.90098924,-0.0671089229139638,-0.013988479414357,USDP,2,1,0.0
2025-11-19 01:00:00,1.0001,1.0001,1.0,1.0,24888.0,0.0,0.0,0.0004442874118789,1,2,High,92378.1,28.28497525,3102.49,215.08031011,-0.0349170117777859,-0.0195382858497236,USDP,2,1,9.9999999999989e-05
2025-11-19 02:00:00,1.0001,1.0001,1.0001,1.0001,52.0,9.9999999999989e-05,9.9999999999989e-05,0.0004629575684132,2,2,High,92517.1,39.10103426,3112.68,195.90411415,-0.0258397364995557,-0.0341229870938716,USDP,2,1,0.0
2025-11-19 03:00:00,1.0001,1.0001,1.0,1.0,508.0,0.0,0.0,0.0004768366475134,3,2,High,92450.0,0.44402261,3112.92,6.30606564,-0.0191255818160752,-0.0214968367034667,USDP,2,1,-9.9999999999989e-05
2025-11-19 04:00:00,1.0,1.0,0.9998,0.9999,17942.0,9.9999999999989e-05,-9.9999999999989e-05,0.0004863163817869,4,2,High,91417.6,163.13604941,3065.0,2164.66065942,-0.0307179944363099,-0.0292607022277655,USDP,2,1,-0.0001999999999999
2025-11-19 05:00:00,0.9999,0.9999,0.9998,0.9998,53.0,0.0001999999999999,-0.0001999999999999,0.0004915960401311,5,2,High,90350.0,301.17253046,3014.79,2039.43106658,-0.0712248867048689,-0.06931196859969,USDP,2,1,-9.9999999999989e-05
2025-11-19 06:00:00,0.9998,0.9999,0.9998,0.9999,131.0,9.9999999999989e-05,-9.9999999999989e-05,0.0004975301316402,6,2,High,90924.4,120.54526916,3040.0,759.92116352,-0.0684226056579409,-0.0675560543610703,USDP,2,1,-0.0002999999999999
2025-11-19 07:00:00,0.9998,0.9998,0.9993,0.9997,22280.0,0.0002999999999999,-0.0002999999999999,0.0004442670237723,7,2,High,91852.2,97.1747273,3082.85,997.90058793,-0.2953011856699205,-0.2641739773274045,USDP,2,1,9.9999999999989e-05
2025-11-19 08:00:00,0.9997,1.0004,0.9997,1.0001,67661.0,9.9999999999989e-05,9.9999999999989e-05,0.0004568123643658,8,2,High,91418.0,47.06875854,3077.63,222.99562923,-0.3607792454964897,-0.2969700233291336,USDP,2,1,-9.9999999999989e-05
2025-11-19 09:00:00,1.0001,1.0001,0.9999,0.9999,1742.0,9.9999999999989e-05,-9.9999999999989e-05,0.0004621938861683,9,2,High,91385.8,153.09666828,3083.77,306.44293356,-0.3815384581260131,-0.3012913581564433,USDP,2,1,-9.9999999999989e-05
2025-11-19 10:00:00,0.9999,1.0,0.9999,0.9999,1810.0,9.9999999999989e-05,-9.9999999999989e-05,0.000465610865709,10,2,High,91259.9,53.75542346,3088.88,723.106736,-0.4171225740883604,-0.3188367437390841,USDP,2,1,0.0002999999999999
2025-11-19 11:00:00,1.0,1.0003,0.9999,1.0003,4288.0,0.0002999999999999,0.0002999999999999,0.0004856640456352,11,2,High,91366.0,23.22726969,3080.97,699.45016138,-0.467795755721224,-0.3549206638484901,USDP,2,1,0.0003999999999999
2025-11-19 12:00:00,1.0003,1.0004,1.0002,1.0004,7178.0,0.0003999999999999,0.0003999999999999,0.000509742049008,12,2,High,91701.0,72.14709999,3097.75,507.77181641,-0.4945072329752482,-0.3641175554253994,USDP,2,1,0.0003999999999999
2025-11-19 13:00:00,1.0004,1.0004,1.0002,1.0004,4951.0,0.0003999999999999,0.0003999999999999,0.0005163977794992,13,2,High,91315.4,51.70055082,3065.22,369.63429546,-0.5855553540380386,-0.4985930956157709,USDP,2,1,0.0004999999999999
2025-11-19 14:00:00,1.0004,1.0005,1.0002,1.0005,4967.0,0.0004999999999999,0.0004999999999999,0.0005355310245595,14,2,High,91669.7,67.41475709,3059.18,1207.68866529,-0.6333281985042594,-0.586425967582045,USDP,2,1,0.0002999999999999
2025-11-19 15:00:00,1.0005,1.0005,1.0003,1.0003,2099.0,0.0002999999999999,0.0002999999999999,0.0005323587109329,15,2,High,89881.5,297.83167018,2971.18,5986.47503746,-0.6270624682320373,-0.5821082945569818,USDP,2,1,0.0003999999999999
2025-11-19 16:00:00,1.0005,1.0005,1.0003,1.0004,1960.0,0.0003999999999999,0.0003999999999999,0.0003821184276609,16,2,High,89846.9,275.80371931,2948.15,2608.76131839,-0.6475875637638725,-0.601334255355278,USDP,2,1,0.0002999999999999
2025-11-19 17:00:00,1.0005,1.0005,1.0003,1.0003,1659.0,0.0002999999999999,0.0002999999999999,0.0003671275101377,17,2,High,89444.8,348.22329421,2920.77,3489.01494848,-0.627236762700196,-0.5812845492625011,USDP,2,1,0.0003999999999999
2025-11-19 18:00:00,1.0004,1.0005,1.0003,1.0004,1647.0,0.0003999999999999,0.0003999999999999,0.0003413528074215,18,2,High,89135.3,299.07687215,2895.57,4364.56333507,-0.6107599645996513,-0.5610028715089974,USDP,2,1,0.0004999999999999
2025-11-19 19:00:00,1.0005,1.0006,1.0004,1.0005,862.0,0.0004999999999999,0.0004999999999999,0.0003309790045504,19,2,High,88777.9,507.09761092,2878.16,7939.37525556,-0.613838566195782,-0.5759940229249211,USDP,2,1,0.0005999999999999
2025-11-19 20:00:00,1.0006,1.0008,1.0005,1.0006,5410.0,0.0005999999999999,0.0005999999999999,0.0003196182052156,20,2,High,89477.1,293.47439132,2943.68,5206.27295062,-0.6220022817312573,-0.5965467164615356,USDP,2,1,0.0005999999999999
2025-11-19 21:00:00,1.0007,1.0007,1.0006,1.0006,675.0,0.0005999999999999,0.0005999999999999,0.000309159683899,21,2,High,90508.7,218.76457796,2988.74,7117.63735707,-0.6019408071806593,-0.6028822677864917,USDP,2,1,0.0004999999999999
2025-11-19 22:00:00,1.0006,1.0006,1.0005,1.0005,5252.0,0.0004999999999999,0.0004999999999999,0.0002739604858908,22,2,High,90373.2,91.95419055,2981.64,1670.43284259,-0.5402097773086115,-0.592621616071463,USDP,2,1,0.0004999999999999
2025-11-19 23:00:00,1.0005,1.0006,1.0005,1.0005,1066.0,0.0004999999999999,0.0004999999999999,0.0002780626558585,23,2,High,91427.7,173.40160508,3022.4,2332.8707115,-0.4927156376352785,-0.5711385469569851,USDP,2,1,0.0003999999999999
2025-11-20 00:00:00,1.0005,1.0006,1.0004,1.0004,909.0,0.0003999999999999,0.0003999999999999,0.0002770182853858,0,3,High,91800.1,161.92481793,3016.46,1241.01705039,-0.4388308178757605,-0.55636497835093,USDP,2,1,0.0003999999999999
2025-11-20 01:00:00,1.0004,1.0004,1.0004,1.0004,832.0,0.0003999999999999,0.0003999999999999,0.0002749176424826,1,3,High,92448.9,56.47027267,3041.94,520.15703959,-0.3543701046052038,-0.5277550527743023,USDP,2,1,0.0003999999999999
2025-11-20 02:00:00,1.0004,1.0004,1.0004,1.0004,1136.0,0.0003999999999999,0.0003999999999999,0.0002750164685509,2,3,High,92510.6,78.75594932,3041.31,529.82542436,-0.2851849023165174,-0.5090706153762188,USDP,2,1,0.0004999999999999
2025-11-20 03:00:00,1.0004,1.0005,1.0004,1.0005,3725.0,0.0004999999999999,0.0004999999999999,0.0002738612787583,3,3,High,92396.4,110.00376383,3037.03,240.88938675,-0.1776014714378403,-0.4624993549816338,USDP,2,1,0.0004999999999999
2025-11-20 04:00:00,1.0004,1.0005,1.0004,1.0005,1348.0,0.0004999999999999,0.0004999999999999,0.0002653955210845,4,3,High,92872.5,66.68808197,3051.02,611.77898454,-0.0897344361628224,-0.4154349543510742,USDP,2,1,0.0005999999999999
2025-11-20 05:00:00,1.0004,1.0006,1.0004,1.0006,6806.0,0.0005999999999999,0.0005999999999999,0.0002496374182341,5,3,High,92532.7,33.21126953,3032.56,1148.89608163,-0.0842537835984518,-0.4350053329559197,USDP,2,1,0.0005999999999999
2025-11-20 06:00:00,1.0005,1.0006,1.0004,1.0006,3331.0,0.0005999999999999,0.0005999999999999,0.0002373998644796,6,3,High,91864.9,35.02704794,3018.1,747.50689708,-0.0719335732784898,-0.4304654981804935,USDP,2,1,0.0005999999999999
2025-11-20 07:00:00,1.0004,1.0006,1.0004,1.0006,1464.0,0.0005999999999999,0.0005999999999999,0.0001956038587755,7,3,High,92255.1,19.56408681,3037.01,386.59549415,0.0488308407467408,-0.3571797552607568,USDP,2,1,0.0006999999999999
2025-11-20 08:00:00,1.0005,1.0007,1.0004,1.0007,6561.0,0.0006999999999999,0.0006999999999999,0.0001939296152079,8,3,High,92000.1,28.20566584,3028.13,158.63119571,0.1082099502561201,-0.2816366482131298,USDP,2,1,0.0008999999999999
2025-11-20 09:00:00,1.0005,1.0011,1.0005,1.0009,21665.0,0.0008999999999999,0.0008999999999999,0.0001833662684578,9,3,High,91795.0,29.00177979,3008.63,500.78975374,0.1895158101524983,-0.1566402901324024,USDP,2,1,0.0006999999999999
2025-11-20 10:00:00,1.0008,1.0008,1.0004,1.0007,3462.0,0.0006999999999999,0.0006999999999999,0.0001444630237105,10,3,High,91705.0,70.97593227,3011.8,497.3644682,0.2747536669990923,0.0437155322934011,USDP,2,1,0.0004999999999999
2025-11-20 11:00:00,1.0006,1.0007,1.0005,1.0005,3412.0,0.0004999999999999,0.0004999999999999,0.0001380506103451,11,3,High,91873.0,59.32539572,3021.15,307.04559284,0.2926402873753129,0.1354145136712937,USDP,2,1,0.0006999999999999
2025-11-20 12:00:00,1.0005,1.0007,1.0005,1.0007,12141.0,0.0006999999999999,0.0006999999999999,0.0001413572922069,12,3,High,91767.8,51.0535725,3025.24,1193.34632813,0.3237788780995363,0.2308161973075605,USDP,2,1,0.0003999999999999
2025-11-20 13:00:00,1.0006,1.0007,1.0004,1.0004,3345.0,0.0003999999999999,0.0003999999999999,0.0001413572922069,13,3,High,91471.9,42.21391454,2996.47,2555.91421147,0.3187989185207986,0.2912212989684153,USDP,2,1,0.0003999999999999
2025-11-20 14:00:00,1.0004,1.0004,1.0004,1.0004,1344.0,0.0003999999999999,0.0003999999999999,0.0001434563004787,14,3,High,91008.6,217.50347847,2998.14,1558.67625176,0.3233565768336015,0.3042444568573615,USDP,2,1,0.0003999999999999
2025-11-20 15:00:00,1.0004,1.0005,1.0004,1.0004,1358.0,0.0003999999999999,0.0003999999999999,0.0001382473104356,15,3,High,89755.2,273.87030723,2952.94,1486.8052537,0.3035510008402086,0.3098775782541262,USDP,2,1,0.0004999999999999
2025-11-20 16:00:00,1.0004,1.0006,1.0004,1.0005,1421.0,0.0004999999999999,0.0004999999999999,0.0001359347669717,16,3,High,87769.5,845.5303591,2860.71,6276.59270526,0.253132878119671,0.2620125380760568,USDP,2,1,0.0004999999999999
2025-11-20 17:00:00,1.0005,1.0006,1.0005,1.0005,2168.0,0.0004999999999999,0.0004999999999999,0.0001274044114621,17,3,High,87151.5,1228.49613057,2830.97,5359.30472019,0.1819640663657207,0.1836771429028081,USDP,2,1,0.0004999999999999
2025-11-20 18:00:00,1.0005,1.0005,1.0005,1.0005,2002.0,0.0004999999999999,0.0004999999999999,0.0001244553351078,18,3,High,86438.3,422.84618947,2813.3,3215.21598155,0.1462170143711439,0.1375170198370008,USDP,2,1,0.0006999999999999
2025-11-20 19:00:00,1.0005,1.0007,1.0005,1.0007,2438.0,0.0006999999999999,0.0006999999999999,0.000128466428262,19,3,High,86801.0,289.3332926,2844.33,3551.5093585,0.0035263041477925,0.0037512315125869,USDP,2,1,0.0006999999999999
2025-11-20 20:00:00,1.0007,1.0007,1.0007,1.0007,1043.0,0.0006999999999999,0.0006999999999999,0.0001318760946866,20,3,High,86300.0,613.04328449,2833.15,4876.94593384,-0.0914100299485794,-0.083521783606212,USDP,2,1,0.0006999999999999
2025-11-20 21:00:00,1.0007,1.0007,1.0007,1.0007,840.0,0.0006999999999999,0.0006999999999999,0.0001350657381616,21,3,High,87199.9,118.93714018,2876.27,3532.85988199,-0.1563619746111562,-0.1402871248210493,USDP,2,1,0.0005999999999999
2025-11-20 22:00:00,1.0007,1.0007,1.0006,1.0006,1291.0,0.0005999999999999,0.0005999999999999,0.0001348643978188,22,3,High,87975.8,91.58242122,2883.01,912.35187484,-0.1690285129090009,-0.1500547639149829,USDP,2,1,0.0005999999999999
2025-11-20 23:00:00,1.0006,1.0008,1.0006,1.0006,1719.0,0.0005999999999999,0.0005999999999999,0.000134528160951,23,3,High,86503.0,208.53458259,2830.0,1722.22743799,-0.172407247754469,-0.1509964216697749,USDP,2,1,0.0005999999999999
2025-11-21 00:00:00,1.0006,1.0006,1.0006,1.0006,940.0,0.0005999999999999,0.0005999999999999,0.0001301476307851,0,4,High,87120.6,157.55718893,2857.76,689.87975451,-0.1510850733612266,-0.1294649537066251,USDP,2,1,0.0004999999999999
2025-11-21 01:00:00,1.0006,1.0006,1.0005,1.0005,6129.0,0.0004999999999999,0.0004999999999999,0.0001259744625678,1,4,High,86993.2,76.49935634,2858.81,370.00140622,-0.0659666796224218,-0.046352302416015,USDP,2,1,0.0004999999999999
2025-11-21 02:00:00,1.0005,1.0005,1.0005,1.0005,1357.0,0.0004999999999999,0.0004999999999999,0.0001215092290958,2,4,High,85399.9,218.22921927,2783.63,2587.56130238,0.0479283713396154,0.0692313323381529,USDP,2,1,0.0004999999999999
2025-11-21 03:00:00,1.0006,1.0006,1.0004,1.0005,860.0,0.0004999999999999,0.0004999999999999,0.0001215092290958,3,4,High,85777.0,139.22815095,2806.55,684.99259143,0.1183013043990122,0.1382859271942861,USDP,2,1,0.0005999999999999
2025-11-21 04:00:00,1.0005,1.0008,1.0005,1.0006,4204.0,0.0005999999999999,0.0005999999999999,0.0001203858530933,4,4,High,85942.4,91.12064909,2816.1,704.93832233,0.1548989063551248,0.1744548226458014,USDP,2,1,0.0005999999999999
2025-11-21 05:00:00,1.0006,1.0006,1.0006,1.0006,996.0,0.0005999999999999,0.0005999999999999,0.0001203858530933,5,4,High,86047.9,64.60081554,2806.44,368.20183629,0.1426193359900204,0.1609095481869734,USDP,2,1,0.0005999999999999
2025-11-21 06:00:00,1.0006,1.0006,1.0006,1.0006,923.0,0.0005999999999999,0.0005999999999999,0.0001203858530933,6,4,High,85500.0,63.12583191,2787.62,1304.83919434,0.1282451155243322,0.14564143758322,USDP,2,1,0.0008999999999999
2025-11-21 07:00:00,1.0006,1.001,1.0006,1.0009,3734.0,0.0008999999999999,0.0008999999999999,0.0001366657829657,7,4,High,83929.4,993.21189358,2717.57,9394.52167984,-0.0598066939193157,-0.0635506646792835,USDP,2,1,0.0007999999999999
2025-11-21 08:00:00,1.0009,1.0009,1.0008,1.0008,724.0,0.0007999999999999,0.0007999999999999,0.0001414213562434,8,4,High,83549.6,427.58236543,2735.23,1530.00184711,-0.2114863835517226,-0.2073786389027504,USDP,2,1,0.0007999999999999
2025-11-21 09:00:00,1.0008,1.001,1.0008,1.0008,461.0,0.0007999999999999,0.0007999999999999,0.0001334465099441,9,4,High,82099.1,511.4833352,2678.42,2472.75303924,-0.5055274253423068,-0.4842591416259224,USDP,2,1,0.0007999999999999
2025-11-21 10:00:00,1.0008,1.0008,1.0008,1.0008,1120.0,0.0007999999999999,0.0007999999999999,0.0001383128149679,10,4,High,82624.9,342.58637953,2694.35,1507.55907402,-0.6497638316917194,-0.6240353140360555,USDP,2,1,0.0006999999999999
2025-11-21 11:00:00,1.0008,1.0009,1.0007,1.0007,4117.0,0.0006999999999999,0.0006999999999999,0.0001380506103434,11,4,High,82214.4,142.88148827,2684.84,1148.16886024,-0.6505119549341056,-0.6252988578328281,USDP,2,1,0.0009999999999998
2025-11-21 12:00:00,1.0007,1.0012,1.0006,1.001,16974.0,0.0009999999999998,0.0009999999999998,0.0001587427962584,12,4,High,83167.3,574.26435058,2722.89,3140.40591326,-0.7896500679903528,-0.7637505193730798,USDP,2,1,0.0005999999999999
2025-11-21 13:00:00,1.001,1.0012,1.0005,1.0006,25862.0,0.0005999999999999,0.0005999999999999,0.0001517411029366,13,4,High,84055.9,261.22530148,2738.7,1767.04521912,-0.7502729425322167,-0.7169909533077317,USDP,2,1,0.0004999999999999
2025-11-21 14:00:00,1.0006,1.0007,1.0005,1.0005,9589.0,0.0004999999999999,0.0004999999999999,0.000146455711271,14,4,High,84800.1,429.58234297,2768.78,2736.13634661,-0.6838718950208127,-0.6445559660154966,USDP,2,1,0.0004999999999999
2025-11-21 15:00:00,1.0005,1.0006,1.0004,1.0005,2461.0,0.0004999999999999,0.0004999999999999,0.0001408437308625,15,4,High,82836.6,449.589762,2701.64,2410.29682775,-0.5318569310557205,-0.4881188296364739,USDP,2,1,0.0004999999999999
2025-11-21 16:00:00,1.0005,1.0005,1.0004,1.0005,886.0,0.0004999999999999,0.0004999999999999,0.0001408437308625,16,4,High,84814.7,267.39941873,2759.74,3446.05699923,-0.4826169332998848,-0.4327647614086771,USDP,2,1,0.0003999999999999
2025-11-21 17:00:00,1.0005,1.0005,1.0004,1.0004,1170.0,0.0003999999999999,0.0003999999999999,0.000146455711271,17,4,High,84820.0,377.87895488,2777.4,2558.0498676,-0.4164245950446157,-0.3839150389304898,USDP,2,1,0.0003999999999999
2025-11-21 18:00:00,1.0004,1.0006,1.0004,1.0004,1437.0,0.0003999999999999,0.0003999999999999,0.0001517411029366,18,4,High,84517.2,470.72789306,2778.33,2090.69941463,-0.3545528082518144,-0.3499033921323073,USDP,2,1,0.0004999999999999
2025-11-21 19:00:00,1.0004,1.0007,1.0003,1.0005,2050.0,0.0004999999999999,0.0004999999999999,0.0001531670490973,19,4,High,84165.1,126.70543496,2750.2,2247.39087953,-0.364052139981117,-0.3597188310346245,USDP,2,1,0.0004999999999999
2025-11-21 20:00:00,1.0005,1.0005,1.0005,1.0005,27.0,0.0004999999999999,0.0004999999999999,0.0001541103500796,20,4,High,84525.5,131.71980806,2734.83,867.04234586,-0.3798459262827486,-0.3621307282359882,USDP,2,1,0.0003999999999999
2025-11-21 21:00:00,1.0005,1.0006,1.0004,1.0004,834.0,0.0003999999999999,0.0003999999999999,0.0001587998466815,21,4,High,85127.6,139.03568413,2765.22,975.54117964,-0.4367236940932217,-0.4205950445619046,USDP,2,1,0.0001999999999999
2025-11-21 22:00:00,1.0004,1.0004,1.0002,1.0002,1336.0,0.0001999999999999,0.0001999999999999,0.0001785610763095,22,4,High,84241.1,51.94612882,2720.9,352.53277557,-0.4049047809895397,-0.3324115279625487,USDP,2,1,9.9999999999989e-05
2025-11-21 23:00:00,1.0002,1.0004,1.0,1.0001,8720.0,9.9999999999989e-05,9.9999999999989e-05,0.0002039021504507,23,4,High,85069.4,100.66798693,2765.39,327.09238567,-0.4126192117168883,-0.322569371360526,USDP,2,1,9.9999999999989e-05
2025-11-22 00:00:00,1.0001,1.0001,1.0001,1.0001,1129.0,9.9999999999989e-05,9.9999999999989e-05,0.0002244155049068,0,5,High,84687.5,154.38729577,2764.58,389.59891412,-0.4412896059307438,-0.3605551304134183,USDP,2,1,9.9999999999989e-05
2025-11-22 01:00:00,1.0001,1.0001,1.0001,1.0001,409.0,9.9999999999989e-05,9.9999999999989e-05,0.0002418227881562,1,5,High,85042.3,110.01096545,2772.66,376.53171406,-0.4804235883683129,-0.4063514239689967,USDP,2,1,9.9999999999989e-05
2025-11-22 02:00:00,1.0001,1.0001,1.0001,1.0001,339.0,9.9999999999989e-05,9.9999999999989e-05,0.0002569328565127,2,5,High,84426.4,31.079987,2751.07,212.11694659,-0.4627721756339807,-0.3869585776680819,USDP,2,1,0.0
2025-11-22 03:00:00,1.0,1.0,1.0,1.0,6.0,0.0,0.0,0.0002771163623158,3,5,High,84404.4,52.5032618,2751.0,143.04999787,-0.4541461888911028,-0.3833536546804786,USDP,2,1,9.9999999999989e-05
2025-11-22 04:00:00,1.0001,1.0001,1.0001,1.0001,1112.0,9.9999999999989e-05,9.9999999999989e-05,0.0002869126009468,4,5,High,84176.5,222.1216545,2745.35,267.62248851,-0.4930121833256794,-0.4425437606256008,USDP,2,1,9.9999999999989e-05
2025-11-22 05:00:00,1.0001,1.0001,1.0001,1.0001,434.0,9.9999999999989e-05,9.9999999999989e-05,0.0002948531936398,5,5,High,84236.5,53.18327917,2741.56,136.7010316,-0.5679444404087677,-0.5102185861469349,USDP,2,1,9.9999999999989e-05
2025-11-22 06:00:00,1.0001,1.0001,1.0001,1.0001,306.0,9.9999999999989e-05,9.9999999999989e-05,0.0003010849945042,6,5,High,84600.1,87.98630605,2764.04,143.02565463,-0.6457608962747723,-0.5948576194772829,USDP,2,1,9.9999999999989e-05
2025-11-22 07:00:00,1.0001,1.0001,1.0001,1.0001,366.0,9.9999999999989e-05,9.9999999999989e-05,0.0002903021913827,7,5,High,84525.4,11.76232613,2755.0,180.69487676,-0.6747638903042364,-0.582838626877542,USDP,2,1,9.9999999999989e-05
2025-11-22 08:00:00,1.0001,1.0001,1.0001,1.0001,428.0,9.9999999999989e-05,9.9999999999989e-05,0.0002825543426045,8,5,High,83961.6,97.2679517,2729.42,345.98393959,-0.6491745145268543,-0.5615014837435867,USDP,2,1,9.9999999999989e-05
2025-11-22 09:00:00,1.0001,1.0001,1.0001,1.0001,782.0,9.9999999999989e-05,9.9999999999989e-05,0.0002713359327639,9,5,High,83840.6,102.94548054,2723.28,249.08358848,-0.5612876310376559,-0.4408971478215738,USDP,2,1,0.0001999999999999
2025-11-22 10:00:00,1.0001,1.0003,1.0001,1.0002,5272.0,0.0001999999999999,0.0001999999999999,0.000253525861249,10,5,High,83689.5,194.63238323,2711.41,278.08816946,-0.4558743193437896,-0.3003821005156571,USDP,2,1,0.0001999999999999
2025-11-22 11:00:00,1.0002,1.0003,1.0001,1.0002,1261.0,0.0001999999999999,0.0001999999999999,0.0002401313046681,11,5,High,84046.8,37.70666031,2733.38,304.42078836,-0.3297854356286961,-0.1484075714764479,USDP,2,1,9.9999999999989e-05
2025-11-22 12:00:00,1.0002,1.0002,1.0001,1.0001,1594.0,9.9999999999989e-05,9.9999999999989e-05,0.0001888178326234,12,5,High,83844.6,84.57057877,2719.67,210.78157152,-0.0385815189205797,0.0497667221767808,USDP,2,1,0.0002999999999999
2025-11-22 13:00:00,1.0001,1.0004,1.0001,1.0003,6809.0,0.0002999999999999,0.0002999999999999,0.0001739877557016,13,5,High,83912.8,59.63210582,2717.27,70.76953966,-0.0032717269307538,0.0643910983432859,USDP,2,1,0.0001999999999999
2025-11-22 14:00:00,1.0003,1.0003,1.0002,1.0002,1294.0,0.0001999999999999,0.0001999999999999,0.0001648451183603,14,5,High,84431.0,27.10287427,2743.8,236.65972249,-0.0686326797993263,-0.0059484243744211,USDP,2,1,0.0
2025-11-22 15:00:00,1.0002,1.0002,1.0,1.0,976.0,0.0,0.0,0.0001601063957963,15,5,High,84242.5,27.16176399,2737.59,604.27259342,0.2189977729295859,0.1892192814375895,USDP,2,1,9.9999999999989e-05
2025-11-22 16:00:00,1.0,1.0001,1.0,1.0001,836.0,9.9999999999989e-05,9.9999999999989e-05,0.0001483606065275,16,5,High,84677.8,38.47180939,2753.45,630.27898441,0.1234990759004369,0.134182916793441,USDP,2,1,0.0
2025-11-22 17:00:00,1.0001,1.0001,1.0,1.0,793.0,0.0,0.0,0.0001458980187944,17,5,High,84564.9,46.31106426,2749.53,341.83647311,0.0285629694534684,0.0200260376045458,USDP,2,1,0.0
2025-11-22 18:00:00,1.0,1.0,1.0,1.0,742.0,0.0,0.0,0.0001413572922143,18,5,High,84580.1,24.22275164,2751.11,178.22808802,-0.0234344504149802,-0.1417771722435037,USDP,2,1,0.0
2025-11-22 19:00:00,1.0,1.0001,1.0,1.0,826.0,0.0,0.0,0.0001239448217752,19,5,High,84555.8,41.06891539,2750.06,178.85565823,0.0210218991937851,-0.2265425295240875,USDP,2,1,0.0
2025-11-22 20:00:00,1.0,1.0,1.0,1.0,842.0,0.0,0.0,9.918143236612231e-05,20,5,High,84413.6,21.04063132,2739.4,546.95558952,-0.0345076654225897,-0.1822894743043941,USDP,2,1,0.0
2025-11-22 21:00:00,1.0,1.0,1.0,1.0,2202.0,0.0,0.0,8.06450444414314e-05,21,5,High,84363.1,17.42245305,2745.0,92.98532733,-0.383324071766677,-0.4466914924950228,USDP,2,1,0.0
2025-11-22 22:00:00,1.0,1.0001,1.0,1.0,1753.0,0.0,0.0,7.974142998954512e-05,22,5,High,85046.2,39.94301245,2788.09,608.60272544,-0.4294187566672057,-0.4528916878887298,USDP,2,1,0.0
2025-11-22 23:00:00,1.0,1.0001,1.0,1.0,1261.0,0.0,0.0,8.164965812111295e-05,23,5,High,84679.9,17.39289258,2767.09,235.39060551,-0.4983141070100234,-0.5011881074389815,USDP,2,1,0.0
2025-11-23 00:00:00,1.0,1.0,1.0,1.0,1274.0,0.0,0.0,8.329709359728023e-05,0,6,High,84878.9,29.11239065,2771.19,219.13095401,-0.5421122057203457,-0.5491379403506362,USDP,2,1,0.0
2025-11-23 01:00:00,1.0,1.0001,1.0,1.0,2360.0,0.0,0.0,8.46989554136057e-05,1,6,High,85802.9,135.9809156,2804.33,358.87958225,-0.5755483178211812,-0.5880196979136165,USDP,2,1,0.0001999999999999
2025-11-23 02:00:00,1.0,1.0005,1.0,1.0002,5709.0,0.0001999999999999,0.0001999999999999,8.836272414964058e-05,2,6,High,85971.2,233.12026406,2818.75,1138.19068915,-0.2835031426780324,-0.3045693821900087,USDP,2,1,9.9999999999989e-05
2025-11-23 03:00:00,1.0002,1.0002,1.0001,1.0001,1272.0,9.9999999999989e-05,9.9999999999989e-05,8.681147325489895e-05,3,6,High,86248.8,27.63381573,2822.66,375.22687877,-0.2238091208308451,-0.2483903962228837,USDP,2,1,0.0
2025-11-23 04:00:00,1.0001,1.0002,1.0,1.0,2855.0,0.0,0.0,8.836272414964058e-05,4,6,High,86532.5,67.59448009,2826.01,999.56637197,-0.2843475270989075,-0.30167388149438,USDP,2,1,-9.9999999999989e-05
2025-11-23 05:00:00,1.0,1.0001,0.9999,0.9999,1258.0,9.9999999999989e-05,-9.9999999999989e-05,9.545846659820924e-05,5,6,High,86295.8,23.60940972,2823.4,216.86857187,-0.3901258473279716,-0.3994452390838738,USDP,2,1,-9.9999999999989e-05
2025-11-23 06:00:00,0.9999,0.9999,0.9999,0.9999,1416.0,9.9999999999989e-05,-9.9999999999989e-05,0.0001013495887272,6,6,High,85861.0,45.53100447,2809.6,239.68064383,-0.4428542047112472,-0.4565853420096521,USDP,2,1,-9.9999999999989e-05
2025-11-23 07:00:00,0.9999,0.9999,0.9999,0.9999,1499.0,9.9999999999989e-05,-9.9999999999989e-05,0.0001062366786418,7,6,High,85735.5,30.37767875,2792.37,206.97244937,-0.4754214788943473,-0.4774372322468458,USDP,2,1,-9.9999999999989e-05
2025-11-23 08:00:00,0.9999,1.0,0.9999,0.9999,1998.0,9.9999999999989e-05,-9.9999999999989e-05,0.0001102533314975,8,6,High,86104.0,23.4697092,2809.91,120.57870008,-0.5103038591035891,-0.5059981374401794,USDP,2,1,0.0
2025-11-23 09:00:00,0.9999,1.0,0.9999,1.0,2334.0,0.0,0.0,0.0001100065874402,9,6,High,86354.5,37.68466965,2814.95,180.83305156,-0.501796889167794,-0.5010997221192609,USDP,2,1,0.0
2025-11-23 10:00:00,1.0,1.0,1.0,1.0,1684.0,0.0,0.0,0.00010494995359,10,6,High,86048.2,56.21843937,2807.01,151.05642536,-0.4514899065611917,-0.4482917628738359,USDP,2,1,0.0
2025-11-23 11:00:00,1.0,1.0,1.0,1.0,1695.0,0.0,0.0,9.89070710344974e-05,11,6,High,86241.3,146.54376871,2813.5,99.56730802,-0.4001757940592984,-0.403112554335327,USDP,2,1,0.0
2025-11-23 12:00:00,1.0,1.0001,1.0,1.0,2935.0,0.0,0.0,9.77092700528942e-05,12,6,High,86491.6,142.09779789,2833.88,491.53235906,-0.3694325327213609,-0.370687960271965,USDP,2,1,9.9999999999989e-05
2025-11-23 13:00:00,1.0,1.0003,1.0,1.0001,5355.0,9.9999999999989e-05,9.9999999999989e-05,7.974142999229461e-05,13,6,High,86882.1,27.33561145,2842.12,267.02577945,-0.1105402976466498,-0.0883776664166324,USDP,2,1,0.0
2025-11-23 14:00:00,1.0001,1.0002,1.0,1.0,1862.0,0.0,0.0,6.902530520548686e-05,14,6,High,86536.7,69.77932343,2812.86,983.77962738,0.0151814725234873,0.0549751662465572,USDP,2,1,0.0
2025-11-23 15:00:00,1.0,1.0001,1.0,1.0,1264.0,0.0,0.0,6.902530520548686e-05,15,6,High,87049.2,36.21037167,2835.47,368.80513768,0.0066259331122153,0.0485580730312624,USDP,2,1,-9.9999999999989e-05
2025-11-23 16:00:00,1.0,1.0,0.9999,0.9999,12681.0,9.9999999999989e-05,-9.9999999999989e-05,6.902530520580855e-05,16,6,High,86684.6,62.35034819,2798.72,706.45484226,0.0100887884325244,0.1296097222119244,USDP,2,1,-9.9999999999989e-05
2025-11-23 17:00:00,0.9999,1.0,0.9999,0.9999,1988.0,9.9999999999989e-05,-9.9999999999989e-05,7.172815027160636e-05,17,6,High,86699.5,31.46645933,2790.84,528.03126222,-0.045240213687924,0.150636406599896,USDP,2,1,-9.9999999999989e-05
2025-11-23 18:00:00,0.9999,0.9999,0.9999,0.9999,1370.0,9.9999999999989e-05,-9.9999999999989e-05,7.40886660695095e-05,18,6,High,86962.5,28.79592509,2807.42,381.11607779,-0.1026012342579772,0.1511793120361147,USDP,2,1,-9.9999999999989e-05
2025-11-23 19:00:00,0.9999,0.9999,0.9999,0.9999,1234.0,9.9999999999989e-05,-9.9999999999989e-05,7.613869879683021e-05,19,6,High,87300.0,79.38761281,2821.18,555.37500024,-0.1635043954507427,0.1397854961946729,USDP,2,1,-9.9999999999989e-05
2025-11-23 20:00:00,0.9999,0.9999,0.9999,0.9999,1257.0,9.9999999999989e-05,-9.9999999999989e-05,7.790276365400089e-05,20,6,High,87472.4,236.10385354,2826.92,426.68890127,-0.2201106416746408,0.1459347591710604,USDP,2,1,-0.0001999999999999
2025-11-23 21:00:00,0.9999,0.9999,0.9998,0.9998,924.0,0.0001999999999999,-0.0001999999999999,8.586727206021085e-05,21,6,High,87958.9,116.81511379,2841.85,819.88775696,-0.3669564070964782,0.0509718604362214,USDP,2,1,-0.0001999999999999
2025-11-23 22:00:00,0.9998,0.9998,0.9998,0.9998,996.0,0.0001999999999999,-0.0001999999999999,9.237212079930571e-05,22,6,High,87967.8,54.27026732,2836.65,1173.56103745,-0.4613016244930737,-0.0281726408624828,USDP,2,1,-0.0001999999999999
2025-11-23 23:00:00,0.9998,0.9998,0.9998,0.9998,1261.0,0.0001999999999999,-0.0001999999999999,9.770927005472852e-05,23,6,High,86777.4,334.85691253,2801.0,784.09712589,-0.4736657968092007,0.0746788442740424,USDP,2,1,-0.0001999999999999
2025-11-24 00:00:00,0.9998,0.9998,0.9998,0.9998,1263.0,0.0001999999999999,-0.0001999999999999,0.0001020620726423,0,0,High,86703.7,304.3680897,2787.29,734.19536166,-0.4772403902338143,0.2517575655740193,USDP,2,1,-0.0001999999999999
2025-11-24 01:00:00,0.9998,0.9998,0.9998,0.9998,1666.0,0.0001999999999999,-0.0001999999999999,0.000105552377298,1,0,High,87007.6,115.21077647,2804.99,192.69641653,-0.479618190979257,0.3010919498383268,USDP,2,1,-0.0001999999999999
2025-11-24 02:00:00,0.9998,0.9999,0.9998,0.9998,962.0,0.0001999999999999,-0.0001999999999999,9.31532942917317e-05,2,0,High,87450.0,69.89351194,2837.62,1197.35383922,-0.4655593049670588,0.2300972805492621,USDP,2,1,-0.0001999999999999
2025-11-24 03:00:00,0.9998,0.9999,0.9998,0.9998,4400.0,0.0001999999999999,-0.0001999999999999,8.805466026273691e-05,3,0,High,87433.6,43.65687985,2856.34,288.12121913,-0.4745913574348984,0.0707359874041006,USDP,2,1,-9.9999999999989e-05
2025-11-24 04:00:00,0.9998,1.0001,0.9997,0.9999,5144.0,9.9999999999989e-05,-9.9999999999989e-05,8.58672720621679e-05,4,0,High,86699.3,60.89788213,2823.85,233.12195231,-0.4686659672911193,0.0506886331800306,USDP,2,1,-9.9999999999989e-05
2025-11-24 05:00:00,0.9999,1.0,0.9999,0.9999,1054.0,9.9999999999989e-05,-9.9999999999989e-05,8.58672720621679e-05,5,0,High,87435.8,56.64894467,2865.39,623.99264777,-0.4687075624202121,0.0404956515288672,USDP,2,1,-9.9999999999989e-05
2025-11-24 06:00:00,0.9999,0.9999,0.9999,0.9999,1690.0,9.9999999999989e-05,-9.9999999999989e-05,8.58672720621679e-05,6,0,High,86869.4,26.02005904,2837.21,236.21538438,-0.5016882454839214,0.0373424479872598,USDP,2,1,-9.9999999999989e-05
2025-11-24 07:00:00,0.9999,1.0,0.9999,0.9999,938.0,9.9999999999989e-05,-9.9999999999989e-05,8.58672720621679e-05,7,0,High,86997.2,22.30559512,2828.68,202.31563568,-0.557973449755935,0.0351041542182851,USDP,2,1,-9.9999999999989e-05
2025-11-24 08:00:00,0.9999,1.0,0.9999,0.9999,1646.0,9.9999999999989e-05,-9.9999999999989e-05,8.58672720621679e-05,8,0,High,86932.5,44.51782274,2839.14,158.21219043,-0.5956690439579811,0.0318559116919819,USDP,2,1,-9.9999999999989e-05
2025-11-24 09:00:00,0.9999,0.9999,0.9999,0.9999,667.0,9.9999999999989e-05,-9.9999999999989e-05,8.340576565653698e-05,9,0,High,85915.8,75.16806258,2796.37,388.04317145,-0.5169786566141492,0.0532526616890696,USDP,2,1,-9.9999999999989e-05
2025-11-24 10:00:00,0.9999,1.0,0.9998,0.9999,5645.0,9.9999999999989e-05,-9.9999999999989e-05,8.064504444818648e-05,10,0,High,86040.9,51.84208461,2798.81,1307.03650126,-0.4421628758946886,0.0935644419318392,USDP,2,1,-9.9999999999989e-05
2025-11-24 11:00:00,0.9999,1.0,0.9999,0.9999,2831.0,9.9999999999989e-05,-9.9999999999989e-05,7.755316085942803e-05,11,0,High,86217.2,25.35819649,2802.73,138.16497097,-0.3840923385069129,0.116887952980069,USDP,2,1,-9.9999999999989e-05
2025-11-24 12:00:00,0.9999,0.9999,0.9999,0.9999,1258.0,9.9999999999989e-05,-9.9999999999989e-05,7.408866607294712e-05,12,0,High,85973.5,32.7467035,2802.28,749.61682776,-0.3404420063632584,0.0781493124790991,USDP,2,1,-9.9999999999989e-05
2025-11-24 13:00:00,0.9999,1.0,0.9998,0.9999,4135.0,9.9999999999989e-05,-9.9999999999989e-05,5.8822996636209704e-05,13,0,High,86090.7,40.22600666,2813.87,730.99945975,-0.4227298165533354,-0.0698972349323288,USDP,2,1,-9.9999999999989e-05
2025-11-24 14:00:00,0.9999,1.0,0.9998,0.9999,3708.0,9.9999999999989e-05,-9.9999999999989e-05,5.316095336117763e-05,14,0,High,86042.0,161.48038587,2828.33,935.59631895,-0.4207656246078455,-0.0367854497307832,USDP,2,1,-9.9999999999989e-05
2025-11-24 15:00:00,0.9999,0.9999,0.9998,0.9999,1281.0,9.9999999999989e-05,-9.9999999999989e-05,4.643056221087227e-05,15,0,High,86562.6,90.91959122,2844.29,2335.03227012,-0.5318571232631979,-0.0969532314572972,USDP,2,1,0.0
2025-11-24 16:00:00,0.9999,1.0002,0.9999,1.0,7973.0,0.0,0.0,5.316095336117763e-05,16,0,High,87212.2,161.73328623,2858.58,1250.29115771,-0.3936280336911151,0.1124421541534358,USDP,2,1,-9.9999999999989e-05
2025-11-24 17:00:00,1.0,1.0,0.9999,0.9999,1575.0,9.9999999999989e-05,-9.9999999999989e-05,5.316095336117763e-05,17,0,High,88343.4,219.80749411,2940.13,3333.34766329,-0.3029447392772377,0.1750437359132746,USDP,2,1,-0.0001999999999999
2025-11-24 18:00:00,0.9999,1.0,0.9998,0.9998,1691.0,0.0001999999999999,-0.0001999999999999,5.500329376145202e-05,18,0,High,88698.4,266.19806569,2955.52,2718.89522478,-0.3884619330477191,-0.0293311863844987,USDP,2,1,-0.0001999999999999
2025-11-24 19:00:00,0.9998,0.9999,0.9998,0.9998,1512.0,0.0001999999999999,-0.0001999999999999,5.646597030858384e-05,19,0,High,88310.2,115.11812085,2958.0,1145.87846953,-0.4503754679137115,-0.1492523858997706,USDP,2,1,-0.0001999999999999
2025-11-24 20:00:00,0.9998,0.9999,0.9998,0.9998,3359.0,0.0001999999999999,-0.0001999999999999,5.757792456413719e-05,20,0,High,89137.6,91.65819351,2974.33,813.4135692,-0.5132727844269018,-0.2352171274055326,USDP,2,1,-0.0001999999999999
2025-11-24 21:00:00,0.9998,0.9999,0.9998,0.9998,1057.0,0.0001999999999999,-0.0001999999999999,5.757792456413719e-05,21,0,High,88783.3,89.31651029,2958.56,1504.85647717,-0.5284386503280825,-0.3104544792669718,USDP,2,1,0.0
2025-11-24 22:00:00,0.9998,1.0001,0.9998,1.0,4204.0,0.0,0.0,6.240935460329239e-05,22,0,High,88646.6,47.81944977,2960.96,456.5911718,-0.294290166241037,-0.1252515585424971,USDP,2,1,-0.0001999999999999
2025-11-24 23:00:00,1.0,1.0,0.9998,0.9998,3368.0,0.0001999999999999,-0.0001999999999999,6.240935460329239e-05,23,0,High,88275.0,53.03642049,2951.88,672.22636066,-0.3612418867746714,-0.2372138672282235,USDP,2,1,-0.0001999999999999
2025-11-25 00:00:00,0.9998,0.9999,0.9998,0.9998,3308.0,0.0001999999999999,-0.0001999999999999,6.240935460329239e-05,0,1,High,88072.5,64.17305441,2942.79,1033.21139345,-0.4249741852037662,-0.3569047590934601,USDP,2,1,-0.0001999999999999
2025-11-25 01:00:00,0.9998,0.9998,0.9998,0.9998,1959.0,0.0001999999999999,-0.0001999999999999,6.240935460329239e-05,1,1,High,87741.6,46.35012312,2919.01,900.85791172,-0.4596041258205758,-0.4497892916579271,USDP,2,1,-0.0002999999999999
2025-11-25 02:00:00,0.9998,0.9999,0.9997,0.9997,6772.0,0.0002999999999999,-0.0002999999999999,7.01964118575279e-05,2,1,High,87886.3,44.79667168,2929.29,847.56773497,-0.457305139342219,-0.5090005683324562,USDP,2,1,-0.0001999999999999
2025-11-25 03:00:00,0.9997,0.9998,0.9997,0.9998,1997.0,0.0001999999999999,-0.0001999999999999,7.01964118575279e-05,3,1,High,87735.1,17.17082195,2911.31,416.38719952,-0.4680690894716799,-0.5431278693415112,USDP,2,1,-9.9999999999989e-05
2025-11-25 04:00:00,0.9998,1.0001,0.9998,0.9999,8423.0,9.9999999999989e-05,-9.9999999999989e-05,7.01964118575279e-05,4,1,High,88339.0,54.89028356,2938.16,638.2916176,-0.4316216841391403,-0.5077779498437305,USDP,2,1,-0.0001999999999999
2025-11-25 05:00:00,0.9999,0.9999,0.9998,0.9998,1650.0,0.0001999999999999,-0.0001999999999999,7.109393667462287e-05,5,1,High,88075.1,40.64997579,2929.94,194.36325158,-0.4465614563593853,-0.516781528048392,USDP,2,1,-0.0002999999999999
2025-11-25 06:00:00,0.9998,0.9998,0.9997,0.9997,1952.0,0.0002999999999999,-0.0002999999999999,7.79027636580355e-05,6,1,High,87991.2,29.93710668,2923.9,88.95674768,-0.4382625050431408,-0.5031450951220451,USDP,2,1,-0.0002999999999999
2025-11-25 07:00:00,0.9997,0.9999,0.9997,0.9997,3807.0,0.0002999999999999,-0.0002999999999999,8.329709360470671e-05,7,1,High,87396.6,115.60330355,2902.94,327.16502927,-0.3906275542295155,-0.4659644458585235,USDP,2,1,-0.0004999999999999
2025-11-25 08:00:00,0.9997,0.9998,0.9954,0.9995,2696017.0,0.0004999999999999,-0.0004999999999999,0.0001082636342393,8,1,High,87000.2,159.41247728,2871.57,992.79244448,-0.2192086587585061,-0.2876923226555994,USDP,2,1,-0.0004999999999999
2025-11-25 09:00:00,0.9994,0.9996,0.9992,0.9995,5864.0,0.0004999999999999,-0.0004999999999999,0.0001261899879131,9,1,High,87195.7,95.70952501,2891.17,258.0757522,-0.1138832318249836,-0.201052887744384,USDP,2,1,-0.0011999999999999
2025-11-25 10:00:00,0.9995,0.9996,0.9942,0.9988,2195596.0,0.0011999999999999,-0.0011999999999999,0.0002407717061845,10,1,Medium,87400.0,33.24547123,2898.37,334.9895178,0.0090461412629934,-0.0616118603435932,USDP,2,1,-0.0009
2025-11-25 11:00:00,0.9988,0.9991,0.9988,0.9991,6237.0,0.0009,-0.0009,0.0002745219824476,11,1,High,87336.0,47.31986228,2890.75,179.20522154,0.0839723507324227,0.0236148386611616,USDP,2,1,-0.0004999999999999
2025-11-25 12:00:00,0.9991,0.9997,0.9983,0.9995,522997.0,0.0004999999999999,-0.0004999999999999,0.0002761012206863,12,1,High,87506.9,26.15134279,2926.2,4256.0962581,0.159497459082714,0.081987268393376,USDP,2,1,-0.0004999999999999
2025-11-25 13:00:00,0.9995,0.9997,0.9993,0.9995,55496.0,0.0004999999999999,-0.0004999999999999,0.0002766256299351,13,1,High,87040.3,62.79753375,2905.51,924.50208454,0.2721852619601255,0.1807938684393925,USDP,2,1,-0.0011999999999999
2025-11-25 14:00:00,0.9994,0.9994,0.9986,0.9988,8174.0,0.0011999999999999,-0.0011999999999999,0.0003283412417307,14,1,Medium,86747.0,133.64762905,2880.75,1769.10800942,0.5033206653662848,0.3727157746347098,USDP,2,1,-0.0004999999999999
2025-11-25 15:00:00,0.9988,0.9996,0.9988,0.9995,13356.0,0.0004999999999999,-0.0004999999999999,0.0003254595413417,15,1,High,86934.8,99.66976188,2893.88,1449.13282655,0.6186322207801581,0.5159877781636132,USDP,0,1,-0.0006
2025-11-25 16:00:00,0.9995,0.9997,0.9994,0.9994,493256.0,0.0006,-0.0006,0.0003193914049755,16,1,High,87094.1,94.74856975,2929.11,613.10016688,0.7061247084679787,0.6914060143464257,USDP,0,1,-0.0007
2025-11-25 17:00:00,0.9993,0.9994,0.9993,0.9993,6453.0,0.0007,-0.0007,0.0003193914049757,17,1,High,87601.1,151.66265636,2936.3,1200.39458097,0.6940832954886772,0.6528569799517373,USDP,0,1,-0.0007
2025-11-25 18:00:00,0.9994,0.9994,0.9993,0.9993,527.0,0.0007,-0.0007,0.000321229522,18,1,High,87200.1,86.51926353,2922.9,817.54513092,0.6993664042265595,0.6336765239798975,USDP,0,1,-0.0007
2025-11-25 19:00:00,0.9994,0.9994,0.9993,0.9993,101.0,0.0007,-0.0007,0.0003216522111456,19,1,High,86861.5,83.18457258,2921.18,1162.1064784,0.7001576369986667,0.6141519245055285,USDP,0,1,-0.0007
2025-11-25 20:00:00,0.9993,0.9993,0.9993,0.9993,0.0,0.0007,-0.0007,0.0003206650697596,20,1,High,87394.7,44.24954004,2929.41,932.62631529,0.7186213406092923,0.5862055119777742,USDP,0,1,-0.0009
2025-11-25 21:00:00,0.9993,0.9993,0.999,0.9991,11347.0,0.0009,-0.0009,0.0003263489285963,21,1,High,87000.0,31.118504,2931.41,687.19490874,0.7386634438019039,0.5113825617089071,USDP,0,1,-0.0010999999999999
2025-11-25 22:00:00,0.999,0.999,0.9989,0.9989,633.0,0.0010999999999999,-0.0010999999999999,0.0003296902367097,22,1,Medium,87636.1,36.19217462,2969.15,1012.00211706,0.6270002198645267,0.1975005059356951,USDP,2,1,-0.0011999999999999
2025-11-25 23:00:00,0.9989,0.9989,0.9988,0.9988,922.0,0.0011999999999999,-0.0011999999999999,0.0003463055532906,23,1,Medium,87326.3,47.22555257,2959.04,1098.0420548,0.5766387221464653,-0.0154385944204049,USDP,2,1,-0.001
2025-11-26 00:00:00,0.9988,0.9991,0.9988,0.999,2911.0,0.001,-0.001,0.000345467547094,0,2,Medium,87532.5,20.13846148,2953.36,458.07654591,0.5138359358723823,-0.1349657145219354,USDP,2,1,-0.0013999999999999
2025-11-26 01:00:00,0.999,0.9996,0.9984,0.9986,32240.0,0.0013999999999999,-0.0013999999999999,0.0003674234614289,1,2,Medium,87883.0,66.87989946,2968.34,985.31118781,0.3352649130324172,-0.2769501560641277,USDP,2,1,-0.0011999999999999
2025-11-26 02:00:00,0.9986,0.999,0.9979,0.9988,28071.0,0.0011999999999999,-0.0011999999999999,0.0003733660053106,2,2,Medium,87673.9,22.56732793,2955.67,258.59468514,0.2463109262881724,-0.3494291255218404,USDP,2,1,-0.0013999999999999
2025-11-26 03:00:00,0.9988,0.9995,0.998,0.9986,54786.0,0.0013999999999999,-0.0013999999999999,0.0003819998861941,3,2,Medium,87089.2,52.91306958,2926.16,640.35988833,0.2482164116763663,-0.3259919709751059,USDP,2,1,-0.0016
2025-11-26 04:00:00,0.9986,0.9991,0.9984,0.9984,24101.0,0.0016,-0.0016,0.0003914854653424,4,2,Medium,87202.5,45.48029837,2931.22,579.51384541,0.105610484391121,-0.3906314116102559,USDP,2,1,-0.0036
2025-11-26 05:00:00,0.9984,0.9984,0.9952,0.9964,179328.0,0.0036,-0.0036,0.0006709284071688,5,2,Medium,87464.8,22.78724169,2942.58,123.72741979,-0.1152540652783031,-0.3628697297614229,USDP,2,1,-0.0014999999999999
2025-11-26 06:00:00,0.9964,0.9987,0.9938,0.9985,4212411.0,0.0014999999999999,-0.0014999999999999,0.000663761787206,6,2,Medium,87769.4,22.58232795,2946.4,482.87332195,-0.278427771185543,-0.388784580102306,USDP,2,1,-0.0016
2025-11-26 07:00:00,0.9984,0.9987,0.9969,0.9984,734387.0,0.0016,-0.0016,0.0006557300390162,7,2,Medium,87900.0,34.93342523,2941.87,170.38859101,-0.3409026189204517,-0.3785606291373687,USDP,2,1,-0.0004999999999999
2025-11-26 08:00:00,0.9984,0.9995,0.9965,0.9995,1708834.0,0.0004999999999999,-0.0004999999999999,0.0006557300390162,8,2,High,87394.8,12.77570048,2912.55,310.02153118,-0.301381401875809,-0.3523011708830685,USDP,2,1,-0.0006
2025-11-26 09:00:00,0.9995,0.9998,0.9987,0.9994,939158.0,0.0006,-0.0006,0.0006522536183257,9,2,High,86788.7,31.22970455,2904.44,302.59654249,-0.3218465606397896,-0.3371523685081077,USDP,2,1,-0.0003999999999999
2025-11-26 10:00:00,0.9994,0.9997,0.9992,0.9996,98070.0,0.0003999999999999,-0.0003999999999999,0.0006658872255206,10,2,High,86941.0,19.60823979,2913.26,110.34278368,-0.3520334613948608,-0.3782260853066869,USDP,2,1,-0.001
2025-11-26 11:00:00,0.9995,0.9995,0.999,0.999,10931.0,0.001,-0.001,0.0006652748151856,11,2,Medium,87069.7,12.48371668,2914.0,512.31910206,-0.3519373346021255,-0.3842543431807996,USDP,2,1,-0.0009
2025-11-26 12:00:00,0.999,0.9991,0.999,0.9991,144.0,0.0009,-0.0009,0.0006559510188578,12,2,High,86637.1,78.86665314,2901.52,620.83307446,-0.3768211196285737,-0.3849431615514118,USDP,2,1,-0.0001999999999999
2025-11-26 13:00:00,0.9991,1.0,0.9991,0.9998,91989.0,0.0001999999999999,-0.0001999999999999,0.0006698474842709,13,2,High,87080.7,58.86625242,2933.0,195.2709699,-0.3754300637183037,-0.3387803575403947,USDP,2,1,-9.9999999999989e-05
2025-11-26 14:00:00,0.9999,1.0001,0.9998,0.9999,18345.0,9.9999999999989e-05,-9.9999999999989e-05,0.0006962503089863,14,2,High,86843.7,78.11555059,2907.53,1994.62060841,-0.4490163029898887,-0.4463127876656755,USDP,2,1,-9.9999999999989e-05
2025-11-26 15:00:00,1.0,1.0002,0.9998,0.9999,7124.0,9.9999999999989e-05,-9.9999999999989e-05,0.0007134195058408,15,2,High,86895.4,97.71537349,2925.63,6670.48852403,-0.4642029362013223,-0.4276185094080255,USDP,2,1,-9.9999999999989e-05
2025-11-26 16:00:00,0.9999,1.0,0.9998,0.9999,1247.0,9.9999999999989e-05,-9.9999999999989e-05,0.0007322785563348,16,2,High,87800.4,168.21507925,2946.89,3262.45297354,-0.3518808894322895,-0.3699578388595162,USDP,2,1,-0.0001999999999999
2025-11-26 17:00:00,0.9999,0.9999,0.9997,0.9998,1807.0,0.0001999999999999,-0.0001999999999999,0.0007471564452194,17,2,High,89863.5,390.29543359,3026.88,3218.22131827,-0.0351136543678315,-0.1108770858736705,USDP,2,1,-0.0001999999999999
2025-11-26 18:00:00,0.9998,0.9999,0.9998,0.9998,433.0,0.0001999999999999,-0.0001999999999999,0.0007611490170108,18,2,High,90135.5,325.98692338,3033.55,3383.88230142,0.1102351378601645,0.0361929714276898,USDP,2,1,-0.0002999999999999
2025-11-26 19:00:00,0.9998,0.9999,0.9997,0.9997,383.0,0.0002999999999999,-0.0002999999999999,0.000770610524013,19,2,High,89988.2,65.60915118,3032.99,1059.97671696,0.1895036895049758,0.1203984363549635,USDP,2,1,-0.0002999999999999
2025-11-26 20:00:00,0.9997,0.9997,0.9997,0.9997,161.0,0.0002999999999999,-0.0002999999999999,0.0007795855457856,20,2,High,89900.0,99.22687491,3026.11,676.05848669,0.2412516864993794,0.1783792212458707,USDP,2,1,-0.0002999999999999
2025-11-26 21:00:00,0.9997,0.9997,0.9997,0.9997,120.0,0.0002999999999999,-0.0002999999999999,0.0007888718784372,21,2,High,90182.1,137.06808792,3021.3,293.85703446,0.2825787237186442,0.2175426820044653,USDP,2,1,-0.0002999999999999
2025-11-26 22:00:00,0.9997,0.9997,0.9997,0.9997,1073.0,0.0002999999999999,-0.0002999999999999,0.0007954581215863,22,2,High,90365.8,101.95916767,3026.3,906.17140417,0.3116309794610801,0.2555029225122385,USDP,2,1,-0.0002999999999999
2025-11-26 23:00:00,0.9997,0.9998,0.9997,0.9997,1383.0,0.0002999999999999,-0.0002999999999999,0.0007986288067829,23,2,High,90535.7,49.1946046,3026.95,892.66061582,0.3290396854315804,0.2837111429352932,USDP,2,1,-0.0002999999999999
2025-11-27 00:00:00,0.9997,0.9998,0.9997,0.9997,1499.0,0.0002999999999999,-0.0002999999999999,0.0008036150206773,0,3,High,90448.9,37.26817707,3036.07,811.01147206,0.3460456136972111,0.3051865023971327,USDP,2,1,-0.0002999999999999
2025-11-27 01:00:00,0.9997,0.9999,0.9997,0.9997,2068.0,0.0002999999999999,-0.0002999999999999,0.0007972666166218,1,3,High,91118.0,74.96451745,3053.07,529.92367115,0.3576113837673357,0.3314857450480163,USDP,2,1,-0.0001999999999999
2025-11-27 02:00:00,0.9997,0.9999,0.9997,0.9998,4046.0,0.0001999999999999,-0.0001999999999999,0.0007972666166217,2,3,High,91337.4,316.43679186,3036.84,1903.22198736,0.369707993972572,0.3484627129516807,USDP,2,1,-0.0001999999999999
2025-11-27 03:00:00,0.9998,0.9998,0.9998,0.9998,1531.0,0.0001999999999999,-0.0001999999999999,0.0007876653265663,3,3,High,91133.2,98.28795664,3034.49,232.0236388,0.3630780988365828,0.3428127889354361,USDP,2,1,-0.0001999999999999
2025-11-27 04:00:00,0.9998,0.9999,0.9998,0.9998,1567.0,0.0001999999999999,-0.0001999999999999,0.000764130177093,4,3,High,91270.3,25.06792903,3039.87,182.24298036,0.3454312633910812,0.3290758402621604,USDP,2,1,-0.0002999999999999
2025-11-27 05:00:00,0.9998,0.9999,0.9997,0.9997,2656.0,0.0002999999999999,-0.0002999999999999,0.0004103727538577,5,3,High,90967.3,53.0808282,3022.62,412.95194924,0.3868368034324654,0.4115262282858357,USDP,2,1,-0.0002999999999999
2025-11-27 06:00:00,0.9997,0.9998,0.9997,0.9997,1583.0,0.0002999999999999,-0.0002999999999999,0.000342200890242,6,3,High,91265.1,30.43639065,3028.2,591.34494976,0.3705169478755724,0.412577363969401,USDP,2,1,-0.0003999999999999
2025-11-27 07:00:00,0.9997,0.9997,0.9996,0.9996,1285.0,0.0003999999999999,-0.0003999999999999,0.0002239306310959,7,3,High,91407.1,69.42768563,3032.79,217.56624565,0.3724767193440834,0.4340890332486081,USDP,0,1,-0.0003999999999999
2025-11-27 08:00:00,0.9996,0.9998,0.9996,0.9996,2365.0,0.0003999999999999,-0.0003999999999999,0.0002216129934082,8,3,High,91500.0,91.06808196,3027.44,804.41113154,0.3244059560264181,0.3978620432602162,USDP,2,1,-0.0003999999999999
2025-11-27 09:00:00,0.9996,0.9997,0.9996,0.9996,1401.0,0.0003999999999999,-0.0003999999999999,0.0002146365313418,9,3,High,91526.9,23.75778493,3027.33,537.49065992,0.2415268173674136,0.3279914996513435,USDP,2,1,-0.0002999999999999
2025-11-27 10:00:00,0.9996,0.9998,0.9996,0.9997,2186.0,0.0002999999999999,-0.0002999999999999,0.0002140025734798,10,3,High,91627.3,212.40519151,3034.5,138.32086195,0.2273415808075474,0.3210172111381726,USDP,2,1,-0.0003999999999999
2025-11-27 11:00:00,0.9997,0.9997,0.9996,0.9996,7034.0,0.0003999999999999,-0.0003999999999999,0.0001585715218531,11,3,High,91413.6,36.55936343,3029.78,90.08305131,-0.0306653588308402,0.0717143175734907,USDP,2,1,-0.0003999999999999
2025-11-27 12:00:00,0.9996,0.9997,0.9996,0.9996,1863.0,0.0003999999999999,-0.0003999999999999,9.545846660754052e-05,12,3,High,90970.0,30.87802233,2991.44,1094.92625285,-0.7365096181725401,-0.6010793182944357,USDP,2,1,-0.0003999999999999
2025-11-27 13:00:00,0.9996,1.0001,0.9996,0.9996,10213.0,0.0003999999999999,-0.0003999999999999,9.770927006074148e-05,13,3,High,90843.3,92.74920083,2995.65,412.56223754,-0.7429729685291966,-0.5422150744574896,USDP,2,1,-0.0003999999999999
2025-11-27 14:00:00,0.9996,0.9998,0.9996,0.9996,1700.0,0.0003999999999999,-0.0003999999999999,9.286112433302016e-05,14,3,High,90790.4,40.62365559,2997.0,253.5947278,-0.6758964578694058,-0.3571637307012426,USDP,2,1,-0.0003999999999999
2025-11-27 15:00:00,0.9996,0.9996,0.9996,0.9996,1260.0,0.0003999999999999,-0.0003999999999999,8.586727206835998e-05,15,3,High,90954.4,32.9395352,3010.22,513.59268265,-0.5693990645125913,-0.0560135661966888,USDP,2,1,-0.0003999999999999
2025-11-27 16:00:00,0.9996,0.9998,0.9996,0.9996,1435.0,0.0003999999999999,-0.0003999999999999,7.613869880690417e-05,16,3,High,91465.0,75.9965948,3021.57,383.3115652,-0.367215584971825,0.5604177601611835,USDP,2,1,-0.0003999999999999
2025-11-27 17:00:00,0.9996,0.9997,0.9996,0.9996,1476.0,0.0003999999999999,-0.0003999999999999,7.372097812341435e-05,17,3,High,91483.5,30.10005752,3019.94,186.90541537,-0.311417376009995,0.5874806936553553,USDP,2,1,-0.0003999999999999
2025-11-27 18:00:00,0.9996,0.9997,0.9996,0.9996,1533.0,0.0003999999999999,-0.0003999999999999,7.019641186488446e-05,18,3,High,91798.0,45.8995221,3037.51,209.5093342,-0.269067162452369,0.5295427500546637,USDP,2,1,-0.0003999999999999
2025-11-27 19:00:00,0.9996,0.9997,0.9996,0.9996,1255.0,0.0003999999999999,-0.0003999999999999,7.109393668189319e-05,19,3,High,91518.8,45.53852227,3031.68,137.57625955,-0.2775439012275496,0.495274303225429,USDP,2,1,-0.0004999999999999
2025-11-27 20:00:00,0.9996,1.0,0.9992,0.9995,33575.0,0.0004999999999999,-0.0004999999999999,7.790276366468252e-05,20,3,High,91455.7,49.55077498,3039.59,489.10617235,-0.2960872748834305,0.3588154643827838,USDP,2,1,-0.0004999999999999
2025-11-27 21:00:00,0.9995,0.9995,0.9995,0.9995,4468.0,0.0004999999999999,-0.0004999999999999,8.329709361093461e-05,21,3,High,91450.1,13.5819191,3033.91,121.05937743,-0.3017516731617531,0.3021395415880999,USDP,2,1,-0.0003999999999999
2025-11-27 22:00:00,0.9995,0.9998,0.9995,0.9996,27511.0,0.0003999999999999,-0.0003999999999999,8.29702234416818e-05,22,3,High,91334.4,18.39871489,3010.97,285.36691752,-0.2752925096697666,0.3192709881289504,USDP,2,1,-0.0003999999999999
2025-11-27 23:00:00,0.9996,0.9996,0.9996,0.9996,3959.0,0.0003999999999999,-0.0003999999999999,8.242255921674845e-05,23,3,High,91281.4,6.67328904,3014.85,115.33741801,-0.2360695739331083,0.3297240394290494,USDP,2,1,-0.0003999999999999
2025-11-28 00:00:00,0.9996,0.9996,0.9996,0.9996,1967.0,0.0003999999999999,-0.0003999999999999,8.164965813557566e-05,0,4,High,91185.8,30.20038906,3013.43,87.43702531,-0.1686111951847425,0.3215296362265241,USDP,2,1,-0.0001999999999999
2025-11-28 01:00:00,0.9996,0.9998,0.9996,0.9998,5917.0,0.0001999999999999,-0.0001999999999999,8.753881130806493e-05,1,4,High,90783.6,17.87352364,2998.67,392.11078591,-0.2769631011729423,0.1090954372663322,USDP,2,1,-0.0001999999999999
2025-11-28 02:00:00,0.9998,0.9999,0.9998,0.9998,1270.0,0.0001999999999999,-0.0001999999999999,8.753881130806493e-05,2,4,High,91088.8,44.87207137,3013.01,209.43140501,-0.3468097245765826,-0.0204116696281134,USDP,2,1,-0.0001999999999999
2025-11-28 03:00:00,0.9998,0.9998,0.9998,0.9998,1264.0,0.0001999999999999,-0.0001999999999999,8.753881130806493e-05,3,4,High,91205.0,17.82633568,3009.34,161.56703223,-0.3273014558277816,-0.1600181246892643,USDP,2,1,-0.0002999999999999
2025-11-28 04:00:00,0.9998,1.0002,0.9997,0.9997,123561.0,0.0002999999999999,-0.0002999999999999,8.164965813557566e-05,4,4,High,91455.9,11.21365613,3017.7,39.95222751,-0.3233771879095528,-0.3114448900454054,USDP,2,1,-0.0003999999999999
2025-11-28 05:00:00,0.9997,0.9997,0.9996,0.9996,9025.0,0.0003999999999999,-0.0003999999999999,8.064504445665998e-05,5,4,High,91605.6,34.20731522,3025.14,180.69360363,-0.3034916540768105,-0.3307948716469758,USDP,2,1,-0.0003999999999999
2025-11-28 06:00:00,0.9996,0.9998,0.9996,0.9996,4121.0,0.0003999999999999,-0.0003999999999999,7.939992338232422e-05,6,4,High,91298.5,42.83079022,3011.03,181.81803944,-0.3014522083812349,-0.355297980618348,USDP,2,1,-0.0003999999999999
2025-11-28 07:00:00,0.9996,0.9997,0.9996,0.9996,858.0,0.0003999999999999,-0.0003999999999999,7.939992338232422e-05,7,4,High,90915.5,36.82185316,3002.25,253.31387919,-0.2671410889945012,-0.3244768244415899,USDP,2,1,-0.0004999999999999
2025-11-28 08:00:00,0.9996,0.9996,0.9995,0.9995,777.0,0.0004999999999999,-0.0004999999999999,8.329709361168427e-05,8,4,High,91647.7,19.68511631,3062.0,406.54120463,-0.3182330309880122,-0.423667998566442,USDP,2,1,-0.0004999999999999
2025-11-28 09:00:00,0.9995,0.9997,0.9995,0.9995,1467.0,0.0004999999999999,-0.0004999999999999,8.68114732689777e-05,9,4,High,91589.9,57.02456677,3054.34,484.4635958,-0.3542657009102083,-0.4849489298945513,USDP,2,1,-0.0004999999999999
2025-11-28 10:00:00,0.9995,0.9996,0.9994,0.9995,1338.0,0.0004999999999999,-0.0004999999999999,8.805466027143641e-05,10,4,High,91809.8,18.39416052,3059.7,215.62326327,-0.4741375507753993,-0.5828241998721468,USDP,2,1,-0.0004999999999999
2025-11-28 11:00:00,0.9995,0.9995,0.9995,0.9995,841.0,0.0004999999999999,-0.0004999999999999,9.078961190753536e-05,11,4,High,91461.4,69.74946943,3035.59,204.47346844,-0.4829655245094126,-0.5972423369277043,USDP,2,1,-0.0004999999999999
2025-11-28 12:00:00,0.9995,0.9995,0.9995,0.9995,765.0,0.0004999999999999,-0.0004999999999999,9.325048086238296e-05,12,4,High,91466.5,13.43660916,3035.47,590.96436003,-0.5057804317705143,-0.642953534933568,USDP,2,1,-0.0004999999999999
2025-11-28 13:00:00,0.9995,0.9996,0.9995,0.9995,548.0,0.0004999999999999,-0.0004999999999999,9.5458466611152e-05,13,4,High,92328.2,82.9689589,3072.85,457.6716232,-0.5530817961707967,-0.681115397000001,USDP,2,1,-0.0004999999999999
2025-11-28 14:00:00,0.9995,0.9998,0.9995,0.9995,2096.0,0.0004999999999999,-0.0004999999999999,9.743076326489868e-05,14,4,High,92213.2,346.45910021,3065.99,1744.7386003,-0.6075336731340929,-0.7215894527512658,USDP,2,1,-0.0006
2025-11-28 15:00:00,0.9995,0.9996,0.9994,0.9994,1271.0,0.0006,-0.0006,0.000104949953601,15,4,High,92357.1,96.9657455,3075.13,3520.29226998,-0.6905377153229388,-0.7716591908992168,USDP,2,1,-0.0007
2025-11-28 16:00:00,0.9994,0.9994,0.9993,0.9993,986.0,0.0007,-0.0007,0.0001197067673618,16,4,High,90940.7,302.50700354,3026.29,914.03161071,-0.4417585815729979,-0.6502510670857802,USDP,2,1,-0.0006
2025-11-28 17:00:00,0.9993,0.9996,0.9993,0.9994,2175.0,0.0006,-0.0006,0.0001244553351291,17,4,High,90627.1,195.53619156,3034.04,979.45443047,-0.2798036242111889,-0.6277299447139926,USDP,2,1,-0.0006
2025-11-28 18:00:00,0.9994,0.9994,0.9994,0.9994,831.0,0.0006,-0.0006,0.0001284664282829,18,4,High,90781.9,27.55694518,3042.8,844.0681724,-0.1982446818583789,-0.6332517583784116,USDP,2,1,-0.0006
2025-11-28 19:00:00,0.9994,0.9995,0.9994,0.9994,2621.0,0.0006,-0.0006,0.0001318073913451,19,4,High,91166.3,66.9047578,3050.18,324.29569966,-0.1712805737048068,-0.6456207727909762,USDP,2,1,-0.0007
2025-11-28 20:00:00,0.9994,0.9994,0.9993,0.9993,872.0,0.0007,-0.0007,0.0001408437308835,20,4,High,91214.7,37.97363489,3057.0,252.60338599,-0.1297390941676417,-0.6627703480701908,USDP,2,1,-0.0007
2025-11-28 21:00:00,0.9993,0.9994,0.9993,0.9993,657.0,0.0007,-0.0007,0.0001488482351556,21,4,High,90902.9,22.64730953,3036.84,469.06878838,-0.0503965146322132,-0.6345602315840382,USDP,2,1,-0.0007
2025-11-28 22:00:00,0.9993,0.9993,0.9993,0.9993,1369.0,0.0007,-0.0007,0.0001551063216701,22,4,High,91095.7,13.92405764,3039.94,182.34994334,-0.0126589700081239,-0.6137248272442877,USDP,2,1,-0.0007
2025-11-28 23:00:00,0.9993,0.9993,0.9992,0.9993,1276.0,0.0007,-0.0007,0.000160106395808,23,4,High,90912.7,9.11824681,3032.32,60.26085646,0.0422326486680571,-0.5734631617084586,USDP,2,1,-0.0007
2025-11-29 00:00:00,0.9993,0.9993,0.9993,0.9993,1434.0,0.0007,-0.0007,0.0001639635873561,0,5,High,90923.3,23.54099354,3036.69,102.50562962,0.0925059163829245,-0.544567092497705,USDP,2,1,-0.0007
2025-11-29 01:00:00,0.9993,0.9994,0.9993,0.9993,1284.0,0.0007,-0.0007,0.0001545798419717,1,5,High,90904.0,21.30571276,3039.19,630.9154963,0.2449750464153016,-0.4515437465720556,USDP,2,1,-0.0007
2025-11-29 02:00:00,0.9993,0.9995,0.9993,0.9993,2247.0,0.0007,-0.0007,0.0001414213562651,2,5,High,90793.0,20.01197217,3031.27,480.02277793,0.3651915621585229,-0.3501015259422907,USDP,2,1,-0.0004999999999999
2025-11-29 03:00:00,0.9993,0.9998,0.9993,0.9995,3699.0,0.0004999999999999,-0.0004999999999999,0.0001209113941088,3,5,High,90689.9,18.7528991,3022.5,402.17217914,0.4147030726714616,-0.2355731138122573,USDP,2,1,-0.0006
2025-11-29 04:00:00,0.9995,0.9996,0.9994,0.9994,1290.0,0.0006,-0.0006,0.0001073393643471,4,5,High,90865.7,7.87105409,3042.82,181.21640761,0.4353755164771879,-0.1379694345262323,USDP,2,1,-0.0006
2025-11-29 05:00:00,0.9994,0.9995,0.9994,0.9994,1410.0,0.0006,-0.0006,0.000100722031077,5,5,High,90762.5,5.15774802,3033.51,140.40533377,0.4156891613092351,-0.0747842826852049,USDP,2,1,-0.0007
2025-11-29 06:00:00,0.9994,0.9994,0.9993,0.9993,1707.0,0.0007,-0.0007,9.545846661604808e-05,6,5,High,90585.7,27.03208658,3008.94,1000.81489266,0.4724028108232571,0.1578494476404467,USDP,2,1,-0.0007
2025-11-29 07:00:00,0.9993,0.9993,0.9993,0.9993,1681.0,0.0007,-0.0007,8.805466027741203e-05,7,5,High,90583.8,15.38527936,3006.51,450.7477998,0.6070023954576684,0.4918685011185783,USDP,0,1,-0.0007
2025-11-29 08:00:00,0.9993,0.9993,0.9993,0.9993,1696.0,0.0007,-0.0007,8.681147327549226e-05,8,5,High,90631.6,7.41382751,3008.55,97.53362228,0.6070672003134224,0.4912682753411644,USDP,0,1,-0.0008
2025-11-29 09:00:00,0.9993,0.9993,0.9992,0.9992,1879.0,0.0008,-0.0008,9.078961191376254e-05,9,5,High,90600.0,4.42908503,3002.44,277.89603113,0.6098573999843295,0.5490408365261011,USDP,0,1,-0.0008
2025-11-29 10:00:00,0.9992,0.9992,0.9992,0.9992,2336.0,0.0008,-0.0008,9.286112434232636e-05,10,5,High,90598.0,4.91405769,2998.91,192.50940211,0.5931130082359548,0.5800831901214173,USDP,0,1,-0.0007
2025-11-29 11:00:00,0.9992,0.9994,0.9992,0.9993,11630.0,0.0007,-0.0007,8.846517374020873e-05,11,5,High,90674.0,27.23174791,3001.45,136.54866603,0.5869554409789782,0.6133070894974398,USDP,0,1,-0.0007
2025-11-29 12:00:00,0.9993,0.9993,0.9993,0.9993,2488.0,0.0007,-0.0007,8.297022345045101e-05,12,5,High,90700.0,13.645098,2999.25,103.90907337,0.5761386979026942,0.6479424562930207,USDP,0,1,-0.0007
2025-11-29 13:00:00,0.9993,0.9993,0.9993,0.9993,1933.0,0.0007,-0.0007,7.613869881813766e-05,13,5,High,90820.5,9.30602883,3000.82,97.02275266,0.4675934576504647,0.5838131315787715,USDP,0,1,-0.0007
2025-11-29 14:00:00,0.9993,0.9993,0.9993,0.9993,1691.0,0.0007,-0.0007,6.756639253200685e-05,14,5,High,90693.6,12.80743108,2989.0,367.62017722,0.2708050668558268,0.4964853483885582,USDP,2,1,-0.0007
2025-11-29 15:00:00,0.9993,0.9994,0.9993,0.9993,2090.0,0.0007,-0.0007,6.580053307864614e-05,15,5,High,91090.5,25.31867762,3008.45,440.46669255,0.1081147559832369,0.4533284519683809,USDP,2,1,-0.0007
2025-11-29 16:00:00,0.9993,0.9993,0.9993,0.9993,1691.0,0.0007,-0.0007,6.580053307864614e-05,16,5,High,91028.5,23.45520578,3005.03,162.38096953,0.0999883546658439,0.460779537093116,USDP,2,1,-0.0007
2025-11-29 17:00:00,0.9993,0.9994,0.9993,0.9993,1708.0,0.0007,-0.0007,6.37022057939973e-05,17,5,High,90500.4,14.03476573,2970.82,817.39147902,0.17208635865616,0.4193173509578313,USDP,2,1,-0.0007
2025-11-29 18:00:00,0.9993,0.9993,0.9993,0.9993,2701.0,0.0007,-0.0007,6.123724363938255e-05,18,5,High,90717.0,33.48117644,2996.76,380.47700242,0.1921767935118336,0.3814461252289111,USDP,2,1,-0.0007
2025-11-29 19:00:00,0.9993,0.9993,0.9993,0.9993,1672.0,0.0007,-0.0007,5.835920758560227e-05,19,5,High,90665.9,16.26342099,2989.52,112.58439951,0.0912419606780317,0.3125708366682018,USDP,2,1,-0.0007
2025-11-29 20:00:00,0.9993,0.9993,0.9993,0.9993,1690.0,0.0007,-0.0007,5.835920758560227e-05,20,5,High,90999.9,12.2526599,2999.17,241.82824908,0.107914836602718,0.3585314018243249,USDP,2,1,-0.0007
2025-11-29 21:00:00,0.9993,0.9993,0.9993,0.9993,1686.0,0.0007,-0.0007,5.835920758560227e-05,21,5,High,90997.5,14.14843061,2995.46,413.6954427,0.1021261134355769,0.3795070738799648,USDP,2,1,-0.0007
2025-11-29 22:00:00,0.9993,0.9993,0.9993,0.9993,2807.0,0.0007,-0.0007,5.835920758560227e-05,22,5,High,90812.4,5.26565799,2989.99,111.54628229,0.1209486287084955,0.4081194811636527,USDP,2,1,-0.0007
2025-11-29 23:00:00,0.9993,0.9993,0.9993,0.9993,2043.0,0.0007,-0.0007,5.835920758560227e-05,23,5,High,90833.6,14.95641311,2990.01,114.05579439,0.1256409250964061,0.4297177561150102,USDP,2,1,-0.0007
2025-11-30 00:00:00,0.9993,0.9994,0.9993,0.9993,2070.0,0.0007,-0.0007,5.835920758560227e-05,0,6,High,90857.2,3.89002399,2998.13,365.96376453,0.1299777429986754,0.469721297207027,USDP,2,1,-0.0007
2025-11-30 01:00:00,0.9993,0.9993,0.9993,0.9993,1983.0,0.0007,-0.0007,5.835920758560227e-05,1,6,High,90947.4,19.17025393,3006.57,169.20221418,0.126777931038713,0.5290245141090048,USDP,2,1,-0.0007
2025-11-30 02:00:00,0.9993,0.9993,0.9993,0.9993,1705.0,0.0007,-0.0007,5.835920758560227e-05,2,6,High,90794.3,12.65507699,2991.74,46.86380467,0.1267205928326896,0.5789425047999938,USDP,2,1,-0.0007
2025-11-30 03:00:00,0.9993,0.9994,0.9993,0.9993,3178.0,0.0007,-0.0007,4.170288291464198e-05,3,6,High,90902.6,16.74795743,3001.9,111.79067566,0.2776518487504313,0.5504665253864383,USDP,2,1,-0.0007
2025-11-30 04:00:00,0.9993,0.9993,0.9993,0.9993,1331.0,0.0007,-0.0007,3.586407523815689e-05,4,6,High,90844.0,3.22300985,2998.58,43.96113792,0.2567877743005834,0.3459588894202203,USDP,2,1,-0.0007
2025-11-30 05:00:00,0.9993,0.9993,0.9993,0.9993,1264.0,0.0007,-0.0007,2.823298528187419e-05,5,6,High,90830.1,2.84941602,2993.67,304.66163953,0.3444509067247879,-0.0968972652130392,USDP,2,1,-0.0007
2025-11-30 06:00:00,0.9993,0.9994,0.9993,0.9993,1377.0,0.0007,-0.0007,2.823298528187419e-05,6,6,High,90894.9,3.64538447,2998.59,63.78923167,0.3780479237732648,-0.1168362784389855,USDP,2,1,-0.0007
2025-11-30 07:00:00,0.9993,0.9994,0.9993,0.9993,1296.0,0.0007,-0.0007,2.823298528187419e-05,7,6,High,90957.6,10.99022865,3006.34,45.75136362,0.4166145844575686,-0.1172152369703378,USDP,2,1,-0.0007
2025-11-30 08:00:00,0.9993,0.9993,0.9993,0.9993,1728.0,0.0007,-0.0007,2.823298528187419e-05,8,6,High,91268.6,89.42581499,3007.53,232.3867335,0.4119581655415833,-0.1196373597009644,USDP,2,1,-0.0006
2025-11-30 09:00:00,0.9993,0.9996,0.9993,0.9994,54362.0,0.0006,-0.0006,2.948839137697123e-05,9,6,High,91366.3,26.86600614,3010.91,340.49324152,0.5674925259426313,0.2067892651019562,USDP,2,1,-0.0007
2025-11-30 10:00:00,0.9994,0.9994,0.9993,0.9993,15167.0,0.0007,-0.0007,2.041241473360428e-05,10,6,High,91241.7,3.92732008,3010.04,10.89734934,0.4911405988060585,0.300926544002969,USDP,2,1,-0.0007
2025-11-30 11:00:00,0.9993,0.9993,0.9993,0.9993,8149.0,0.0007,-0.0007,2.041241473360428e-05,11,6,High,91059.4,30.78407238,3003.01,77.32095134,0.4811421960390696,0.2983862914080277,USDP,2,1,-0.0007
2025-11-30 12:00:00,0.9993,0.9993,0.9993,0.9993,750.0,0.0007,-0.0007,2.041241473360428e-05,12,6,High,91296.3,14.71821215,3010.28,14.50587176,0.4344413805566351,0.277383448894118,USDP,2,1,
2025-11-01 11:00:00,0.997,0.997,0.9968,0.9968,14411.0,0.0031999999999999,-0.0031999999999999,0.0001512627997299,11,5,Medium,110000.0,51.7243341,3875.03,193.92417537,0.3341690113877248,0.2710511164558693,TUSD,1,1,-0.0030999999999999
2025-11-01 12:00:00,0.9968,0.997,0.9968,0.9969,8382.0,0.0030999999999999,-0.0030999999999999,0.0001512627997299,12,5,Medium,109974.6,56.15133019,3875.21,287.29251338,0.3384002140219309,0.2831345738297928,TUSD,1,1,-0.0030999999999999
2025-11-01 13:00:00,0.9969,0.997,0.9968,0.9969,1022.0,0.0030999999999999,-0.0030999999999999,0.0001512627997299,13,5,Medium,109884.0,14.38834818,3868.3,193.32009432,0.3397213277236887,0.28369034224124,TUSD,1,1,-0.0031999999999999
2025-11-01 14:00:00,0.9969,0.9969,0.9968,0.9968,4243.0,0.0031999999999999,-0.0031999999999999,0.0001471960137581,14,5,Medium,109839.0,7.64907322,3871.25,1336.40209475,0.5374261125041649,0.2943315675384593,TUSD,0,1,-0.0030999999999999
2025-11-01 15:00:00,0.9969,0.9971,0.9968,0.9969,11582.0,0.0030999999999999,-0.0030999999999999,0.000145898018094,15,5,Medium,109839.0,0.04949835,3870.09,0.90986037,0.5837557241139878,0.2996926541739459,TUSD,0,1,-0.0031999999999999
2025-11-01 16:00:00,0.9969,0.9969,0.9968,0.9968,2338.0,0.0031999999999999,-0.0031999999999999,0.0001471960137581,16,5,Medium,109839.0,0.0,3870.09,0.0,0.760200135304608,0.329348021312831,TUSD,0,1,-0.0030999999999999
2025-11-01 17:00:00,0.9968,0.9969,0.9967,0.9969,2452.0,0.0030999999999999,-0.0030999999999999,0.000145898018094,17,5,Medium,109839.0,0.0,3870.09,0.0,0.7982420593991405,0.3077788646262022,TUSD,0,1,-0.0031999999999999
2025-11-01 18:00:00,0.9968,0.9969,0.9968,0.9968,1569.0,0.0031999999999999,-0.0031999999999999,0.000145898018094,18,5,Medium,109839.0,0.0,3870.09,0.0,0.8147097963859624,0.2653380373224147,TUSD,0,1,-0.0031999999999999
2025-11-01 19:00:00,0.9968,0.9969,0.9968,0.9968,1513.0,0.0031999999999999,-0.0031999999999999,0.000145898018094,19,5,Medium,109839.0,0.0,3870.09,0.0,0.8078029114427273,0.3323669426762892,TUSD,0,1,-0.0031999999999999
2025-11-01 20:00:00,0.9969,0.9969,0.9968,0.9968,3119.0,0.0031999999999999,-0.0031999999999999,0.000145898018094,20,5,Medium,109839.0,0.0,3870.09,0.0,0.8409360729409109,0.3015455233855674,TUSD,0,1,-0.0030999999999999
2025-11-01 21:00:00,0.9969,0.9969,0.9968,0.9969,3752.0,0.0030999999999999,-0.0030999999999999,0.00014446302301,21,5,Medium,109826.5,44.61257134,3867.65,417.3593551,0.8596699693568738,0.2887899010728403,TUSD,0,1,-0.0030999999999999
2025-11-01 22:00:00,0.9969,0.9969,0.9968,0.9969,316.0,0.0030999999999999,-0.0030999999999999,0.000142886900962,22,5,Medium,109947.5,23.62271114,3871.74,174.84271544,0.8772617779540068,0.2638853351210306,TUSD,0,1,-0.0030999999999999
2025-11-01 23:00:00,0.9969,0.9969,0.9968,0.9969,2124.0,0.0030999999999999,-0.0030999999999999,0.0001361345235261,23,5,Medium,110018.0,11.88022025,3872.37,269.57729877,0.8612049365039248,0.1653391416020997,TUSD,0,-1,-0.0031999999999999
2025-11-02 00:00:00,0.9969,0.9969,0.9968,0.9968,4886.0,0.0031999999999999,-0.0031999999999999,0.0001307725088674,0,6,Medium,109859.7,112.47099259,3864.53,101.38775798,0.8433601047774136,0.0340564497267301,TUSD,0,1,-0.0031999999999999
2025-11-02 01:00:00,0.9968,0.9969,0.9968,0.9968,785.0,0.0031999999999999,-0.0031999999999999,0.0001307725088674,1,6,Medium,109930.0,9.00525156,3869.28,50.70326499,0.8324028039110112,-0.1013763420237637,TUSD,0,1,-0.0031999999999999
2025-11-02 02:00:00,0.9968,0.9969,0.9968,0.9968,2208.0,0.0031999999999999,-0.0031999999999999,0.0001250362258356,2,6,Medium,109940.0,30.65369933,3880.16,131.15420068,0.7999424885611226,-0.3794706612609669,TUSD,1,1,-0.0030999999999999
2025-11-02 03:00:00,0.9968,0.997,0.9968,0.9969,2839.0,0.0030999999999999,-0.0030999999999999,0.0001190998841676,3,6,Medium,109994.2,22.26868841,3879.22,48.1384875,0.7697712829864866,-0.3098889414759669,TUSD,1,1,-0.0031999999999999
2025-11-02 04:00:00,0.9969,0.997,0.9968,0.9968,3997.0,0.0031999999999999,-0.0031999999999999,0.0001041702888307,4,6,Medium,110600.0,68.4765293,3906.83,253.81794601,0.2008952549692218,-0.3220194944433501,TUSD,1,1,-0.0031999999999999
2025-11-02 05:00:00,0.9968,0.9969,0.9968,0.9968,3683.0,0.0031999999999999,-0.0031999999999999,9.63086814274911e-05,5,6,Medium,110400.8,129.66097891,3901.76,260.28200457,0.0373405152550261,-0.2539840760046701,TUSD,1,1,-0.0030999999999999
2025-11-02 06:00:00,0.9968,0.9969,0.9968,0.9969,1222.0,0.0030999999999999,-0.0030999999999999,9.315329318526804e-05,6,6,Medium,110599.9,93.11148075,3901.91,70.00465659,0.0746971766457447,-0.1393270283179102,TUSD,1,1,-0.0030999999999999
2025-11-02 07:00:00,0.9968,0.9969,0.9968,0.9969,1668.0,0.0030999999999999,-0.0030999999999999,8.968543951032994e-05,7,6,Medium,110886.8,52.26427383,3906.75,73.08137584,0.095826569188968,-0.0234132877401619,TUSD,1,1,-0.0030999999999999
2025-11-02 08:00:00,0.9969,0.9969,0.9968,0.9969,708.0,0.0030999999999999,-0.0030999999999999,7.613869744352281e-05,8,6,Medium,110739.1,140.46637065,3893.02,247.53691718,0.0940957313153955,-0.0042926310218897,TUSD,1,1,-0.0029
2025-11-02 09:00:00,0.9969,0.9971,0.9969,0.9971,5507.0,0.0029,-0.0029,8.586727086034079e-05,9,6,Medium,110629.9,124.98888875,3871.32,326.68188156,0.3055829218862758,-0.0487280320026873,TUSD,1,1,-0.0029
2025-11-02 10:00:00,0.997,0.9972,0.997,0.9971,4316.0,0.0029,-0.0029,8.586727086034079e-05,10,6,Medium,110370.1,21.51760005,3859.17,303.28982329,0.4095316115627688,-0.1719654394189967,TUSD,1,1,-0.0028
2025-11-02 11:00:00,0.9971,0.9973,0.9971,0.9972,8130.0,0.0028,-0.0028,0.0001075922244219,11,6,Medium,110979.9,139.00172463,3890.0,210.20865756,0.566827512116694,-0.0268265758027809,TUSD,1,1,-0.0028
2025-11-02 12:00:00,0.9972,0.9972,0.9971,0.9972,4848.0,0.0028,-0.0028,0.0001251086476341,12,6,Medium,110690.1,327.31387735,3875.01,234.06656125,0.6125747187325914,-0.044977519275437,TUSD,1,1,-0.0029
2025-11-02 13:00:00,0.9971,0.9972,0.9971,0.9971,1002.0,0.0029,-0.0029,0.000131601065268,13,6,Medium,110496.8,102.85375284,3867.57,245.54540019,0.6308636349115001,-0.0913505931102142,TUSD,1,1,-0.0029
2025-11-02 14:00:00,0.9971,0.9972,0.9971,0.9971,4416.0,0.0029,-0.0029,0.0001350657374148,14,6,Medium,110370.1,13.42285053,3851.04,540.04079827,0.6136751908971249,-0.2034750852004538,TUSD,1,1,-0.003
2025-11-02 15:00:00,0.9971,0.9971,0.9969,0.997,7862.0,0.003,-0.003,0.0001359347662295,15,6,Medium,110100.0,42.2167543,3853.0,350.1974271,0.6060688685151652,-0.2329529503613053,TUSD,1,1,-0.003
2025-11-02 16:00:00,0.997,0.9971,0.997,0.997,1493.0,0.003,-0.003,0.0001340560117758,16,6,Medium,110010.8,40.24258811,3863.68,200.47891466,0.5672713043617406,-0.2680203800275958,TUSD,1,1,-0.003
2025-11-02 17:00:00,0.997,0.9971,0.9969,0.997,1358.0,0.003,-0.003,0.0001345281602027,17,6,Medium,110070.0,9.19425964,3858.66,145.9539828,0.5547919621618392,-0.2873641174317412,TUSD,1,1,-0.0030999999999999
2025-11-02 18:00:00,0.997,0.997,0.9969,0.9969,537.0,0.0030999999999999,-0.0030999999999999,0.0001316010652706,18,6,Medium,110317.1,22.22589792,3863.31,67.01853769,0.5277603951146681,-0.2963698179826886,TUSD,1,1,-0.003
2025-11-02 19:00:00,0.9969,0.997,0.9969,0.997,2471.0,0.003,-0.003,0.0001285369166087,19,6,Medium,110148.6,11.55236777,3855.0,225.08676334,0.4890880118916286,-0.33068033644847,TUSD,1,1,-0.0029
2025-11-02 20:00:00,0.9969,0.9972,0.9969,0.9971,8795.0,0.0029,-0.0029,0.0001279011159187,20,6,Medium,110000.0,25.98760135,3858.7,157.19773051,0.3933616705645283,-0.3849318511969943,TUSD,1,1,-0.0030999999999999
2025-11-02 21:00:00,0.9971,0.9972,0.9969,0.9969,10060.0,0.0030999999999999,-0.0030999999999999,0.0001279011159187,21,6,Medium,110022.1,21.26170822,3861.25,484.96592255,0.3917156868529542,-0.3736767184191882,TUSD,1,1,-0.0030999999999999
2025-11-02 22:00:00,0.9969,0.997,0.9968,0.9969,8055.0,0.0030999999999999,-0.0030999999999999,0.0001279011159187,22,6,Medium,109774.5,17.58443032,3850.0,74.17243843,0.3915945446530197,-0.3341528811097258,TUSD,1,1,-0.0032999999999999
2025-11-02 23:00:00,0.9969,1.0004,0.9966,0.9967,203100.0,0.0032999999999999,-0.0032999999999999,0.000138247309708,23,6,Medium,110589.6,28.60232852,3907.44,1372.83588823,0.2797490712375459,-0.4306403667093424,TUSD,1,1,-0.0031999999999999
2025-11-03 00:00:00,0.9966,0.997,0.9966,0.9968,13318.0,0.0031999999999999,-0.0031999999999999,0.000138247309708,0,0,Medium,109789.2,10.63900954,3865.66,1001.5113538,0.2860687115540271,-0.4340054897762158,TUSD,1,1,-0.0031999999999999
2025-11-03 01:00:00,0.9967,0.9968,0.9967,0.9968,1809.0,0.0031999999999999,-0.0031999999999999,0.000138247309708,1,0,Medium,109669.9,30.86210334,3836.75,467.1397304,0.3080184398760478,-0.3276084625908902,TUSD,1,1,-0.0031999999999999
2025-11-03 02:00:00,0.9967,0.9968,0.9967,0.9968,5389.0,0.0031999999999999,-0.0031999999999999,0.000138247309708,2,0,Medium,108994.2,41.34472293,3798.24,1163.85273867,0.3539792977163516,-0.1106006837113888,TUSD,1,1,-0.0031999999999999
2025-11-03 03:00:00,0.9968,0.9968,0.9966,0.9968,18612.0,0.0031999999999999,-0.0031999999999999,0.0001414213555331,3,0,Medium,107991.4,71.22118011,3736.01,1347.1238042,0.3972588460291531,0.0942942407547399,TUSD,0,1,-0.0030999999999999
2025-11-03 04:00:00,0.9967,0.9969,0.9967,0.9969,9560.0,0.0030999999999999,-0.0030999999999999,0.000138247309708,4,0,Medium,107800.0,115.37407453,3746.05,789.74911479,0.403974932029626,0.1777640959256199,TUSD,0,1,-0.0030999999999999
2025-11-03 05:00:00,0.9968,0.9969,0.9967,0.9969,13403.0,0.0030999999999999,-0.0030999999999999,0.0001348643970739,5,0,Medium,107586.9,436.3600078,3731.15,1729.98951548,0.4196789534577989,0.2545359916862726,TUSD,0,1,-0.0033999999999999
2025-11-03 06:00:00,0.9969,0.997,0.9966,0.9966,32370.0,0.0033999999999999,-0.0033999999999999,0.0001531670484415,6,0,Medium,107400.0,92.30251574,3716.32,1176.48769305,0.5701608409016569,0.4516593182121562,TUSD,0,1,-0.0033999999999999
2025-11-03 07:00:00,0.9966,0.9967,0.9966,0.9966,1517.0,0.0033999999999999,-0.0033999999999999,0.0001685401937282,7,0,Medium,107500.0,531.75610561,3713.76,675.96016112,0.6678236970510425,0.5781695857493394,TUSD,0,1,-0.0032999999999999
2025-11-03 08:00:00,0.9966,0.997,0.9965,0.9967,37920.0,0.0032999999999999,-0.0032999999999999,0.0001750776219663,8,0,Medium,107535.0,542.47397704,3715.24,2327.30360213,0.7185085338938806,0.638929447343597,TUSD,0,1,-0.0031999999999999
2025-11-03 09:00:00,0.9968,0.9968,0.9967,0.9968,6100.0,0.0031999999999999,-0.0031999999999999,0.0001727337729623,9,0,Medium,107145.9,30.09925707,3703.7,569.1683047,0.6999934961382357,0.6290492652962004,TUSD,0,1,-0.0033999999999999
2025-11-03 10:00:00,0.9967,0.9968,0.9966,0.9966,11401.0,0.0033999999999999,-0.0033999999999999,0.0001791687726,10,0,Medium,106880.0,34.98372652,3674.34,704.55626435,0.7297099282658287,0.6736346203463595,TUSD,0,1,-0.0032999999999999
2025-11-03 11:00:00,0.9968,0.9969,0.9967,0.9967,7951.0,0.0032999999999999,-0.0032999999999999,0.0001706233238447,11,0,Medium,107760.1,12.50982744,3709.99,538.53952885,0.7167684700245472,0.6701558929626565,TUSD,0,1,-0.0032999999999999
2025-11-03 12:00:00,0.9967,0.9968,0.9967,0.9967,6143.0,0.0032999999999999,-0.0032999999999999,0.0001587998460426,12,0,Medium,107723.1,50.24382542,3707.71,774.3146963,0.7070323979720646,0.673396581509088,TUSD,0,1,-0.0032999999999999
2025-11-03 13:00:00,0.9967,0.9968,0.9967,0.9967,4804.0,0.0032999999999999,-0.0032999999999999,0.0001522773968636,13,0,Medium,107886.0,41.69565069,3719.01,1327.21746231,0.6934437175006288,0.669839259851819,TUSD,0,1,-0.0032999999999999
2025-11-03 14:00:00,0.9968,0.9969,0.9967,0.9967,9175.0,0.0032999999999999,-0.0032999999999999,0.0001434562997678,14,0,Medium,108020.0,88.72677812,3732.11,934.36961535,0.6754191763446106,0.6720512821182668,TUSD,0,1,-0.0039
2025-11-03 15:00:00,0.9967,0.9968,0.9956,0.9961,162796.0,0.0039,-0.0039,0.0001999547045092,15,0,Medium,105713.4,207.93746852,3590.01,5001.37639741,0.728893353346967,0.7437587132106025,TUSD,0,1,-0.0036
2025-11-03 16:00:00,0.9961,0.9966,0.9961,0.9964,39527.0,0.0036,-0.0036,0.000208470968541,16,0,Medium,106649.9,152.56157124,3619.1,2458.44523062,0.7399744937500826,0.7646700893644677,TUSD,0,1,-0.0034999999999999
2025-11-03 17:00:00,0.9963,0.9966,0.9963,0.9965,5510.0,0.0034999999999999,-0.0034999999999999,0.0002078182032296,17,0,Medium,107424.8,106.36080772,3666.01,1807.4582969,0.7289576835338938,0.7638199354377244,TUSD,0,1,-0.0034999999999999
2025-11-03 18:00:00,0.9965,0.9966,0.9964,0.9965,5377.0,0.0034999999999999,-0.0034999999999999,0.0002098999066475,18,0,Medium,106937.9,44.30489414,3632.04,2291.7064274,0.7339557050973732,0.7697521387978701,TUSD,0,1,-0.0037
2025-11-03 19:00:00,0.9964,0.9964,0.9962,0.9963,9262.0,0.0037,-0.0037,0.0002173206402188,19,0,Medium,107020.0,90.72680042,3629.52,1090.94455575,0.7115701345293085,0.7709875745534237,TUSD,0,1,-0.0038
2025-11-03 20:00:00,0.9963,0.9963,0.9961,0.9962,13144.0,0.0038,-0.0038,0.000220670913282,20,0,Medium,106589.9,77.92971469,3588.2,4729.40210598,0.688745182600749,0.7785177854578722,TUSD,0,1,-0.0037
2025-11-03 21:00:00,0.9962,0.9963,0.9961,0.9963,12275.0,0.0037,-0.0037,0.0002250603779152,21,0,Medium,106840.2,92.63652786,3598.99,4935.95729756,0.6763813199743339,0.7835251735275074,TUSD,0,1,-0.0036
2025-11-03 22:00:00,0.9963,0.9965,0.9962,0.9964,23099.0,0.0036,-0.0036,0.0002216129929279,22,0,Medium,106387.3,97.75640335,3588.0,1342.71578384,0.6628717015680405,0.7751869238749007,TUSD,0,1,-0.0033999999999999
2025-11-03 23:00:00,0.9964,0.9966,0.9963,0.9966,18067.0,0.0033999999999999,-0.0033999999999999,0.0002206709132797,23,0,Medium,106538.3,40.68737549,3601.99,1272.78465884,0.7203131718688149,0.8188945649366653,TUSD,0,1,-0.0034999999999999
2025-11-04 00:00:00,0.9966,0.9966,0.9965,0.9965,9584.0,0.0034999999999999,-0.0034999999999999,0.0002173206402142,0,1,Medium,106424.5,50.97338013,3615.46,5879.23467042,0.7331995642249043,0.8401612984769001,TUSD,0,1,-0.0036
2025-11-04 01:00:00,0.9965,0.9966,0.9964,0.9964,3598.0,0.0036,-0.0036,0.0002156469869523,1,1,Medium,107030.3,36.77150279,3642.03,3711.54341331,0.7656692866467241,0.8632034096867206,TUSD,0,1,-0.0036
2025-11-04 02:00:00,0.9964,0.9965,0.9963,0.9964,8242.0,0.0036,-0.0036,0.0002126012115563,2,1,Medium,106500.0,24.78099922,3625.01,1394.68723278,0.7882609892998033,0.8749597979053217,TUSD,0,1,-0.0037
2025-11-04 03:00:00,0.9965,0.9965,0.9963,0.9963,7432.0,0.0037,-0.0037,0.000211961166312,3,1,Medium,107134.8,47.10078924,3642.17,950.90093061,0.748183715477729,0.8586015017685843,TUSD,0,1,-0.0038
2025-11-04 04:00:00,0.9963,0.9964,0.9962,0.9962,4992.0,0.0038,-0.0038,0.0002074255579979,4,1,Medium,106732.5,35.45998958,3624.0,647.83777768,0.7240695112941963,0.8337612752425924,TUSD,0,1,-0.0038
2025-11-04 05:00:00,0.9963,0.9963,0.996,0.9962,49286.0,0.0038,-0.0038,0.0001983628641613,5,1,Medium,104210.5,162.2551426,3492.78,5334.89402899,0.6882180902512385,0.8110768018039137,TUSD,0,1,-0.0034999999999999
2025-11-04 06:00:00,0.9962,0.9966,0.9962,0.9965,26823.0,0.0034999999999999,-0.0034999999999999,0.0001966660520352,6,1,Medium,104700.0,98.68401335,3512.85,1732.02155108,0.5784673654199255,0.7189402146464058,TUSD,0,1,-0.0032999999999999
2025-11-04 07:00:00,0.9965,0.997,0.9964,0.9967,92889.0,0.0032999999999999,-0.0032999999999999,0.0002005427413188,7,1,Medium,104428.3,62.84485626,3492.06,2845.74778428,0.3750183865997247,0.5207916898754342,TUSD,0,1,-0.0036
2025-11-04 08:00:00,0.9967,0.9968,0.9964,0.9964,26848.0,0.0036,-0.0036,0.0001951866436978,8,1,Medium,104000.1,137.11708093,3493.82,1673.60141508,0.3377295467134493,0.4762245172785556,TUSD,0,1,-0.0037
2025-11-04 09:00:00,0.9964,0.9968,0.9963,0.9963,46425.0,0.0037,-0.0037,0.000183958091697,9,1,Medium,103831.0,62.22494476,3490.67,259.05400182,0.3551990569475648,0.4519472372450063,TUSD,0,1,-0.0036
2025-11-04 10:00:00,0.9963,0.9965,0.9963,0.9964,7677.0,0.0036,-0.0036,0.0001809796203413,10,1,Medium,103812.9,49.77337812,3483.85,533.97642405,0.3350821966259464,0.4209079169893127,TUSD,0,1,-0.0033999999999999
2025-11-04 11:00:00,0.9964,0.9966,0.9963,0.9966,10741.0,0.0033999999999999,-0.0033999999999999,0.0001756458057164,11,1,Medium,104540.0,79.03220041,3529.21,681.18876884,0.2165638538092525,0.3074625896507704,TUSD,0,1,-0.0034999999999999
2025-11-04 12:00:00,0.9966,0.9966,0.9965,0.9965,4413.0,0.0034999999999999,-0.0034999999999999,0.0001667572211471,12,1,Medium,103852.0,203.7839082,3509.26,668.23036244,0.1056104917288535,0.1958831049389648,TUSD,0,1,-0.0036
2025-11-04 13:00:00,0.9965,0.9966,0.9964,0.9964,4438.0,0.0036,-0.0036,0.000155805526567,13,1,Medium,103849.9,146.40402752,3505.58,449.60085669,0.0042352801616448,0.0691477119265187,TUSD,1,1,-0.0036
2025-11-04 14:00:00,0.9964,0.9965,0.9962,0.9964,16819.0,0.0036,-0.0036,0.0001428869009266,14,1,Medium,104499.2,254.6617572,3554.67,1747.97457623,-0.1507162591960697,-0.147906124117748,TUSD,1,1,-0.0036
2025-11-04 15:00:00,0.9963,0.9965,0.9963,0.9964,11747.0,0.0036,-0.0036,0.0001282547276021,15,1,Medium,103160.1,90.61916749,3504.65,2135.21388456,-0.1474571053651375,-0.1276913800905098,TUSD,1,1,-0.0038
2025-11-04 16:00:00,0.9965,0.9965,0.9962,0.9962,15304.0,0.0038,-0.0038,0.0001351327841607,16,1,Medium,102199.9,201.14612183,3427.76,3110.83855253,0.0100930216330111,0.0226214224465329,TUSD,1,1,-0.0039
2025-11-04 17:00:00,0.9962,0.9967,0.995,0.9961,77973.0,0.0039,-0.0039,0.0001464557105469,17,1,Medium,101080.1,420.27149492,3372.31,5531.36378672,0.1758564226305528,0.1840860310778366,TUSD,0,1,-0.0037
2025-11-04 18:00:00,0.9961,0.9965,0.9961,0.9963,31654.0,0.0037,-0.0037,0.0001452134852934,18,1,Medium,101290.9,533.9250473,3302.78,9026.70410231,0.1748635092221488,0.184822401533566,TUSD,0,1,-0.0038
2025-11-04 19:00:00,0.9964,0.9964,0.9962,0.9962,14099.0,0.0038,-0.0038,0.0001488482344224,19,1,Medium,100395.0,245.62292,3229.0,2307.15622914,0.2916811828949722,0.3145400749416077,TUSD,0,1,-0.004
2025-11-04 20:00:00,0.9963,0.9964,0.9956,0.996,69793.0,0.004,-0.004,0.00016368713465,20,1,Medium,100689.9,360.71873098,3213.33,12109.05417974,0.4722600081373662,0.5172072084516135,TUSD,0,1,-0.0040999999999999
2025-11-04 21:00:00,0.9959,0.9961,0.995,0.9959,106723.0,0.0040999999999999,-0.0040999999999999,0.0001887698539485,21,1,Medium,100280.0,355.23885432,3213.41,6317.3988635,0.5964686109948896,0.6411027073378018,TUSD,0,1,-0.0040999999999999
2025-11-04 22:00:00,0.9961,0.9962,0.9957,0.9959,20622.0,0.0040999999999999,-0.0040999999999999,0.0002090350496022,22,1,Medium,101247.9,317.82969263,3244.98,3758.83573284,0.6319812527463315,0.6922804466573709,TUSD,0,1,-0.0040999999999999
2025-11-04 23:00:00,0.9958,0.9962,0.9958,0.9959,43011.0,0.0040999999999999,-0.0040999999999999,0.0002176538265078,23,1,Medium,101537.3,65.43872358,3288.88,1836.22260165,0.6241442924512366,0.7022869045110197,TUSD,0,1,-0.0040999999999999
2025-11-05 00:00:00,0.9959,0.9961,0.9959,0.9959,9811.0,0.0040999999999999,-0.0040999999999999,0.000227422545672,0,2,Medium,100599.1,85.94906438,3240.0,3763.8723119,0.6403112684000163,0.7198714464836429,TUSD,0,1,-0.004
2025-11-05 01:00:00,0.9959,0.9963,0.9959,0.996,33147.0,0.004,-0.004,0.0002321528102847,1,2,Medium,100672.7,202.71347282,3245.0,2106.81882956,0.6645962534181062,0.7384415918116047,TUSD,0,1,-0.0038
2025-11-05 02:00:00,0.9961,0.9963,0.996,0.9962,18891.0,0.0038,-0.0038,0.0002302723650496,2,2,Medium,101669.2,87.21525653,3321.83,975.46327681,0.6635707976831311,0.7361574093865358,TUSD,0,1,-0.004
2025-11-05 03:00:00,0.9962,0.9963,0.9959,0.996,11818.0,0.004,-0.004,0.0002352919858963,3,2,Medium,102118.5,161.02326972,3331.91,1072.50722493,0.7161953656292421,0.770819522284268,TUSD,0,1,-0.004
2025-11-05 04:00:00,0.996,0.9961,0.9959,0.996,7047.0,0.004,-0.004,0.0002400181148131,4,2,Medium,101947.2,88.19761593,3329.05,2235.61079141,0.8298341100118066,0.8403810315587845,TUSD,0,1,-0.0040999999999999
2025-11-05 05:00:00,0.996,0.9961,0.9959,0.9959,7572.0,0.0040999999999999,-0.0040999999999999,0.0002490198171857,5,2,Medium,101770.0,88.03287002,3325.98,950.97976891,0.847727309017781,0.8503667855698676,TUSD,0,1,-0.0040999999999999
2025-11-05 06:00:00,0.996,0.996,0.9959,0.9959,4049.0,0.0040999999999999,-0.0040999999999999,0.0002490198171847,6,2,Medium,102059.5,19.24400584,3334.9,1826.61851188,0.8202535537124073,0.8311011207733053,TUSD,0,1,-0.004
2025-11-05 07:00:00,0.9959,0.9961,0.9959,0.996,11290.0,0.004,-0.004,0.0002263446130194,7,2,Medium,102039.9,52.34900043,3333.34,703.37233199,0.7955407226222035,0.8379538214934673,TUSD,0,1,-0.004
2025-11-05 08:00:00,0.9959,0.9961,0.9959,0.996,6768.0,0.004,-0.004,0.0002224696685118,8,2,Medium,101724.2,88.42394202,3300.33,716.80862141,0.7827034112801019,0.8312408888939852,TUSD,0,1,-0.004
2025-11-05 09:00:00,0.996,0.9961,0.9959,0.996,4391.0,0.004,-0.004,0.0002216129929063,9,2,Medium,101969.0,31.77896274,3306.28,368.78455269,0.7751188914651701,0.8303427195224146,TUSD,0,1,-0.0038
2025-11-05 10:00:00,0.996,0.9964,0.9959,0.9962,26596.0,0.0038,-0.0038,0.0002146365308233,10,2,Medium,101348.2,70.99568314,3277.46,355.76972463,0.742561033580834,0.7979084446287068,TUSD,0,1,-0.0038
2025-11-05 11:00:00,0.9962,0.9963,0.9962,0.9962,2841.0,0.0038,-0.0038,0.0001899179832547,11,2,Medium,102000.0,33.11432423,3321.28,251.76616753,0.6717468722146922,0.75211442400831,TUSD,0,1,-0.0038
2025-11-05 12:00:00,0.9962,0.9963,0.9962,0.9962,6431.0,0.0038,-0.0038,0.000171734543429,12,2,Medium,102655.6,115.46511477,3345.13,945.14486531,0.6126351451241545,0.7026457246251394,TUSD,0,1,-0.0037
2025-11-05 13:00:00,0.9962,0.9963,0.9962,0.9963,3653.0,0.0037,-0.0037,0.000165009880471,13,2,Medium,102975.1,107.24042454,3359.05,842.94868747,0.5718713317481573,0.6454196157523361,TUSD,0,1,-0.004
2025-11-05 14:00:00,0.9962,0.9975,0.995,0.996,136764.0,0.004,-0.004,0.0001517411022169,14,2,Medium,103180.1,195.57519088,3346.31,1860.69407966,0.3747119993717867,0.5348657477298454,TUSD,0,1,-0.0036
2025-11-05 15:00:00,0.996,0.9966,0.9959,0.9964,59612.0,0.0036,-0.0036,0.0001517411022169,15,2,Medium,103712.9,119.16172206,3397.63,2007.55689389,0.4133361026686257,0.4562207776673914,TUSD,0,1,-0.0037
2025-11-05 16:00:00,0.9963,0.9964,0.9961,0.9963,13688.0,0.0037,-0.0037,0.0001567329485927,16,2,Medium,103914.0,98.88904232,3436.3,7026.96539902,0.4802269986738485,0.5025562933501926,TUSD,0,1,-0.0038
2025-11-05 17:00:00,0.9963,0.9964,0.996,0.9962,16539.0,0.0038,-0.0038,0.0001587427955709,17,2,Medium,103915.9,122.42103321,3435.31,2377.9772622,0.5091732892537032,0.5234711971966155,TUSD,0,1,-0.0037
2025-11-05 18:00:00,0.9961,0.9964,0.9961,0.9963,12140.0,0.0037,-0.0037,0.0001587427955709,18,2,Medium,104344.0,185.64710911,3461.32,2514.83653092,0.6237553711869633,0.6089859252566661,TUSD,0,1,-0.0038
2025-11-05 19:00:00,0.9963,0.9963,0.9962,0.9962,3885.0,0.0038,-0.0038,0.0001587427955709,19,2,Medium,104090.0,95.07214432,3456.78,1487.53393966,0.7178076176275902,0.6905339748654532,TUSD,0,1,-0.0037
2025-11-05 20:00:00,0.9962,0.9965,0.9962,0.9963,12950.0,0.0037,-0.0037,0.0001639635866728,20,2,Medium,103850.4,119.91405005,3452.57,1308.67452882,0.7407762593913799,0.7258235054647045,TUSD,0,1,-0.0037
2025-11-05 21:00:00,0.9963,0.9964,0.9963,0.9963,2861.0,0.0037,-0.0037,0.0001639635866738,21,2,Medium,103656.2,70.72699249,3442.49,2342.80887363,0.7363708236638643,0.7251051364710627,TUSD,0,1,-0.0036
2025-11-05 22:00:00,0.9963,0.9966,0.9963,0.9964,6068.0,0.0036,-0.0036,0.0001680558044446,22,2,Medium,103696.0,75.22173765,3426.4,865.61860736,0.7340181770402916,0.7182618631661527,TUSD,0,1,-0.0036
2025-11-05 23:00:00,0.9964,0.9965,0.9964,0.9964,4032.0,0.0036,-0.0036,0.0001693979101367,23,2,Medium,103900.0,30.71872142,3424.01,275.95802806,0.7397536200613971,0.7167566569923043,TUSD,0,1,-0.0038
2025-11-06 00:00:00,0.9964,0.9964,0.9962,0.9962,7844.0,0.0038,-0.0038,0.0001610090457971,0,3,Medium,103672.2,29.81045529,3407.34,507.35343888,0.702860845210706,0.6798802887182096,TUSD,0,1,-0.0038
2025-11-06 01:00:00,0.9962,0.9965,0.9961,0.9962,21109.0,0.0038,-0.0038,0.0001573673807966,1,3,Medium,103345.9,55.53847668,3405.58,521.95882015,0.6915772422581171,0.664200613601263,TUSD,0,1,-0.0039
2025-11-06 02:00:00,0.9962,0.9963,0.9961,0.9961,8176.0,0.0039,-0.0039,0.0001578845654805,2,3,Medium,103362.8,35.52644948,3422.92,199.82131232,0.7161059238135937,0.6581552497287723,TUSD,0,1,-0.0039
2025-11-06 03:00:00,0.9961,0.9963,0.996,0.9961,7087.0,0.0039,-0.0039,0.0001545798412517,3,3,Medium,103615.0,18.41583719,3432.27,233.11181317,0.6806995536240383,0.6133976401803528,TUSD,0,1,-0.0038
2025-11-06 04:00:00,0.9961,0.9963,0.9961,0.9962,5193.0,0.0038,-0.0038,0.000150301628386,4,3,Medium,104000.0,57.94432719,3452.12,849.24589527,0.652518926823477,0.5848912843393869,TUSD,0,1,-0.004
2025-11-06 05:00:00,0.9961,0.9963,0.996,0.996,4582.0,0.004,-0.004,0.0001434562997235,5,3,Medium,103117.6,80.78133777,3385.38,361.45024436,0.5867645254916718,0.5377095293138769,TUSD,0,1,-0.004
2025-11-06 06:00:00,0.996,0.9962,0.996,0.996,11662.0,0.004,-0.004,0.0001361345234728,6,3,Medium,103320.2,19.60178607,3385.01,840.03238299,0.5097670982235999,0.4930911004727302,TUSD,0,1,-0.004
2025-11-06 07:00:00,0.996,0.9962,0.996,0.996,6679.0,0.004,-0.004,0.0001361345234728,7,3,Medium,103236.3,39.84864983,3379.85,629.41861726,0.4448476145935534,0.4539063944886167,TUSD,0,1,-0.0039
2025-11-06 08:00:00,0.996,0.9963,0.996,0.9961,7101.0,0.0039,-0.0039,0.0001316010652134,8,3,Medium,103200.0,25.72805383,3384.8,170.05885301,0.3731326176180856,0.3921446231407578,TUSD,0,1,-0.004
2025-11-06 09:00:00,0.9961,0.9962,0.996,0.996,6583.0,0.004,-0.004,0.0001316010652134,9,3,Medium,102869.7,16.68470871,3382.71,206.36072497,0.3175044066289427,0.3198508827348094,TUSD,0,1,-0.0040999999999999
2025-11-06 10:00:00,0.996,0.9964,0.9959,0.9959,55540.0,0.0040999999999999,-0.0040999999999999,0.0001444003083816,10,3,Medium,103148.1,41.0234378,3393.3,261.34894343,0.4344469555615237,0.3887222187888791,TUSD,0,1,-0.0041999999999999
2025-11-06 11:00:00,0.996,0.9967,0.9957,0.9958,83508.0,0.0041999999999999,-0.0041999999999999,0.0001636871346376,11,3,Medium,103172.8,22.52214033,3398.96,352.63503033,0.5650608342495895,0.4303582805000674,TUSD,0,1,-0.0040999999999999
2025-11-06 12:00:00,0.9959,0.996,0.9958,0.9959,8786.0,0.0040999999999999,-0.0040999999999999,0.0001719453900983,12,3,Medium,102530.0,47.65396799,3347.85,1162.2804321,0.6878975076633681,0.5497085933735969,TUSD,0,1,-0.0036
2025-11-06 13:00:00,0.996,0.9965,0.9959,0.9964,70018.0,0.0036,-0.0036,0.0001768791442451,13,3,Medium,103253.7,44.6546921,3389.28,961.24984014,0.6951542138830153,0.5757854745689124,TUSD,0,1,-0.0037
2025-11-06 14:00:00,0.9965,0.9965,0.9963,0.9963,6749.0,0.0037,-0.0037,0.0001761093198519,14,3,Medium,102063.8,141.76549774,3325.45,1036.84898306,0.4607068544964675,0.3878577924641192,TUSD,0,1,-0.0039
2025-11-06 15:00:00,0.9963,0.9964,0.9961,0.9961,11809.0,0.0039,-0.0039,0.0001693444301319,15,3,Medium,101950.7,160.23180778,3299.04,2459.95247598,0.4221177695945866,0.3932820174055365,TUSD,0,1,-0.0039
2025-11-06 16:00:00,0.9962,0.9963,0.9961,0.9961,5235.0,0.0039,-0.0039,0.0001667572211305,16,3,Medium,100813.3,264.35997792,3275.17,3136.38666754,0.3385684641667765,0.3462425462194448,TUSD,0,1,-0.0038
2025-11-06 17:00:00,0.9962,0.9963,0.9961,0.9962,10307.0,0.0038,-0.0038,0.0001667572211305,17,3,Medium,101744.2,82.10426003,3327.8,1545.66021915,0.283339524142384,0.3060196280799306,TUSD,0,1,-0.0038
2025-11-06 18:00:00,0.9962,0.9963,0.9961,0.9962,4093.0,0.0038,-0.0038,0.0001639635866758,18,3,Medium,101687.3,93.6744913,3328.11,7101.32128129,0.1976922290747951,0.2360176702436054,TUSD,0,1,-0.0039
2025-11-06 19:00:00,0.9962,0.9963,0.996,0.9961,11465.0,0.0039,-0.0039,0.000163687134636,19,3,Medium,101355.0,138.75065562,3323.5,892.7167858,0.189163432909182,0.2289960976507712,TUSD,0,1,-0.0038
2025-11-06 20:00:00,0.9961,0.9962,0.9961,0.9962,1943.0,0.0038,-0.0038,0.0001606147603232,20,3,Medium,100865.9,73.44710667,3304.71,1277.33633425,0.095485238975899,0.1398963948889472,TUSD,0,1,-0.004
2025-11-06 21:00:00,0.9961,1.006,0.996,0.996,61216.0,0.004,-0.004,0.0001587427955734,21,3,Medium,101079.6,32.20116973,3325.74,667.10271084,0.1084727719679577,0.1127027638895528,TUSD,0,1,-0.004
2025-11-06 22:00:00,0.9961,0.9962,0.996,0.996,3859.0,0.004,-0.004,0.0001488482344042,22,3,Medium,101358.8,50.74525697,3320.0,658.76325632,0.0703675744909026,0.055665838445694,TUSD,1,1,-0.0039
2025-11-06 23:00:00,0.996,0.9961,0.996,0.9961,1035.0,0.0039,-0.0039,0.0001348643970092,23,3,Medium,101290.1,47.65616041,3313.54,377.5404232,-0.0527629464913807,-0.0595737432467969,TUSD,1,1,-0.0038
2025-11-07 00:00:00,0.9961,0.9963,0.996,0.9962,5561.0,0.0038,-0.0038,0.0001348643970092,0,4,Medium,101490.1,64.67874578,3322.76,5307.57000193,-0.1299606784605035,-0.1226672398604799,TUSD,1,1,-0.0038
2025-11-07 01:00:00,0.9962,0.9963,0.9961,0.9962,4549.0,0.0038,-0.0038,0.0001348643970092,1,4,Medium,101476.4,27.87131626,3321.47,832.58711391,-0.19618969588465,-0.1868462032392436,TUSD,1,1,-0.0038
2025-11-07 02:00:00,0.9962,0.9962,0.9961,0.9962,1553.0,0.0038,-0.0038,0.0001366657821678,2,4,Medium,101817.9,24.17137054,3344.63,441.6287857,-0.2165137706517322,-0.2039382056603414,TUSD,1,1,-0.0038
2025-11-07 03:00:00,0.9961,0.9962,0.9961,0.9962,2915.0,0.0038,-0.0038,0.0001383128141798,3,4,Medium,101864.9,32.63391218,3345.39,188.02034071,-0.2368804205822133,-0.2235215557768521,TUSD,1,1,-0.0039
2025-11-07 04:00:00,0.9961,0.9962,0.9961,0.9961,935.0,0.0039,-0.0039,0.0001366657821678,4,4,Medium,101968.9,42.38297326,3336.79,238.40783442,-0.3337168557407182,-0.3661332746575744,TUSD,1,1,-0.0039
2025-11-07 05:00:00,0.9962,0.9962,0.996,0.9961,45397.0,0.0039,-0.0039,0.0001351327841382,5,4,Medium,102388.7,35.31127579,3364.97,3362.43555401,-0.3084224149610955,-0.3401183444529838,TUSD,1,1,-0.004
2025-11-07 06:00:00,0.996,0.9962,0.996,0.996,997.0,0.004,-0.004,0.0001351327841382,6,4,Medium,101817.9,13.17549352,3346.2,223.99683011,-0.2632792928119845,-0.3141207448679922,TUSD,1,1,-0.0032999999999999
2025-11-07 07:00:00,0.9961,0.9967,0.9961,0.9967,91190.0,0.0032999999999999,-0.0032999999999999,0.0001805286112905,7,4,Medium,101973.6,74.39321541,3356.29,639.50269269,-0.1659266320663958,-0.1416775278706817,TUSD,1,1,-0.0033999999999999
2025-11-07 08:00:00,0.9967,0.9967,0.9966,0.9966,2399.0,0.0033999999999999,-0.0033999999999999,0.0002043015668553,8,4,Medium,101489.9,12.39253351,3340.36,314.25474307,-0.2023888325412308,-0.1168965029163274,TUSD,1,1,-0.0033999999999999
2025-11-07 09:00:00,0.9966,0.9967,0.9965,0.9966,7885.0,0.0033999999999999,-0.0033999999999999,0.0002211629337469,9,4,Medium,100972.7,65.35199215,3300.39,702.3288907,-0.2523863375902407,-0.166885762718662,TUSD,1,1,-0.0032999999999999
2025-11-07 10:00:00,0.9967,0.9967,0.9965,0.9967,5586.0,0.0032999999999999,-0.0032999999999999,0.0002375905619933,10,4,Medium,100768.7,47.20097894,3278.89,701.43043058,-0.2744192355715097,-0.2199896298844027,TUSD,1,1,-0.0037
2025-11-07 11:00:00,0.9965,0.9967,0.9962,0.9963,97002.0,0.0037,-0.0037,0.000221612992911,11,4,Medium,100369.4,104.80055889,3260.2,5598.04499983,-0.1407460508542009,-0.0753015606783089,TUSD,1,1,-0.0039
2025-11-07 12:00:00,0.9963,0.9963,0.9961,0.9961,27526.0,0.0039,-0.0039,0.0002122600942538,12,4,Medium,99560.0,773.48918432,3218.51,36707.08261726,0.0387567205979209,0.0637558276158512,TUSD,2,1,-0.0038
2025-11-07 13:00:00,0.9962,0.9963,0.9961,0.9962,8503.0,0.0038,-0.0038,0.0002095111627637,13,4,Medium,100249.9,85.4981204,3238.34,1253.18726204,-0.0404834369501207,0.0093138002689929,TUSD,1,1,-0.0037
2025-11-07 14:00:00,0.9962,0.9963,0.9962,0.9963,9872.0,0.0037,-0.0037,0.0002095111627637,14,4,Medium,100706.7,297.34918851,3284.06,2472.04279296,-0.0710290375621599,-0.0073347941399741,TUSD,1,1,-0.0038
2025-11-07 15:00:00,0.9963,0.9963,0.9962,0.9962,9271.0,0.0038,-0.0038,0.0002078182032055,15,4,Medium,100780.0,496.57292032,3295.06,1538.81474753,-0.0388872499437732,-0.0137268743682337,TUSD,1,1,-0.0038
2025-11-07 16:00:00,0.9962,0.9963,0.9962,0.9962,13884.0,0.0038,-0.0038,0.0002060234257566,16,4,Medium,101079.8,577.39483104,3308.72,2130.73123374,-0.0568911562479577,-0.0427392462508917,TUSD,1,1,-0.0039
2025-11-07 17:00:00,0.9962,0.9963,0.996,0.9961,43062.0,0.0039,-0.0039,0.0002078182032055,17,4,Medium,102279.9,602.09984856,3383.23,3601.55886307,-0.0915190259019219,-0.0875133610633228,TUSD,1,1,-0.004
2025-11-07 18:00:00,0.996,0.9962,0.996,0.996,21019.0,0.004,-0.004,0.0002131543628336,18,4,Medium,102553.5,218.63978042,3425.75,2502.74950186,-0.1622219377130268,-0.185666157829095,TUSD,1,1,-0.0039
2025-11-07 19:00:00,0.996,0.9963,0.996,0.9961,11458.0,0.0039,-0.0039,0.0002131543628336,19,4,Medium,103274.2,298.74410228,3441.93,3033.59904335,-0.2012203929572523,-0.220812501834769,TUSD,1,1,-0.0038
2025-11-07 20:00:00,0.9962,0.9963,0.9962,0.9962,11633.0,0.0038,-0.0038,0.0002131543628336,20,4,Medium,103714.6,435.85713023,3465.14,20477.60135229,-0.1915180391366925,-0.2072887459332823,TUSD,1,1,-0.0038
2025-11-07 21:00:00,0.9962,0.9963,0.9961,0.9962,9444.0,0.0038,-0.0038,0.0002078182032055,21,4,Medium,103820.6,58.17595854,3468.11,1699.36498054,-0.2122523066052415,-0.2104124236943172,TUSD,1,1,-0.0039
2025-11-07 22:00:00,0.9962,0.9962,0.9961,0.9961,10051.0,0.0039,-0.0039,0.0002039021499226,22,4,Medium,103620.0,78.2429648,3444.25,1488.90007401,-0.2663799316844597,-0.2620196256028754,TUSD,1,1,-0.0039
2025-11-07 23:00:00,0.9961,0.9962,0.996,0.9961,17359.0,0.0039,-0.0039,0.0002039021499226,23,4,Medium,103279.9,57.73191512,3433.9,1195.80689984,-0.3076116715712548,-0.3037882847244796,TUSD,1,1,-0.004
2025-11-08 00:00:00,0.9962,0.9962,0.996,0.996,18160.0,0.004,-0.004,0.0002095111627637,0,5,Medium,102645.2,71.16498594,3421.78,784.88570213,-0.3325439717353053,-0.3413454309676929,TUSD,1,1,-0.0036
2025-11-08 01:00:00,0.996,0.9965,0.996,0.9964,45720.0,0.0036,-0.0036,0.0002122600942538,1,5,Medium,102932.0,14.05661763,3433.73,478.51556865,-0.2956412978829503,-0.2952016601275893,TUSD,1,1,-0.0036
2025-11-08 02:00:00,0.9963,0.9964,0.9963,0.9964,24302.0,0.0036,-0.0036,0.0002146365308293,2,5,Medium,102757.7,8.83683279,3439.95,1152.2761459,-0.2681600143249737,-0.2510576692158216,TUSD,1,1,-0.0036
2025-11-08 03:00:00,0.9963,0.9964,0.9962,0.9964,20657.0,0.0036,-0.0036,0.0002166527303867,3,5,Medium,102600.0,21.04921941,3452.4,1167.48858176,-0.2492022170066301,-0.2086732758809816,TUSD,1,1,-0.0037
2025-11-08 04:00:00,0.9963,0.9964,0.9963,0.9963,1704.0,0.0037,-0.0037,0.0002142986533568,4,5,Medium,102472.6,20.41328788,3457.31,319.96010062,-0.2484053715499725,-0.2080312482314958,TUSD,1,1,-0.0037
2025-11-08 05:00:00,0.9963,0.9964,0.9963,0.9963,14527.0,0.0037,-0.0037,0.0002115762097705,5,5,Medium,102283.6,15.76565919,3429.31,586.63614442,-0.2393198780107834,-0.2056367490099153,TUSD,1,1,-0.0036
2025-11-08 06:00:00,0.9963,0.9965,0.9963,0.9964,6011.0,0.0036,-0.0036,0.0002049655321091,6,5,Medium,102200.1,60.59468403,3442.1,179.0874046,-0.2522806240100082,-0.2081685637011582,TUSD,1,1,-0.0037
2025-11-08 07:00:00,0.9963,0.9965,0.9963,0.9963,24689.0,0.0037,-0.0037,0.0001852827836907,7,5,Medium,102299.9,28.43681013,3445.93,110.87995068,-0.2736354130321541,-0.1977023681287676,TUSD,1,1,-0.0036
2025-11-08 08:00:00,0.9964,0.9964,0.9963,0.9964,3394.0,0.0036,-0.0036,0.0001739877550792,8,5,Medium,102415.2,30.06413729,3455.5,103.18151663,-0.243474481430572,-0.1376205579015318,TUSD,1,1,-0.0036
2025-11-08 09:00:00,0.9963,0.9964,0.9963,0.9964,2490.0,0.0036,-0.0036,0.0001614584787696,9,5,Medium,102356.4,35.08373491,3439.35,630.10364498,-0.1715407581227568,-0.029795729083288,TUSD,1,1,-0.0036
2025-11-08 10:00:00,0.9963,0.9964,0.9963,0.9964,2430.0,0.0036,-0.0036,0.0001348643970207,10,5,Medium,102514.6,31.66490975,3444.54,148.19710086,-0.0199662931103361,0.2038500182081306,TUSD,1,1,-0.0037
2025-11-08 11:00:00,0.9963,0.9964,0.9963,0.9963,11610.0,0.0037,-0.0037,0.0001348643970207,11,5,Medium,101800.1,70.52740816,3411.92,351.92531774,0.0036051581921137,0.2573084529321058,TUSD,1,1,-0.0036
2025-11-08 12:00:00,0.9963,0.9964,0.9963,0.9964,2615.0,0.0036,-0.0036,0.0001350657373655,12,5,Medium,102003.8,20.91243497,3406.81,685.16628389,-0.1531928624483347,0.1599282538361448,TUSD,1,1,-0.0036
2025-11-08 13:00:00,0.9963,0.999,0.996,0.9964,232181.0,0.0036,-0.0036,0.0001377221517818,13,5,Medium,101820.1,19.76771176,3395.92,255.908972,-0.2489946837915937,0.1131270156776073,TUSD,1,1,-0.0038
2025-11-08 14:00:00,0.9963,0.9963,0.9962,0.9962,5613.0,0.0038,-0.0038,0.0001380506095657,14,5,Medium,101867.0,28.54608091,3398.83,274.29045902,-0.229349887720571,0.1835271862317025,TUSD,1,1,-0.0038
2025-11-08 15:00:00,0.9962,0.9963,0.9962,0.9962,1282.0,0.0038,-0.0038,0.0001380506095657,15,5,Medium,101665.5,15.86621852,3374.0,749.87833642,-0.2766872000577128,0.1833560093947662,TUSD,1,1,-0.0038
2025-11-08 16:00:00,0.9962,0.9963,0.9962,0.9962,4936.0,0.0038,-0.0038,0.0001380506095657,16,5,Medium,101760.1,42.89038944,3367.58,448.380155,-0.3187842214963647,0.1919461733246875,TUSD,1,1,-0.0038
2025-11-08 17:00:00,0.9963,0.9963,0.9962,0.9962,2684.0,0.0038,-0.0038,0.0001345281601525,17,5,Medium,101961.8,61.8401129,3398.0,135.64223921,-0.3255555504168911,0.1386147397237441,TUSD,1,1,-0.0037
2025-11-08 18:00:00,0.9962,0.9963,0.9962,0.9963,1731.0,0.0037,-0.0037,0.0001224744862708,18,5,Medium,102185.1,26.35371701,3403.4,236.35306927,-0.3559994947847583,0.1301030248766058,TUSD,1,1,-0.0037
2025-11-08 19:00:00,0.9963,0.9963,0.9962,0.9963,5317.0,0.0037,-0.0037,0.0001167184141139,19,5,Medium,101950.0,14.41731482,3388.22,281.41691607,-0.3029760146388786,0.1565265431721824,TUSD,1,1,-0.0038
2025-11-08 20:00:00,0.9962,0.9963,0.9962,0.9962,6524.0,0.0038,-0.0038,0.0001167184141139,20,5,Medium,102022.2,13.51774721,3396.71,216.95997488,-0.2403171945712688,0.2366819491086312,TUSD,1,1,-0.0037
2025-11-08 21:00:00,0.9962,0.9963,0.9962,0.9963,2808.0,0.0037,-0.0037,0.0001153915819237,21,5,Medium,102260.0,6.92084021,3406.81,245.73747039,-0.1908848374260902,0.3073834314370945,TUSD,1,1,-0.0037
2025-11-08 22:00:00,0.9962,0.9963,0.9962,0.9963,3614.0,0.0037,-0.0037,0.0001082636332314,22,5,Medium,102368.8,16.24510966,3408.97,681.56122528,0.0096394467821376,0.4047121090748856,TUSD,0,1,-0.0037
2025-11-08 23:00:00,0.9963,0.9963,0.9962,0.9963,1023.0,0.0037,-0.0037,9.990937816770816e-05,23,5,Medium,102282.1,14.59672178,3400.21,249.5993871,0.2812807049512725,0.4902312803216849,TUSD,0,1,-0.0037
2025-11-09 00:00:00,0.9963,0.9963,0.9962,0.9963,1406.0,0.0037,-0.0037,7.613869737138942e-05,0,6,Medium,101743.8,18.90377797,3383.46,110.5805573,0.6067802474712016,0.6631234774871807,TUSD,0,1,-0.0038
2025-11-09 01:00:00,0.9963,0.9963,0.9962,0.9962,2322.0,0.0038,-0.0038,7.755315945591272e-05,1,6,Medium,102020.5,6.80820999,3399.99,205.00033426,0.578422947197733,0.6550375941444501,TUSD,0,1,-0.0038
2025-11-09 02:00:00,0.9962,0.9964,0.9962,0.9962,5231.0,0.0038,-0.0038,7.801894840066326e-05,2,6,Medium,101600.0,9.46352876,3367.1,124.44522036,0.5819767534382896,0.6693540366234936,TUSD,0,1,-0.0037
2025-11-09 03:00:00,0.9962,0.9964,0.9962,0.9963,11483.0,0.0037,-0.0037,7.50603607687753e-05,3,6,Medium,101624.3,36.96430302,3374.51,196.80897782,0.5046611294321734,0.6136038608364762,TUSD,0,1,-0.0037
2025-11-09 04:00:00,0.9963,0.9964,0.9963,0.9963,5053.0,0.0037,-0.0037,7.50603607687753e-05,4,6,Medium,101703.9,14.52309086,3374.67,1600.01014843,0.5071811935329821,0.6360211112085631,TUSD,0,1,-0.0036
2025-11-09 05:00:00,0.9963,0.9965,0.9963,0.9964,5531.0,0.0036,-0.0036,7.801894840066326e-05,5,6,Medium,101890.1,16.00646261,3404.38,178.67504454,0.4668665220654929,0.6237667087753833,TUSD,0,1,-0.0034999999999999
2025-11-09 06:00:00,0.9964,0.9965,0.9964,0.9965,984.0,0.0034999999999999,-0.0034999999999999,8.586727079444676e-05,6,6,Medium,101682.2,4.69107083,3403.11,193.70739074,0.2670077568153273,0.5188294091557758,TUSD,0,1,-0.0034999999999999
2025-11-09 07:00:00,0.9965,0.9965,0.9964,0.9965,4362.0,0.0034999999999999,-0.0034999999999999,9.469630981406824e-05,7,6,Medium,101887.3,57.65093426,3422.24,389.07401627,0.2220661213051626,0.5868462797984612,TUSD,0,1,-0.0036
2025-11-09 08:00:00,0.9965,0.9965,0.9964,0.9964,1608.0,0.0036,-0.0036,9.469630981406824e-05,8,6,Medium,101940.6,14.33802761,3420.52,151.50239364,0.1620479786725369,0.5946917688515524,TUSD,0,1,-0.0036
2025-11-09 09:00:00,0.9965,0.9965,0.9964,0.9964,848.0,0.0036,-0.0036,9.469630981406824e-05,9,6,Medium,101641.2,9.79373222,3400.0,268.59958963,0.0512921029348371,0.5686167435883929,TUSD,0,1,-0.0036
2025-11-09 10:00:00,0.9965,0.9965,0.9964,0.9964,1184.0,0.0036,-0.0036,9.469630981406824e-05,10,6,Medium,101840.7,9.73801804,3401.12,158.26335697,-0.066559142299941,0.5617551861644726,TUSD,0,1,-0.0037
2025-11-09 11:00:00,0.9965,0.9991,0.9961,0.9963,306452.0,0.0037,-0.0037,9.469630981406824e-05,11,6,Medium,102210.1,19.47938072,3428.74,240.37082013,-0.0746802987216759,0.5188301861989139,TUSD,0,1,-0.0037
2025-11-09 12:00:00,0.9962,0.9964,0.9962,0.9963,3449.0,0.0037,-0.0037,9.28611231558708e-05,12,6,Medium,102090.1,41.63712996,3441.09,1705.51653156,-0.0956052358046441,0.4342453430072425,TUSD,0,1,-0.0037
2025-11-09 13:00:00,0.9963,0.9964,0.9963,0.9963,4410.0,0.0037,-0.0037,9.078961070012144e-05,13,6,Medium,102897.6,26.83271762,3458.44,430.57203291,-0.0650775597051313,0.3714006295906565,TUSD,1,1,-0.0033999999999999
2025-11-09 14:00:00,0.9964,0.9966,0.9963,0.9966,15890.0,0.0033999999999999,-0.0033999999999999,0.0001062366776225,14,6,Medium,102954.0,141.47315726,3505.63,4768.01444634,0.2546218187760168,0.6130732005049824,TUSD,0,1,-0.0034999999999999
2025-11-09 15:00:00,0.9966,0.9967,0.9965,0.9965,6253.0,0.0034999999999999,-0.0034999999999999,0.0001090140255172,15,6,Medium,103766.7,135.57047598,3515.0,2060.82542087,0.3753054708810436,0.6439653512358143,TUSD,0,1,-0.0033999999999999
2025-11-09 16:00:00,0.9965,0.9967,0.9965,0.9966,6780.0,0.0033999999999999,-0.0033999999999999,0.0001179535640286,16,6,Medium,103805.0,25.2098592,3527.64,621.9654524,0.5172165940307486,0.7091169191323472,TUSD,0,1,-0.0036
2025-11-09 17:00:00,0.9966,0.9966,0.9964,0.9964,10062.0,0.0036,-0.0036,0.0001138903607936,17,6,Medium,103594.5,22.05475037,3514.69,902.1122249,0.4991731758454311,0.6785606018857478,TUSD,0,1,-0.0033999999999999
2025-11-09 18:00:00,0.9965,0.9966,0.9964,0.9966,4103.0,0.0033999999999999,-0.0033999999999999,0.0001232853403755,18,6,Medium,104499.9,131.25350157,3542.89,875.4049852,0.6026850525374994,0.7330029478108208,TUSD,0,1,-0.0033999999999999
2025-11-09 19:00:00,0.9966,0.9966,0.9965,0.9966,6683.0,0.0033999999999999,-0.0033999999999999,0.0001307725088266,19,6,Medium,104791.0,165.152401,3580.0,3860.51822803,0.6612233660919777,0.7663007317004755,TUSD,0,1,-0.0033999999999999
2025-11-09 20:00:00,0.9966,0.9966,0.9965,0.9966,1552.0,0.0033999999999999,-0.0033999999999999,0.000131876093882,20,6,Medium,104605.0,89.95212093,3578.4,2406.66135202,0.7068100294176487,0.7938937242574355,TUSD,0,1,-0.0032999999999999
2025-11-09 21:00:00,0.9966,0.9967,0.9965,0.9967,1304.0,0.0032999999999999,-0.0032999999999999,0.0001434562997397,21,6,Medium,104510.0,28.72560906,3579.75,1359.26381289,0.7491683910751966,0.8236562827024893,TUSD,0,1,-0.0032999999999999
2025-11-09 22:00:00,0.9967,0.9967,0.9966,0.9967,3988.0,0.0032999999999999,-0.0032999999999999,0.0001522773968371,22,6,Medium,104699.9,45.98413316,3586.71,574.46746925,0.7840401294179763,0.844591755315721,TUSD,0,1,-0.0033999999999999
2025-11-09 23:00:00,0.9967,0.9967,0.9965,0.9966,11164.0,0.0033999999999999,-0.0033999999999999,0.0001531670484085,23,6,Medium,104729.8,78.70287758,3584.2,914.95645696,0.7945983797041484,0.8459591903546141,TUSD,0,1,-0.0034999999999999
2025-11-10 00:00:00,0.9966,0.9967,0.9965,0.9965,22883.0,0.0034999999999999,-0.0034999999999999,0.0001503016284042,0,0,Medium,106270.0,194.06954563,3635.24,3067.03117652,0.7155972386114993,0.7926782248165845,TUSD,0,1,-0.0034999999999999
2025-11-10 01:00:00,0.9966,0.9966,0.9964,0.9965,14982.0,0.0034999999999999,-0.0034999999999999,0.0001403928228884,1,0,Medium,105765.4,100.89962898,3629.01,4214.60155891,0.6830019984944671,0.7573458849638526,TUSD,0,1,-0.0033999999999999
2025-11-10 02:00:00,0.9966,0.9966,0.9965,0.9966,9105.0,0.0033999999999999,-0.0033999999999999,0.000130772508834,2,0,Medium,105999.9,23.10541788,3626.39,345.80175057,0.6753574430302733,0.7415159325329098,TUSD,0,1,-0.0034999999999999
2025-11-10 03:00:00,0.9966,0.9966,0.9965,0.9965,3904.0,0.0034999999999999,-0.0034999999999999,0.0001248187082791,3,0,Medium,106015.7,34.72403469,3626.96,1031.46327325,0.6197428960521981,0.6901686419355082,TUSD,0,1,-0.0033999999999999
2025-11-10 04:00:00,0.9966,0.9967,0.9965,0.9966,13414.0,0.0033999999999999,-0.0033999999999999,0.0001197067664617,4,0,Medium,106163.4,24.53471141,3618.12,346.58526876,0.6033534772413526,0.6663527156372662,TUSD,0,1,-0.0034999999999999
2025-11-10 05:00:00,0.9966,0.9966,0.9965,0.9965,3608.0,0.0034999999999999,-0.0034999999999999,0.0001176459922904,5,0,Medium,106050.7,25.182354,3607.35,2280.46000142,0.5586031900944848,0.6344802196163607,TUSD,0,1,-0.0036
2025-11-10 06:00:00,0.9965,0.9965,0.9964,0.9964,2281.0,0.0036,-0.0036,0.0001197067664617,6,0,Medium,106203.7,92.98052809,3604.71,571.43428449,0.4974470639429811,0.6064766660010765,TUSD,0,1,-0.0034999999999999
2025-11-10 07:00:00,0.9964,0.9965,0.9964,0.9965,2944.0,0.0034999999999999,-0.0034999999999999,0.0001197067664617,7,0,Medium,106416.5,67.20433575,3609.32,2042.45528561,0.4956244049064585,0.6205889625641005,TUSD,0,1,-0.0034999999999999
2025-11-10 08:00:00,0.9965,0.9965,0.9964,0.9965,2658.0,0.0034999999999999,-0.0034999999999999,0.0001176459922904,8,0,Medium,105920.1,23.1720679,3592.2,937.06156363,0.4567455476461083,0.596802062133668,TUSD,0,1,-0.0036
2025-11-10 09:00:00,0.9965,0.9965,0.9964,0.9964,6276.0,0.0036,-0.0036,0.0001176459922904,9,0,Medium,106386.1,77.52319129,3624.01,585.56056089,0.3524415690208518,0.5169362831465305,TUSD,0,1,-0.0034999999999999
2025-11-10 10:00:00,0.9964,0.9966,0.9964,0.9965,6231.0,0.0034999999999999,-0.0034999999999999,0.0001153915819427,10,0,Medium,105994.3,32.20612355,3605.09,487.960908,0.2955310921971845,0.4843618547698936,TUSD,0,1,-0.0032999999999999
2025-11-10 11:00:00,0.9964,0.9967,0.9964,0.9967,5589.0,0.0032999999999999,-0.0032999999999999,0.0001122077515255,11,0,Medium,106200.0,12.32105483,3608.13,307.82536742,0.2138726393031817,0.3862463896018632,TUSD,0,1,-0.0032999999999999
2025-11-10 12:00:00,0.9966,0.9968,0.9965,0.9967,13330.0,0.0032999999999999,-0.0032999999999999,0.0001062366776431,12,0,Medium,105900.1,37.32646306,3591.14,469.55045508,0.0464136805324771,0.2107426792095394,TUSD,1,1,-0.0033999999999999
2025-11-10 13:00:00,0.9967,0.9967,0.9965,0.9966,9412.0,0.0033999999999999,-0.0033999999999999,9.286112318213084e-05,13,0,Medium,106500.0,40.83725382,3614.92,690.41190679,-0.1780284064576216,-0.0756986835218363,TUSD,1,1,-0.0031999999999999
2025-11-10 14:00:00,0.9965,0.9968,0.9965,0.9968,26768.0,0.0031999999999999,-0.0031999999999999,0.0001049499525804,14,0,Medium,104901.9,210.0361918,3540.4,3786.38499428,-0.1863949690682778,-0.1664717674556873,TUSD,1,1,-0.0032999999999999
2025-11-10 15:00:00,0.9967,0.9968,0.9967,0.9967,6062.0,0.0032999999999999,-0.0032999999999999,0.0001073393633464,15,0,Medium,105017.9,114.55555514,3518.72,2216.23925976,-0.2741769669888519,-0.3256448392194557,TUSD,1,1,-0.0033999999999999
2025-11-10 16:00:00,0.9967,0.9968,0.9966,0.9966,8399.0,0.0033999999999999,-0.0033999999999999,0.0001073393633464,16,0,Medium,105208.7,40.9617566,3529.5,1817.36677632,-0.2806858313554262,-0.326358365281494,TUSD,1,1,-0.0033999999999999
2025-11-10 17:00:00,0.9966,0.9967,0.9966,0.9966,3675.0,0.0033999999999999,-0.0033999999999999,0.0001007220300112,17,0,Medium,105944.5,37.41722577,3554.79,1721.76610114,-0.558649539077848,-0.5632570545925649,TUSD,1,1,-0.0033999999999999
2025-11-10 18:00:00,0.9966,0.9967,0.9966,0.9966,1897.0,0.0033999999999999,-0.0033999999999999,0.0001007220300112,18,0,Medium,105520.0,47.05171776,3532.33,439.23337306,-0.5821913391897625,-0.5533599617593686,TUSD,1,1,-0.0032999999999999
2025-11-10 19:00:00,0.9966,0.9968,0.9966,0.9967,8344.0,0.0032999999999999,-0.0032999999999999,0.0001034723225435,19,0,Medium,105768.1,39.49139363,3557.13,1166.28443858,-0.5744748379069726,-0.5731870962530362,TUSD,1,1,-0.0032999999999999
2025-11-10 20:00:00,0.9967,0.9968,0.9967,0.9967,1718.0,0.0032999999999999,-0.0032999999999999,0.0001059805824266,20,0,Medium,106000.7,50.79728822,3571.98,947.22466515,-0.5714708266079582,-0.5794427484780743,TUSD,1,1,-0.0033999999999999
2025-11-10 21:00:00,0.9967,0.9968,0.9966,0.9966,3244.0,0.0033999999999999,-0.0033999999999999,0.0001034723225435,21,0,Medium,105589.1,31.33138752,3540.21,1485.8589449,-0.5432808375312437,-0.5648816098172686,TUSD,1,1,-0.0032999999999999
2025-11-10 22:00:00,0.9966,0.9967,0.9966,0.9967,4735.0,0.0032999999999999,-0.0032999999999999,0.0001034723225435,22,0,Medium,106031.5,42.54510056,3575.01,1070.61703184,-0.4715655205814023,-0.5787011401448637,TUSD,1,1,-0.0033999999999999
2025-11-10 23:00:00,0.9966,0.9967,0.9966,0.9966,4181.0,0.0033999999999999,-0.0033999999999999,0.0001034723225435,23,0,Medium,105973.3,20.00994455,3565.64,1838.46649065,-0.5298770153279431,-0.5771118234324627,TUSD,1,1,-0.0033999999999999
2025-11-11 00:00:00,0.9966,0.9967,0.9966,0.9966,2232.0,0.0033999999999999,-0.0033999999999999,0.0001017954745265,0,1,Medium,106106.0,16.87358103,3584.99,2723.03781163,-0.5083037362509328,-0.557513898745901,TUSD,1,1,-0.0034999999999999
2025-11-11 01:00:00,0.9967,0.9967,0.9965,0.9965,5934.0,0.0034999999999999,-0.0034999999999999,0.0001017954745265,1,1,Medium,106059.9,81.51559155,3579.05,1399.00597896,-0.5364490651342365,-0.5209363809073618,TUSD,1,1,-0.0034999999999999
2025-11-11 02:00:00,0.9966,0.9966,0.9965,0.9965,7078.0,0.0034999999999999,-0.0034999999999999,0.0001034723225435,2,1,Medium,106655.8,28.34785694,3615.38,594.32245291,-0.5586474489491183,-0.5647999196131073,TUSD,1,1,-0.0034999999999999
2025-11-11 03:00:00,0.9966,0.9966,0.9965,0.9965,10110.0,0.0034999999999999,-0.0034999999999999,0.0001034723225435,3,1,Medium,106470.1,119.09051761,3605.0,630.24726021,-0.5795041124524507,-0.5574355111811751,TUSD,1,1,-0.0032999999999999
2025-11-11 04:00:00,0.9965,0.9968,0.9965,0.9967,19995.0,0.0032999999999999,-0.0032999999999999,0.0001059805824266,4,1,Medium,105703.8,24.2828757,3573.62,698.80947576,-0.5917957581567931,-0.5758883750799548,TUSD,1,1,-0.0032999999999999
2025-11-11 05:00:00,0.9967,0.9968,0.9967,0.9967,3362.0,0.0032999999999999,-0.0032999999999999,0.0001063219056439,5,1,Medium,105273.3,18.12007907,3548.1,757.34054377,-0.6140144973480492,-0.5775450308553707,TUSD,1,1,-0.0033999999999999
2025-11-11 06:00:00,0.9967,0.9968,0.9966,0.9966,5122.0,0.0033999999999999,-0.0033999999999999,9.743076217002925e-05,6,1,Medium,105250.1,22.58932105,3556.78,238.61645657,-0.5878192588579478,-0.5501219353300751,TUSD,1,1,-0.0032999999999999
2025-11-11 07:00:00,0.9967,0.9967,0.9966,0.9967,1867.0,0.0032999999999999,-0.0032999999999999,9.630868139918954e-05,7,1,Medium,104731.5,49.05352642,3543.67,944.57046901,-0.5777716183412248,-0.5404101544735602,TUSD,1,1,-0.0033999999999999
2025-11-11 08:00:00,0.9966,0.9967,0.9966,0.9966,400.0,0.0033999999999999,-0.0033999999999999,9.315329315691057e-05,8,1,Medium,105125.8,8.22061371,3562.44,157.4637764,-0.5532493940635159,-0.5225836997068564,TUSD,1,1,-0.0032999999999999
2025-11-11 09:00:00,0.9966,0.9967,0.9966,0.9967,9041.0,0.0032999999999999,-0.0032999999999999,8.164965683336293e-05,9,1,Medium,104950.0,19.44873786,3556.28,551.20101083,-0.5328487047099836,-0.423521125508869,TUSD,1,1,-0.0033999999999999
2025-11-11 10:00:00,0.9966,0.9967,0.9966,0.9966,3484.0,0.0033999999999999,-0.0033999999999999,7.696695939102529e-05,10,1,Medium,105075.5,30.29579984,3560.0,1524.62206561,-0.4892128209532408,-0.3545157847536064,TUSD,1,1,-0.0032999999999999
2025-11-11 11:00:00,0.9967,0.9967,0.9966,0.9967,809.0,0.0032999999999999,-0.0032999999999999,7.696695939102529e-05,11,1,Medium,105230.0,8.91395779,3573.25,530.39571299,-0.5565635168329646,-0.4231557757415702,TUSD,1,1,-0.0034999999999999
2025-11-11 12:00:00,0.9966,0.9967,0.9965,0.9965,8569.0,0.0034999999999999,-0.0034999999999999,8.064504313759075e-05,12,1,Medium,104510.0,74.12775336,3540.57,1067.59813207,-0.3798751979231538,-0.3809897136014247,TUSD,1,1,-0.0034999999999999
2025-11-11 13:00:00,0.9965,0.9966,0.9965,0.9965,1367.0,0.0034999999999999,-0.0034999999999999,8.469895417096101e-05,13,1,Medium,104350.1,142.46055354,3529.02,1304.12488922,-0.2036338322958222,-0.2696634871724869,TUSD,1,1,-0.0033999999999999
2025-11-11 14:00:00,0.9966,0.9966,0.9965,0.9966,3323.0,0.0033999999999999,-0.0033999999999999,7.61386974099852e-05,14,1,Medium,104620.0,156.00317588,3531.01,4623.61362179,-0.1107911553155579,-0.203174745709057,TUSD,1,1,-0.0034999999999999
2025-11-11 15:00:00,0.9965,0.9966,0.9965,0.9965,5771.0,0.0034999999999999,-0.0034999999999999,7.755315949382895e-05,15,1,Medium,103480.1,140.48263522,3482.54,4288.4570543,0.1037106639958549,0.0682590164819124,TUSD,1,1,-0.0034999999999999
2025-11-11 16:00:00,0.9966,0.9966,0.9965,0.9965,1110.0,0.0034999999999999,-0.0034999999999999,8.064504313457169e-05,16,1,Medium,103341.8,40.53543036,3484.78,2586.66827325,0.2226382896907628,0.1885875467105634,TUSD,0,1,-0.0033999999999999
2025-11-11 17:00:00,0.9965,0.9968,0.9964,0.9966,31779.0,0.0033999999999999,-0.0033999999999999,8.064504313457169e-05,17,1,Medium,103308.1,90.6897101,3473.42,4866.85148184,0.2091697987869333,0.1709776688348821,TUSD,0,1,-0.0034999999999999
2025-11-11 18:00:00,0.9966,0.9966,0.9965,0.9965,3255.0,0.0034999999999999,-0.0034999999999999,8.34057643860458e-05,18,1,Medium,103368.8,27.9754468,3467.85,507.34799549,0.2842061918617456,0.2617416031607649,TUSD,0,1,-0.0033999999999999
2025-11-11 19:00:00,0.9965,0.9967,0.9965,0.9966,3619.0,0.0033999999999999,-0.0033999999999999,8.064504313356697e-05,19,1,Medium,103105.1,31.54669075,3455.92,396.82110119,0.2365144447980796,0.2281207454294143,TUSD,0,1,-0.0036
2025-11-11 20:00:00,0.9967,0.9967,0.9964,0.9964,16231.0,0.0036,-0.0036,8.681147203811958e-05,20,1,Medium,102700.0,51.49267101,3435.75,1618.09555087,0.339776130069755,0.3654128357309363,TUSD,0,1,-0.0034999999999999
2025-11-11 21:00:00,0.9964,0.9965,0.9964,0.9965,1394.0,0.0034999999999999,-0.0034999999999999,8.836272295362625e-05,21,1,Medium,102596.4,20.54767685,3417.53,1078.28959194,0.3787374803235397,0.4063764933892014,TUSD,0,1,-0.0034999999999999
2025-11-11 22:00:00,0.9964,0.9965,0.9964,0.9965,2509.0,0.0034999999999999,-0.0034999999999999,8.586727082493509e-05,22,1,Medium,102960.1,42.17573562,3428.32,518.10634993,0.3676295948529007,0.4131827731311459,TUSD,0,1,-0.0034999999999999
2025-11-11 23:00:00,0.9964,0.9965,0.9964,0.9965,3891.0,0.0034999999999999,-0.0034999999999999,8.681147203626066e-05,23,1,Medium,103011.5,19.10006142,3414.42,362.55142005,0.386499369186403,0.4345939761026437,TUSD,0,1,-0.0036
2025-11-12 00:00:00,0.9965,0.9965,0.9964,0.9964,3736.0,0.0036,-0.0036,9.286112318231548e-05,0,2,Medium,102870.1,18.20386017,3415.38,880.43971109,0.4348185900798179,0.4973995502065301,TUSD,0,1,-0.0034999999999999
2025-11-12 01:00:00,0.9964,0.9965,0.9964,0.9965,3879.0,0.0034999999999999,-0.0034999999999999,9.286112318231548e-05,1,2,Medium,103205.1,12.55947647,3446.43,553.85141838,0.5108145874870893,0.5552144556225693,TUSD,0,1,-0.0037
2025-11-12 02:00:00,0.9965,0.9965,0.9963,0.9963,13020.0,0.0037,-0.0037,0.0001063219056394,2,2,Medium,103086.3,15.02115789,3425.8,182.27513452,0.6326764099153771,0.6753665331915544,TUSD,0,1,-0.0034999999999999
2025-11-12 03:00:00,0.9964,0.9965,0.9963,0.9965,6408.0,0.0034999999999999,-0.0034999999999999,0.0001063219056394,3,2,Medium,103254.8,6.08949629,3438.27,110.13355442,0.7657038351803565,0.7672379184301038,TUSD,0,1,-0.0036
2025-11-12 04:00:00,0.9965,0.9965,0.9963,0.9964,3079.0,0.0036,-0.0036,0.0001055523762892,4,2,Medium,103148.1,13.05675956,3442.66,243.00025614,0.7446764506207887,0.7530554315037704,TUSD,0,1,-0.0034999999999999
2025-11-12 05:00:00,0.9965,0.9966,0.9964,0.9965,6464.0,0.0034999999999999,-0.0034999999999999,9.990937818989652e-05,5,2,Medium,103331.9,12.55726219,3448.92,210.72797444,0.7164171834828796,0.7385615725558993,TUSD,0,1,-0.0033999999999999
2025-11-12 06:00:00,0.9966,0.9967,0.9966,0.9966,5411.0,0.0033999999999999,-0.0033999999999999,9.990937818989652e-05,6,2,Medium,103364.1,10.35938993,3439.97,192.49566479,0.692867012669238,0.6925973078053111,TUSD,0,1,-0.0033999999999999
2025-11-12 07:00:00,0.9966,0.9967,0.9966,0.9966,2031.0,0.0033999999999999,-0.0033999999999999,9.44089152066773e-05,7,2,Medium,103117.5,23.618706,3426.24,428.48223293,0.6285281796196482,0.6123709993178256,TUSD,0,1,-0.0033999999999999
2025-11-12 08:00:00,0.9967,0.9967,0.9966,0.9966,11099.0,0.0033999999999999,-0.0033999999999999,9.44089152066773e-05,8,2,Medium,104140.1,129.43540169,3469.64,568.6034388,0.6286002972162154,0.589386206433943,TUSD,0,1,-0.0034999999999999
2025-11-12 09:00:00,0.9966,0.9967,0.9965,0.9965,13458.0,0.0034999999999999,-0.0034999999999999,8.681147203070691e-05,9,2,Medium,104486.4,178.13555222,3483.89,287.12032821,0.5345727361972356,0.5167906590044826,TUSD,0,1,-0.0036
2025-11-12 10:00:00,0.9966,0.9966,0.9964,0.9964,3271.0,0.0036,-0.0036,8.805465904951964e-05,10,2,Medium,104880.0,17.46699018,3534.0,441.80742966,0.3505711041016549,0.3608604725954196,TUSD,0,1,-0.0036
2025-11-12 11:00:00,0.9965,0.9965,0.9964,0.9964,2681.0,0.0036,-0.0036,8.06450431216307e-05,11,2,Medium,104994.2,66.75453517,3549.01,638.90005972,0.0333375074740002,0.042421466764362,TUSD,1,1,-0.0036
2025-11-12 12:00:00,0.9965,0.9966,0.9964,0.9964,9720.0,0.0036,-0.0036,8.297022214396963e-05,12,2,Medium,105019.7,42.2422049,3552.15,907.71079839,-0.068815168734738,-0.0618146979177971,TUSD,1,1,-0.0034999999999999
2025-11-12 13:00:00,0.9965,0.9966,0.9964,0.9965,16800.0,0.0034999999999999,-0.0034999999999999,8.297022214396963e-05,13,2,Medium,105000.1,20.22193262,3577.19,651.31544958,-0.0617388073228803,-0.0523100858666711,TUSD,1,1,-0.0034999999999999
2025-11-12 14:00:00,0.9964,0.9965,0.9964,0.9965,5182.0,0.0034999999999999,-0.0034999999999999,7.974142865348847e-05,14,2,Medium,103900.0,210.22676031,3501.27,4160.82537396,-0.1459201467718536,-0.1340480052024426,TUSD,1,1,-0.0036
2025-11-12 15:00:00,0.9964,0.997,0.9963,0.9964,113293.0,0.0036,-0.0036,8.164965681564649e-05,15,2,Medium,102170.9,204.44693865,3428.92,4373.14500334,-0.0562661879033662,-0.0962012079732861,TUSD,1,1,-0.0037
2025-11-12 16:00:00,0.9964,0.9964,0.9962,0.9963,29841.0,0.0037,-0.0037,8.968543946571056e-05,16,2,Medium,101455.6,125.0696624,3398.15,3196.64916224,0.1474185000547685,0.0271447287069956,TUSD,1,1,-0.0038
2025-11-12 17:00:00,0.9963,0.9964,0.9962,0.9962,9326.0,0.0038,-0.0038,0.0001017954745141,17,2,Medium,101750.1,56.50745725,3429.21,1461.89306183,0.3195809226102699,0.0811069276909769,TUSD,0,1,-0.0039
2025-11-12 18:00:00,0.9962,0.9963,0.9961,0.9961,6036.0,0.0039,-0.0039,0.0001248187082755,18,2,Medium,101579.2,60.92130645,3426.0,3502.42454049,0.4482953179074169,0.1427771755711686,TUSD,0,1,-0.0037
2025-11-12 19:00:00,0.9961,0.9964,0.9961,0.9963,19014.0,0.0037,-0.0037,0.0001232853403805,19,2,Medium,101279.9,60.45986273,3408.56,1520.64519253,0.5144245182165262,0.1882429265499097,TUSD,0,1,-0.0038
2025-11-12 20:00:00,0.9964,0.9964,0.9961,0.9962,20244.0,0.0038,-0.0038,0.0001318073905213,20,2,Medium,101520.0,88.77477304,3415.37,1104.73361998,0.5639054698421126,0.2293537887115683,TUSD,0,1,-0.0038
2025-11-12 21:00:00,0.9962,0.9962,0.9961,0.9962,5837.0,0.0038,-0.0038,0.0001380506095767,21,2,Medium,101890.0,35.04652059,3422.63,823.37783212,0.6119676653054539,0.2826118707963007,TUSD,0,1,-0.0039
2025-11-12 22:00:00,0.9962,0.9962,0.996,0.9961,6733.0,0.0039,-0.0039,0.0001501207236651,22,2,Medium,101976.8,74.38454178,3420.0,240.23376426,0.6375612747290788,0.3334504706379332,TUSD,0,1,-0.004
2025-11-12 23:00:00,0.9961,0.9961,0.996,0.996,5319.0,0.004,-0.004,0.0001680558044593,23,2,Medium,101666.6,44.65851257,3413.51,158.81731762,0.6659557788326871,0.4017190298487974,TUSD,0,1,-0.0038
2025-11-13 00:00:00,0.9961,0.9963,0.9961,0.9962,5241.0,0.0038,-0.0038,0.0001714706205218,0,3,Medium,101856.9,74.06370179,3410.76,197.07532566,0.6805960876104531,0.4351807502540271,TUSD,0,1,-0.0036
2025-11-13 01:00:00,0.9963,0.9964,0.9962,0.9964,7843.0,0.0036,-0.0036,0.0001691838886975,1,3,Medium,101953.7,38.14053381,3423.73,672.90705684,0.6664372015748794,0.4372588988659969,TUSD,0,1,-0.0036
2025-11-13 02:00:00,0.9964,0.9964,0.9963,0.9964,686.0,0.0036,-0.0036,0.0001689159805488,2,3,Medium,102050.1,14.15958699,3433.57,495.74611614,0.6561011270777023,0.4268384705246356,TUSD,0,1,-0.0037
2025-11-13 03:00:00,0.9964,0.9965,0.9963,0.9963,9238.0,0.0037,-0.0037,0.0001667572211433,3,3,Medium,102162.8,66.36907038,3454.0,1340.83976567,0.6593193207241521,0.4448437920476023,TUSD,0,1,-0.0036
2025-11-13 04:00:00,0.9963,0.9964,0.9963,0.9964,4028.0,0.0036,-0.0036,0.0001667572211433,4,3,Medium,102142.0,19.07528105,3484.64,1406.00927866,0.6469381159335248,0.4520577470719848,TUSD,0,1,-0.0038
2025-11-13 05:00:00,0.9963,0.9964,0.9962,0.9962,9047.0,0.0038,-0.0038,0.0001665941865045,5,3,Medium,103129.4,46.84493772,3527.83,1851.71388074,0.6241873724886101,0.3920017304006065,TUSD,0,1,-0.0038
2025-11-13 06:00:00,0.9963,0.9963,0.9962,0.9962,2924.0,0.0038,-0.0038,0.0001594828592578,6,3,Medium,103538.7,64.16510511,3540.05,825.47792381,0.6000676567001104,0.3701471803854568,TUSD,0,1,-0.0038
2025-11-13 07:00:00,0.9962,0.9964,0.9962,0.9962,9669.0,0.0038,-0.0038,0.0001501207236596,7,3,Medium,103457.8,23.8729172,3539.25,476.44378898,0.6008578461124597,0.3972976129770018,TUSD,0,1,-0.0039
2025-11-13 08:00:00,0.9962,0.9963,0.9961,0.9961,5348.0,0.0039,-0.0039,0.0001423788569909,8,3,Medium,103650.0,28.59391656,3522.06,238.57637844,0.5107911977438655,0.356870840038657,TUSD,0,1,-0.0038
2025-11-13 09:00:00,0.9961,0.9963,0.9961,0.9962,10030.0,0.0038,-0.0038,0.0001359347661819,9,3,Medium,102767.0,84.22936217,3484.5,2205.65561448,0.4611988889851205,0.3517070186920611,TUSD,0,1,-0.0038
2025-11-13 10:00:00,0.9962,0.9963,0.9962,0.9962,2453.0,0.0038,-0.0038,0.0001340560117262,10,3,Medium,102907.8,23.2872014,3504.23,138.73865335,0.4193411706691898,0.3029182089657743,TUSD,0,1,-0.0039
2025-11-13 11:00:00,0.9962,0.9963,0.996,0.9961,26330.0,0.0039,-0.0039,0.0001350657373657,11,3,Medium,102923.7,28.92579187,3503.49,103.94809969,0.3431925358950762,0.2133625038700351,TUSD,0,1,-0.0038
2025-11-13 12:00:00,0.9962,0.9963,0.9961,0.9962,8544.0,0.0038,-0.0038,0.0001318073905082,12,3,Medium,103094.0,17.15555847,3501.1,1001.43066776,0.2583993006792845,0.1375843649192139,TUSD,0,1,-0.0038
2025-11-13 13:00:00,0.9962,0.9963,0.9961,0.9962,5374.0,0.0038,-0.0038,0.0001203858521992,13,3,Medium,102300.0,79.19900174,3436.17,2241.54503867,0.0340636530580258,-0.0524994568293413,TUSD,1,1,-0.0039
2025-11-13 14:00:00,0.9961,0.9963,0.9961,0.9961,16898.0,0.0039,-0.0039,0.0001090140255069,14,3,Medium,102930.0,121.49945917,3444.27,2378.25637437,-0.2365052596761765,-0.1451023718838205,TUSD,1,1,-0.0039
2025-11-13 15:00:00,0.9961,0.9962,0.996,0.9961,11046.0,0.0039,-0.0039,0.0001041702887646,15,3,Medium,101390.1,92.93728441,3386.16,4994.61749328,-0.1642273424846437,-0.0343290784803301,TUSD,1,1,-0.0039
2025-11-13 16:00:00,0.996,0.9961,0.996,0.9961,9114.0,0.0039,-0.0039,0.0001041702887638,16,3,Medium,100591.8,105.65941428,3325.0,1761.27637944,-0.0192927697687775,0.1116724316092328,TUSD,1,1,-0.0039
2025-11-13 17:00:00,0.996,0.9963,0.996,0.9961,21376.0,0.0039,-0.0039,0.0001059805823897,17,3,Medium,99603.3,212.45513697,3253.17,6914.10790416,0.0902854379996189,0.1997523295243551,TUSD,0,1,-0.0038
2025-11-13 18:00:00,0.9961,0.9962,0.9961,0.9962,11749.0,0.0038,-0.0038,0.0001041702887638,18,3,Medium,98530.8,462.67977489,3212.27,6010.18727701,0.047779888130039,0.1522023100469039,TUSD,0,1,-0.0039
2025-11-13 19:00:00,0.9961,0.9962,0.9961,0.9961,11928.0,0.0039,-0.0039,0.0001034723225058,19,3,Medium,98640.1,316.87985718,3195.29,2588.56787617,0.1582554236015025,0.2374414128177775,TUSD,0,1,-0.004
2025-11-13 20:00:00,0.9961,0.9962,0.996,0.996,22650.0,0.004,-0.004,0.0001102533305025,20,3,Medium,98070.0,200.59729042,3169.18,2509.8319952,0.3023065128821468,0.3625870581831639,TUSD,0,1,-0.004
2025-11-13 21:00:00,0.9961,0.9961,0.996,0.996,18458.0,0.004,-0.004,0.000116017863766,21,3,Medium,98780.1,89.1436814,3178.19,882.07479415,0.3802974709855711,0.4418572230446784,TUSD,0,1,-0.004
2025-11-13 22:00:00,0.996,0.9961,0.996,0.996,7643.0,0.004,-0.004,0.0001203858521936,22,3,Medium,99749.6,109.86693287,3224.84,1196.5332894,0.4276110434429189,0.4967943567028165,TUSD,0,1,-0.0038
2025-11-13 23:00:00,0.996,0.9964,0.996,0.9962,29704.0,0.0038,-0.0038,0.0001151558480955,23,3,Medium,99680.1,96.34785975,3230.34,2436.57518505,0.429898744743119,0.4965481601457828,TUSD,0,1,-0.0037
2025-11-14 00:00:00,0.9962,0.9963,0.9962,0.9963,6694.0,0.0037,-0.0037,0.0001178767463145,0,4,Medium,98960.4,130.2080404,3199.01,3660.84255487,0.3422824378811791,0.4006629784038735,TUSD,0,1,-0.0038
2025-11-14 01:00:00,0.9962,0.9963,0.9962,0.9962,4413.0,0.0038,-0.0038,0.0001082636332202,1,4,Medium,99205.3,71.71564658,3204.91,1674.45520655,0.322599231504947,0.3805057300718754,TUSD,0,1,-0.0036
2025-11-14 02:00:00,0.9962,0.9965,0.9962,0.9964,14197.0,0.0036,-0.0036,0.0001082636332202,2,4,Medium,99607.6,18.94044062,3236.52,733.3009722,0.2031478410876791,0.2473849328570827,TUSD,0,1,-0.0037
2025-11-14 03:00:00,0.9964,0.9965,0.9962,0.9963,21521.0,0.0037,-0.0037,0.0001082636332202,3,4,Medium,99091.5,24.59226064,3224.0,245.21516728,0.1190006667165116,0.1617560360741396,TUSD,0,1,-0.0038
2025-11-14 04:00:00,0.9963,0.9963,0.9961,0.9962,42325.0,0.0038,-0.0038,9.696480649275008e-05,4,4,Medium,97779.9,256.3164069,3161.18,1609.9020002,0.0430626902672944,0.0608746779271066,TUSD,2,1,-0.0038
2025-11-14 05:00:00,0.9961,0.9963,0.9961,0.9962,31970.0,0.0038,-0.0038,9.696480649275008e-05,5,4,Medium,97469.9,213.37705688,3192.44,1273.2328139,-0.003001883436998,0.0226644972629516,TUSD,2,1,-0.0034999999999999
2025-11-14 06:00:00,0.9961,0.9981,0.9961,0.9965,98258.0,0.0034999999999999,-0.0034999999999999,0.0001188715044406,6,4,Medium,97488.0,204.6398504,3220.41,2262.83623234,-0.1911877629331968,-0.0875514637510619,TUSD,2,1,-0.0034999999999999
2025-11-14 07:00:00,0.9966,0.9967,0.9965,0.9965,16703.0,0.0034999999999999,-0.0034999999999999,0.0001361345234732,7,4,Medium,97097.4,102.97906054,3213.01,2102.97475524,-0.3281706123768191,-0.1652184330365477,TUSD,2,1,-0.0033999999999999
2025-11-14 08:00:00,0.9965,0.9966,0.9965,0.9966,6439.0,0.0033999999999999,-0.0033999999999999,0.0001585715211577,8,4,Medium,97344.6,197.39398468,3205.95,585.35850926,-0.3849325315655533,-0.1800926585059994,TUSD,2,1,-0.0033999999999999
2025-11-14 09:00:00,0.9966,0.9989,0.9966,0.9966,110502.0,0.0033999999999999,-0.0033999999999999,0.0001775436253905,9,4,Medium,96820.1,225.16716306,3154.97,1996.35887657,-0.4735661533008122,-0.2600307024191394,TUSD,2,1,-0.0032999999999999
2025-11-14 10:00:00,0.9966,0.9967,0.9966,0.9967,5279.0,0.0032999999999999,-0.0032999999999999,0.0002021174140497,10,4,Medium,96720.0,59.56469051,3175.32,404.18740084,-0.55133135686658,-0.3150744849479986,TUSD,2,1,-0.0034999999999999
2025-11-14 11:00:00,0.9967,0.9967,0.9963,0.9965,29239.0,0.0034999999999999,-0.0034999999999999,0.0002060234257579,11,4,Medium,96153.9,162.24961494,3140.75,1092.35643985,-0.57447135866836,-0.3183122866661558,TUSD,2,1,-0.0032999999999999
2025-11-14 12:00:00,0.9964,0.9971,0.9964,0.9967,48421.0,0.0032999999999999,-0.0032999999999999,0.0002239306306063,12,4,Medium,95277.2,376.9797351,3125.05,13465.91412153,-0.6721323549035646,-0.404754875752184,TUSD,2,1,-0.0031999999999999
2025-11-14 13:00:00,0.9968,0.9969,0.9965,0.9968,59814.0,0.0031999999999999,-0.0031999999999999,0.000246570682031,13,4,Medium,95149.3,256.16785148,3118.65,4323.08713105,-0.7499550353346081,-0.4877228027320082,TUSD,2,1,-0.0034999999999999
2025-11-14 14:00:00,0.9967,0.9968,0.996,0.9965,108139.0,0.0034999999999999,-0.0034999999999999,0.0002453923207695,14,4,Medium,96465.2,362.77711514,3197.06,4093.205699,-0.7870572555548568,-0.4921357674562048,TUSD,1,1,-0.0038
2025-11-14 15:00:00,0.9964,0.9965,0.9961,0.9962,33910.0,0.0038,-0.0038,0.000242234464972,15,4,Medium,96695.8,158.39299999,3193.09,2166.25282042,-0.7548065082679263,-0.4868154493087933,TUSD,1,1,-0.0039
2025-11-14 16:00:00,0.9963,0.9963,0.9961,0.9961,24532.0,0.0039,-0.0039,0.000242234464972,16,4,Medium,96970.1,140.06879296,3230.0,1696.29447846,-0.7010403304703262,-0.4937216907191024,TUSD,1,1,-0.0039
2025-11-14 17:00:00,0.9961,0.9962,0.996,0.9961,9816.0,0.0039,-0.0039,0.000242234464972,17,4,Medium,95770.0,110.69955223,3175.66,2109.09372576,-0.5849410880562989,-0.4297758967668472,TUSD,2,1,-0.0038
2025-11-14 18:00:00,0.996,0.9963,0.996,0.9962,26171.0,0.0038,-0.0038,0.000242234464972,18,4,Medium,94960.0,207.43981135,3167.15,3902.14506457,-0.4933665768141592,-0.3980590123080073,TUSD,2,1,-0.0036
2025-11-14 19:00:00,0.9962,0.9964,0.9962,0.9964,4901.0,0.0036,-0.0036,0.0002375905619989,19,4,Medium,95714.4,115.00856841,3206.12,968.52752723,-0.4745573421980821,-0.3897463636524074,TUSD,2,1,-0.0038
2025-11-14 20:00:00,0.9964,0.9964,0.9962,0.9962,9783.0,0.0038,-0.0038,0.0002284160958257,20,4,Medium,94267.1,160.93240733,3133.02,3750.44422204,-0.3737066091734884,-0.3777656522073628,TUSD,2,1,-0.0038
2025-11-14 21:00:00,0.9963,0.9963,0.9962,0.9962,2811.0,0.0038,-0.0038,0.0002185260235701,21,4,Medium,95000.0,92.46810699,3165.6,1643.8486899,-0.274376873207183,-0.3917384441299392,TUSD,2,1,-0.0038
2025-11-14 22:00:00,0.9963,0.9963,0.9962,0.9962,8160.0,0.0038,-0.0038,0.0002078182032119,22,4,Medium,95070.1,28.01004219,3154.48,1499.16191439,-0.125046502422802,-0.3004546964170529,TUSD,2,1,-0.0037
2025-11-14 23:00:00,0.9962,0.9964,0.9962,0.9963,25842.0,0.0037,-0.0037,0.0002053187689683,23,4,Medium,94517.3,78.67519298,3109.23,1723.09824774,-0.0415001018573068,-0.2132311068565947,TUSD,2,1,-0.0037
2025-11-15 00:00:00,0.9963,0.9964,0.9963,0.9963,4600.0,0.0037,-0.0037,0.0002053187689683,0,5,Medium,95060.0,64.584962,3138.7,546.6346234,-0.0035796199046871,-0.1852425252098108,TUSD,2,1,-0.0037
2025-11-15 01:00:00,0.9963,0.9964,0.9963,0.9963,3310.0,0.0037,-0.0037,0.0002026991768878,1,5,Medium,95568.4,70.24923177,3171.1,313.9346656,0.0806631908609855,-0.1588995531627835,TUSD,2,1,-0.0036
2025-11-15 02:00:00,0.9964,0.9965,0.9963,0.9964,7346.0,0.0036,-0.0036,0.0002026991768878,2,5,Medium,96315.5,62.73431874,3189.0,265.3843156,0.0786068677166737,-0.1764528361001184,TUSD,2,1,-0.0036
2025-11-15 03:00:00,0.9964,0.9965,0.9964,0.9964,1800.0,0.0036,-0.0036,0.0002021174140561,3,5,Medium,96309.9,70.84575539,3177.49,763.74527233,0.1406442525364042,-0.1593442829567999,TUSD,2,1,-0.0037
2025-11-15 04:00:00,0.9964,0.9965,0.9963,0.9963,7901.0,0.0037,-0.0037,0.0001992740442631,4,5,Medium,96074.7,28.50261724,3169.9,2624.93919599,0.2236219325488164,-0.1736343508441368,TUSD,2,1,-0.0037
2025-11-15 05:00:00,0.9963,0.9964,0.9963,0.9963,10830.0,0.0037,-0.0037,0.0001962972452307,5,5,Medium,96263.1,25.45813143,3177.05,203.63987889,0.300827139422105,-0.1545633537119647,TUSD,2,1,-0.0037
2025-11-15 06:00:00,0.9963,0.9964,0.9963,0.9963,3450.0,0.0037,-0.0037,0.0001955575450156,6,5,Medium,96029.9,299.02726863,3173.64,77.02748236,0.2734581443371863,-0.2080418472349093,TUSD,2,1,-0.0037
2025-11-15 07:00:00,0.9963,0.9964,0.9963,0.9963,4284.0,0.0037,-0.0037,0.0001944427185669,7,5,Medium,96250.0,18.26167006,3174.2,117.81192598,0.2375321666485337,-0.2648403107138194,TUSD,2,1,-0.0036
2025-11-15 08:00:00,0.9963,0.9965,0.9963,0.9964,15166.0,0.0036,-0.0036,0.0001883855892148,8,5,Medium,95834.9,229.994576,3140.73,1022.42125424,0.1572934539822921,-0.3610524748657183,TUSD,2,1,-0.0037
2025-11-15 09:00:00,0.9964,0.9965,0.9963,0.9963,2632.0,0.0037,-0.0037,0.0001817786512483,9,5,Medium,95780.1,55.76464841,3150.43,158.86269898,0.0857123825314373,-0.346465928078976,TUSD,2,1,-0.0037
2025-11-15 10:00:00,0.9963,0.9964,0.9963,0.9963,2996.0,0.0037,-0.0037,0.0001659404461622,10,5,Medium,95900.0,23.56058605,3166.47,203.57724129,-0.0382706133987669,-0.416587082610676,TUSD,2,1,-0.0038
2025-11-15 11:00:00,0.9963,0.9963,0.9962,0.9962,7255.0,0.0038,-0.0038,0.0001641292344018,11,5,Medium,95575.5,13.92764335,3149.94,174.45601305,-0.0618638990465203,-0.3696077782114256,TUSD,2,1,-0.0038
2025-11-15 12:00:00,0.9962,0.9963,0.9962,0.9962,2905.0,0.0038,-0.0038,0.0001444630229685,12,5,Medium,95728.8,23.40359441,3159.92,177.92912428,0.0033001537235431,-0.2584165464746993,TUSD,2,1,-0.0039
2025-11-15 13:00:00,0.9962,0.9963,0.9961,0.9961,1193.0,0.0039,-0.0039,0.0001041702887709,13,5,Medium,96287.7,33.68497778,3189.25,401.00989139,0.1313744767594558,-0.0351928295508691,TUSD,2,1,-0.0039
2025-11-15 14:00:00,0.9961,0.9962,0.9961,0.9961,5588.0,0.0039,-0.0039,9.770926893702694e-05,14,5,Medium,96196.7,25.66827415,3176.13,727.82162128,-0.017251400360596,-0.1799000854366644,TUSD,2,1,-0.004
2025-11-15 15:00:00,0.9961,0.9961,0.996,0.996,7116.0,0.004,-0.004,0.0001102533305085,15,5,Medium,96216.1,46.36802672,3183.72,135.01249509,-0.058913872342371,-0.2041571143022515,TUSD,2,1,-0.0039
2025-11-15 16:00:00,0.996,0.9961,0.9959,0.9961,8119.0,0.0039,-0.0039,0.0001102533305085,16,5,Medium,96074.0,108.07368955,3182.63,438.13284332,0.0232913225734344,-0.1094374287307623,TUSD,2,1,-0.004
2025-11-15 17:00:00,0.996,0.9961,0.9959,0.996,5577.0,0.004,-0.004,0.0001176459922684,17,5,Medium,96166.6,49.47321365,3212.91,2000.54194098,-0.0421012618018623,-0.2530018462421559,TUSD,2,1,-0.004
2025-11-15 18:00:00,0.9961,0.9961,0.9959,0.996,8932.0,0.004,-0.004,0.0001274044106163,18,5,Medium,95985.1,14.71249365,3205.74,311.84828332,-0.0922873337151311,-0.3463452806570283,TUSD,2,1,-0.0040999999999999
2025-11-15 19:00:00,0.996,0.996,0.9959,0.9959,13330.0,0.0040999999999999,-0.0040999999999999,0.0001392916856785,19,5,Medium,95939.8,18.40616031,3196.62,479.15462629,-0.1105366931034775,-0.5277426575195338,TUSD,2,1,-0.004
2025-11-15 20:00:00,0.9959,0.996,0.9959,0.996,4908.0,0.004,-0.004,0.0001458980180468,20,5,Medium,95223.0,32.46879736,3169.77,1050.00380763,-0.0598881793407143,-0.5363932960606668,TUSD,2,1,-0.0039
2025-11-15 21:00:00,0.996,0.9961,0.996,0.9961,2215.0,0.0039,-0.0039,0.0001474419554287,21,5,Medium,95180.1,19.06100616,3155.53,786.04323032,-0.0227176874039313,-0.5075878527791741,TUSD,2,1,-0.0039
2025-11-15 22:00:00,0.996,0.9961,0.996,0.9961,1659.0,0.0039,-0.0039,0.0001488482344108,22,5,Medium,95551.6,20.7130343,3169.67,241.13261327,-0.0058123106426322,-0.5070365113703171,TUSD,2,1,-0.0039
2025-11-15 23:00:00,0.9961,0.9961,0.996,0.9961,1904.0,0.0039,-0.0039,0.0001483606057915,23,5,Medium,95537.9,15.53725811,3167.37,836.48454644,0.1280427900971527,-0.508342446812421,TUSD,2,1,-0.004
2025-11-16 00:00:00,0.9961,0.9962,0.996,0.996,13997.0,0.004,-0.004,0.0001510830458453,0,6,Medium,95380.1,23.5823026,3152.61,678.05372181,0.2893397577662849,-0.3974043548946786,TUSD,2,1,-0.0039
2025-11-16 01:00:00,0.9961,0.9962,0.996,0.9961,8965.0,0.0039,-0.0039,0.00014939491412,1,6,Medium,95240.1,32.55912434,3150.5,606.91728831,0.3453697779477617,-0.3589439532826456,TUSD,2,1,-0.0039
2025-11-16 02:00:00,0.9961,0.9962,0.9961,0.9961,8124.0,0.0039,-0.0039,0.0001413572914389,2,6,Medium,95888.8,20.83022666,3199.17,366.25427387,0.2841604311499404,-0.4593372348527919,TUSD,2,1,-0.0039
2025-11-16 03:00:00,0.9961,0.9962,0.9961,0.9961,2014.0,0.0039,-0.0039,0.0001316010652101,3,6,Medium,95766.5,8.55636689,3200.0,544.58079148,0.2090197262758274,-0.5123975766008797,TUSD,2,1,-0.0039
2025-11-16 04:00:00,0.9961,0.9962,0.9961,0.9961,4140.0,0.0039,-0.0039,0.0001274044106087,4,6,Medium,95750.0,4.15125088,3191.96,462.81115753,0.1813636528623604,-0.5195315317394713,TUSD,2,1,-0.004
2025-11-16 05:00:00,0.9961,0.9962,0.996,0.996,6617.0,0.004,-0.004,0.0001250362257722,5,6,Medium,95865.1,17.31547659,3201.66,206.71513166,0.1034922375078188,-0.5718487248643722,TUSD,2,1,-0.004
2025-11-16 06:00:00,0.996,0.9961,0.996,0.996,2541.0,0.004,-0.004,0.0001212853854,6,6,Medium,95750.1,11.88466595,3198.77,494.37849336,0.067404202783672,-0.6101147289396673,TUSD,2,1,-0.004
2025-11-16 07:00:00,0.996,0.9961,0.996,0.996,3525.0,0.004,-0.004,0.0001160178637598,7,6,Medium,96000.0,4.37895255,3215.2,338.6760685,-0.0608774266099896,-0.6503895514386031,TUSD,2,1,-0.0038
2025-11-16 08:00:00,0.996,0.9963,0.9959,0.9962,23324.0,0.0038,-0.0038,9.918143125318689e-05,8,6,Medium,96052.9,31.67936081,3215.97,607.83746067,-0.0505034640328675,-0.4526185642840316,TUSD,2,1,-0.0037
2025-11-16 09:00:00,0.9962,0.9963,0.9962,0.9963,5741.0,0.0037,-0.0037,9.918143125318689e-05,9,6,Medium,96486.0,46.02772186,3244.44,1340.8604067,0.1417573837694845,-0.0517253060125668,TUSD,2,1,-0.0038
2025-11-16 10:00:00,0.9963,0.9963,0.9962,0.9962,2689.0,0.0038,-0.0038,9.168313304560976e-05,10,6,Medium,96375.2,37.74317594,3234.01,1463.83992899,0.2075806614809414,0.1254712032082739,TUSD,2,1,-0.0037
2025-11-16 11:00:00,0.9962,0.9963,0.9962,0.9963,5740.0,0.0037,-0.0037,9.918143125318689e-05,11,6,Medium,95550.0,45.24352963,3165.23,2493.54584294,0.1532271089358615,0.1092047148719182,TUSD,2,1,-0.0037
2025-11-16 12:00:00,0.9962,0.9964,0.9962,0.9963,2295.0,0.0037,-0.0037,0.0001059805823806,12,6,Medium,95643.0,151.36196343,3164.65,137.91648542,0.1104810120970031,0.0714282953643266,TUSD,2,1,-0.0037
2025-11-16 13:00:00,0.9963,0.9964,0.9962,0.9963,14724.0,0.0037,-0.0037,0.0001142080471981,13,6,Medium,95396.0,40.09294773,3151.45,729.44935924,0.0116455795429776,-0.0466039825146484,TUSD,2,1,-0.0037
2025-11-16 14:00:00,0.9964,0.9964,0.9962,0.9963,10832.0,0.0037,-0.0037,0.0001212853854,14,6,Medium,95483.3,15.85261329,3170.55,1047.6892141,-0.0457229675870742,-0.0897932848755768,TUSD,2,1,-0.0036
2025-11-16 15:00:00,0.9963,0.9965,0.9963,0.9964,6454.0,0.0036,-0.0036,0.0001326977597271,15,6,Medium,94430.1,84.6222399,3103.03,2370.05414515,-0.2663459478399954,-0.3152040897087924,TUSD,2,1,-0.0038
2025-11-16 16:00:00,0.9965,0.9965,0.9962,0.9962,33758.0,0.0038,-0.0038,0.00013344650913,16,6,Medium,94154.7,149.00242075,3060.66,5171.8477966,-0.2788021314139415,-0.3156709164182871,TUSD,2,1,-0.0037
2025-11-16 17:00:00,0.9963,0.9964,0.9962,0.9963,14670.0,0.0037,-0.0037,0.0001348643970136,17,6,Medium,94290.1,108.84804826,3077.81,2999.20450977,-0.3246385560732921,-0.3636406792867871,TUSD,2,1,-0.0034999999999999
2025-11-16 18:00:00,0.9964,0.9966,0.9962,0.9965,46296.0,0.0034999999999999,-0.0034999999999999,0.0001498187303346,18,6,Medium,93950.3,102.00184525,3058.06,2876.83913531,-0.4626229016015515,-0.4891378834147732,TUSD,2,1,-0.0034999999999999
2025-11-16 19:00:00,0.9964,0.9966,0.9964,0.9965,9584.0,0.0034999999999999,-0.0034999999999999,0.0001541103493788,19,6,Medium,93962.4,80.23801677,3089.17,1361.63765075,-0.5418615667934359,-0.5437337923441625,TUSD,2,1,-0.0036
2025-11-16 20:00:00,0.9964,0.9965,0.9964,0.9964,6628.0,0.0036,-0.0036,0.0001545798412543,20,6,Medium,94065.4,54.07154623,3087.42,741.42739791,-0.6116129675773381,-0.5894522700955603,TUSD,2,1,-0.0038
2025-11-16 21:00:00,0.9964,0.9965,0.9962,0.9962,23783.0,0.0038,-0.0038,0.000152989531954,21,6,Medium,93402.9,89.13679644,3070.86,757.18700146,-0.5499044334118639,-0.5632367836222688,TUSD,2,1,-0.0038
2025-11-16 22:00:00,0.9962,0.9963,0.9962,0.9962,6335.0,0.0038,-0.0038,0.0001512627996857,22,6,Medium,94110.3,146.36706632,3088.79,1100.09457371,-0.5231372720624136,-0.5431493405070766,TUSD,2,1,-0.0034999999999999
2025-11-16 23:00:00,0.9962,0.9966,0.9962,0.9965,22020.0,0.0034999999999999,-0.0034999999999999,0.0001601063951174,23,6,Medium,94190.1,63.48070681,3093.51,1309.03783914,-0.551142670865265,-0.5675045404749652,TUSD,2,1,-0.0032999999999999
2025-11-17 00:00:00,0.9965,0.9967,0.9964,0.9967,28124.0,0.0032999999999999,-0.0032999999999999,0.0001791687725649,0,0,Medium,95230.0,128.86649787,3133.38,728.18643509,-0.4645568197163174,-0.5317721781030863,TUSD,2,1,-0.0033999999999999
2025-11-17 01:00:00,0.9966,0.9967,0.9966,0.9966,7332.0,0.0033999999999999,-0.0033999999999999,0.0001887698539452,1,0,Medium,94742.2,78.09923455,3112.95,478.35171645,-0.4655500995902382,-0.5435153396991862,TUSD,2,1,-0.0034999999999999
2025-11-17 02:00:00,0.9966,0.9967,0.9965,0.9965,6022.0,0.0034999999999999,-0.0034999999999999,0.0001899179832652,2,0,Medium,94912.0,19.08411647,3147.31,643.25285339,-0.4412746617503273,-0.5099048490516672,TUSD,2,1,-0.0036
2025-11-17 03:00:00,0.9965,0.9965,0.9964,0.9964,5056.0,0.0036,-0.0036,0.0001863065879554,3,0,Medium,95399.9,60.68879082,3173.43,333.70671698,-0.4079743135159167,-0.4707763406064431,TUSD,2,1,-0.0034999999999999
2025-11-17 04:00:00,0.9965,0.9966,0.9964,0.9965,5731.0,0.0034999999999999,-0.0034999999999999,0.0001847442409684,4,0,Medium,95042.5,20.13612701,3182.22,264.84925589,-0.3752135971378878,-0.4060303204551241,TUSD,2,1,-0.0036
2025-11-17 05:00:00,0.9964,0.9965,0.9964,0.9964,948.0,0.0036,-0.0036,0.0001717345434439,5,0,Medium,95090.1,68.80835477,3182.06,608.99357574,-0.3255642026029274,-0.3442599000114952,TUSD,2,1,-0.0034999999999999
2025-11-17 06:00:00,0.9965,0.9965,0.9964,0.9965,5369.0,0.0034999999999999,-0.0034999999999999,0.0001582856519562,6,0,Medium,95205.3,43.99612942,3193.23,373.71320243,-0.2589638895612478,-0.2432704371245339,TUSD,2,1,-0.0036
2025-11-17 07:00:00,0.9965,0.9965,0.9964,0.9964,3918.0,0.0036,-0.0036,0.0001382473096665,7,0,Medium,95620.1,51.53309025,3195.93,385.76566739,-0.1474136428408465,-0.1220108365082712,TUSD,2,1,-0.0033999999999999
2025-11-17 08:00:00,0.9965,0.9966,0.9965,0.9966,7324.0,0.0033999999999999,-0.0033999999999999,0.0001398109482089,8,0,Medium,95543.8,26.68202953,3188.41,256.9689269,-0.0187466436576434,0.0135951295291819,TUSD,2,1,-0.0034999999999999
2025-11-17 09:00:00,0.9966,0.9966,0.9965,0.9965,4934.0,0.0034999999999999,-0.0034999999999999,0.0001398109482095,9,0,Medium,95603.5,53.67959885,3192.54,750.47214728,0.0748576191780687,0.1103200033862017,TUSD,0,1,-0.0033999999999999
2025-11-17 10:00:00,0.9965,0.9967,0.9965,0.9966,29823.0,0.0033999999999999,-0.0033999999999999,0.0001382473096695,10,0,Medium,95570.1,98.63796499,3194.23,259.23461247,0.286631887349667,0.3188672054634221,TUSD,0,1,-0.0033999999999999
2025-11-17 11:00:00,0.9965,0.9966,0.9965,0.9966,14974.0,0.0033999999999999,-0.0033999999999999,0.0001403928228866,11,0,Medium,95479.9,31.56041265,3201.21,243.31201465,0.37188949155985,0.3949917538702237,TUSD,0,1,-0.0034999999999999
2025-11-17 12:00:00,0.9966,0.9966,0.9965,0.9965,11845.0,0.0034999999999999,-0.0034999999999999,0.0001380506095792,12,0,Medium,95226.7,39.80103922,3182.14,268.3701948,0.4496829970342844,0.4368923197063046,TUSD,0,1,-0.0036
2025-11-17 13:00:00,0.9965,0.9971,0.9963,0.9964,79026.0,0.0036,-0.0036,0.0001350657373798,13,0,Medium,93810.0,126.38591722,3117.54,1032.79094073,0.5059242341092461,0.463511173211608,TUSD,0,1,-0.0036
2025-11-17 14:00:00,0.9964,0.9966,0.9964,0.9964,22133.0,0.0036,-0.0036,0.0001318760938862,14,0,Medium,94671.5,219.7048028,3149.44,1871.06921316,0.585642506317406,0.5072692937481258,TUSD,0,1,-0.0034999999999999
2025-11-17 15:00:00,0.9964,0.9966,0.9964,0.9965,20197.0,0.0034999999999999,-0.0034999999999999,0.0001318073905239,15,0,Medium,93826.3,151.83140691,3116.28,1397.29537889,0.5390902017749715,0.4926628898537289,TUSD,0,1,-0.0033999999999999
2025-11-17 16:00:00,0.9964,0.9967,0.9964,0.9966,46649.0,0.0033999999999999,-0.0033999999999999,0.0001232853403839,16,0,Medium,94210.1,136.12550937,3131.66,1922.57400459,0.4683322365178001,0.3975560346486644,TUSD,0,1,-0.0036
2025-11-17 17:00:00,0.9966,0.9966,0.9964,0.9964,10975.0,0.0036,-0.0036,0.0001188715044657,17,0,Medium,92690.1,160.39561584,3055.63,1467.83773377,0.4543410797394686,0.3659568676290209,TUSD,0,1,-0.0036
2025-11-17 18:00:00,0.9964,0.9965,0.9963,0.9964,18930.0,0.0036,-0.0036,0.0001197067664595,18,0,Medium,92460.1,320.22756826,3023.2,4297.33603309,0.4683103207748109,0.4168501344796895,TUSD,0,1,-0.0037
2025-11-17 19:00:00,0.9963,0.9965,0.9963,0.9963,12891.0,0.0037,-0.0037,0.0001244553342604,19,0,Medium,91549.8,313.58105774,2978.68,6388.29802098,0.5386712848676263,0.5030915527652109,TUSD,0,1,-0.0037
2025-11-17 20:00:00,0.9963,0.9966,0.9963,0.9963,31088.0,0.0037,-0.0037,0.0001282547276062,20,0,Medium,91860.0,406.75973152,3003.1,4838.67242007,0.5790607718590794,0.5435807494438558,TUSD,0,1,-0.0031999999999999
2025-11-17 21:00:00,0.9963,0.9968,0.9963,0.9968,41787.0,0.0031999999999999,-0.0031999999999999,0.0001340560117423,21,0,Medium,91830.3,331.85344394,3004.64,2798.14764851,0.2447364338012102,0.2285996685805333,TUSD,2,1,-0.0033999999999999
2025-11-17 22:00:00,0.9967,0.9967,0.9965,0.9966,32721.0,0.0033999999999999,-0.0033999999999999,0.0001215837509188,22,0,Medium,92149.1,118.76734789,3019.63,1620.9820787,0.1826183415787272,0.1323996667304145,TUSD,2,1,-0.0034999999999999
2025-11-17 23:00:00,0.9966,0.9967,0.9965,0.9965,10352.0,0.0034999999999999,-0.0034999999999999,0.0001215837509188,23,0,Medium,92101.3,108.50332231,3025.5,1731.88006185,0.1741379582935959,0.1279336442021948,TUSD,2,1,-0.0037
2025-11-18 00:00:00,0.9965,0.9965,0.9963,0.9963,18141.0,0.0037,-0.0037,0.0001203858522198,0,1,Medium,92054.4,97.23569877,3030.48,718.44153114,0.2080511963771852,0.1907766044729435,TUSD,2,1,-0.0038
2025-11-18 01:00:00,0.9964,0.9964,0.9962,0.9962,21207.0,0.0038,-0.0038,0.0001307725088332,1,1,Medium,91655.6,111.45380304,3015.05,720.36663407,0.2974838989823468,0.2845931853346671,TUSD,2,1,-0.0037
2025-11-18 02:00:00,0.9962,0.9964,0.9962,0.9963,22416.0,0.0037,-0.0037,0.0001348643970369,2,1,Medium,90740.1,156.96728171,2983.74,1397.98695233,0.3575899420665495,0.3365163320417386,TUSD,2,1,-0.0034999999999999
2025-11-18 03:00:00,0.9963,0.9966,0.9962,0.9965,33876.0,0.0034999999999999,-0.0034999999999999,0.0001345281601675,3,1,Medium,90743.9,366.07281439,3022.0,6483.96338927,0.3435985416568043,0.3399512284908896,TUSD,0,1,-0.0032999999999999
2025-11-18 04:00:00,0.9965,0.9967,0.9964,0.9967,23024.0,0.0032999999999999,-0.0032999999999999,0.0001428869009319,4,1,Medium,90002.1,254.85391243,3002.72,1426.99505398,0.1640153264954133,0.230151290017664,TUSD,2,1,-0.0032999999999999
2025-11-18 05:00:00,0.9965,0.9967,0.9965,0.9967,4791.0,0.0032999999999999,-0.0032999999999999,0.000149394914141,5,1,Medium,90125.4,63.71141259,3008.62,589.22953674,0.0686012678134317,0.1849957125712275,TUSD,2,1,-0.0032999999999999
2025-11-18 06:00:00,0.9966,0.9967,0.9966,0.9967,4264.0,0.0032999999999999,-0.0032999999999999,0.0001558055265724,6,1,Medium,89538.6,59.91737524,2986.25,964.9354465,-0.043222578324609,0.1071977647090985,TUSD,2,1,-0.0034999999999999
2025-11-18 07:00:00,0.9966,0.9968,0.9965,0.9965,21125.0,0.0034999999999999,-0.0034999999999999,0.0001545798412729,7,1,Medium,90380.0,76.7037386,3021.77,1281.91737561,-0.0081537175182621,0.152552686240726,TUSD,2,1,-0.0034999999999999
2025-11-18 08:00:00,0.9965,0.9967,0.9965,0.9965,13622.0,0.0034999999999999,-0.0034999999999999,0.0001529895319723,8,1,Medium,91126.8,80.7241705,3057.32,2358.26624127,-0.0573251033100674,0.1133970500372307,TUSD,2,1,-0.0032999999999999
2025-11-18 09:00:00,0.9965,0.9969,0.9965,0.9967,26183.0,0.0032999999999999,-0.0032999999999999,0.0001587998460206,9,1,Medium,91329.3,166.45936108,3057.2,661.1465406,-0.0937133989995401,0.1124738962914903,TUSD,2,1,-0.0032999999999999
2025-11-18 10:00:00,0.9967,0.9968,0.9967,0.9967,1370.0,0.0032999999999999,-0.0032999999999999,0.0001627993334762,10,1,Medium,91485.9,167.52407766,3062.72,669.62662501,-0.1753759123736283,0.069706617595846,TUSD,2,1,-0.0032999999999999
2025-11-18 11:00:00,0.9968,0.9968,0.9967,0.9967,5457.0,0.0032999999999999,-0.0032999999999999,0.0001665941865143,11,1,Medium,91410.1,46.78971984,3052.27,247.94876278,-0.2672473112091376,0.0139521121056145,TUSD,2,1,-0.0033999999999999
2025-11-18 12:00:00,0.9968,0.9968,0.9966,0.9966,7772.0,0.0033999999999999,-0.0033999999999999,0.0001676240611577,12,1,Medium,91339.2,99.45387643,3046.38,878.70961365,-0.3020439788415941,0.0257736557324734,TUSD,2,1,-0.0034999999999999
2025-11-18 13:00:00,0.9967,0.9967,0.9965,0.9965,7112.0,0.0034999999999999,-0.0034999999999999,0.0001659404461733,13,1,Medium,91390.0,100.18505169,3045.25,456.55194626,-0.2715778978941717,0.0807173892691038,TUSD,2,1,-0.0034999999999999
2025-11-18 14:00:00,0.9965,0.9966,0.9965,0.9965,7134.0,0.0034999999999999,-0.0034999999999999,0.0001641292344139,14,1,Medium,91307.6,162.68902336,3054.79,1394.9042839,-0.22794411500426,0.189702369902578,TUSD,2,1,-0.0033999999999999
2025-11-18 15:00:00,0.9966,0.9966,0.9965,0.9966,24656.0,0.0033999999999999,-0.0033999999999999,0.0001648451177189,15,1,Medium,92873.7,278.14022303,3105.12,7167.21408,-0.2024557898532801,0.2481675426278536,TUSD,2,1,-0.0031999999999999
2025-11-18 16:00:00,0.9965,0.997,0.9965,0.9968,79277.0,0.0031999999999999,-0.0031999999999999,0.0001736229458587,16,1,Medium,93439.9,282.14555928,3150.13,3988.25332207,-0.119081906900161,0.3813118153791993,TUSD,2,1,-0.0036
2025-11-18 17:00:00,0.9967,0.9968,0.9964,0.9964,12357.0,0.0036,-0.0036,0.0001736229458587,17,1,Medium,93186.3,75.653698,3133.74,2256.60199229,-0.1321966912664788,0.278517681907542,TUSD,2,1,-0.0037
2025-11-18 18:00:00,0.9964,0.9965,0.9963,0.9963,9123.0,0.0037,-0.0037,0.0001781039423626,18,1,Medium,93278.5,62.24836881,3159.23,1739.01715052,-0.1909337198664636,0.0909330993442773,TUSD,2,1,-0.0034999999999999
2025-11-18 19:00:00,0.9964,0.9966,0.9963,0.9965,15401.0,0.0034999999999999,-0.0034999999999999,0.0001714706205318,19,1,Medium,93139.8,76.67760043,3143.41,2739.39458804,-0.2023339290609353,-0.0017703770558408,TUSD,2,1,-0.0036
2025-11-18 20:00:00,0.9964,0.9965,0.9964,0.9964,7947.0,0.0036,-0.0036,0.0001665941865162,20,1,Medium,92785.1,61.82516001,3120.47,2578.53344755,-0.2284934351038745,-0.1064975136853589,TUSD,2,1,-0.0036
2025-11-18 21:00:00,0.9965,0.9966,0.9964,0.9964,6267.0,0.0036,-0.0036,0.0001594828592701,21,1,Medium,92440.0,43.9727423,3097.06,2092.42560544,-0.2736183949141055,-0.0686289244070872,TUSD,2,1,-0.0036
2025-11-18 22:00:00,0.9964,0.9965,0.9964,0.9964,3511.0,0.0036,-0.0036,0.0001606147603472,22,1,Medium,93100.0,56.72258891,3123.0,719.88228607,-0.3127580161655762,-0.0887881258591164,TUSD,2,1,-0.0037
2025-11-18 23:00:00,0.9964,0.9964,0.9963,0.9963,3391.0,0.0037,-0.0037,0.0001665941865143,23,1,Medium,92966.1,42.27094917,3122.0,224.16154047,-0.3527743069753644,-0.1454516844517335,TUSD,2,1,-0.0037
2025-11-19 00:00:00,0.9963,0.9964,0.9963,0.9963,3735.0,0.0037,-0.0037,0.0001665941865143,0,2,Medium,92384.5,60.12574706,3099.1,869.90098924,-0.3663814983634917,-0.2149731416640679,TUSD,2,1,-0.0037
2025-11-19 01:00:00,0.9963,0.9964,0.9963,0.9963,10346.0,0.0037,-0.0037,0.000159653156019,1,2,Medium,92378.1,28.28497525,3102.49,215.08031011,-0.4180849804140047,-0.3512093011326032,TUSD,2,1,-0.0037
2025-11-19 02:00:00,0.9963,0.9964,0.9963,0.9963,4470.0,0.0037,-0.0037,0.000159653156019,2,2,Medium,92517.1,39.10103426,3112.68,195.90411415,-0.5111565246004369,-0.5210214916629197,TUSD,2,1,-0.0037
2025-11-19 03:00:00,0.9963,0.9964,0.9963,0.9963,7645.0,0.0037,-0.0037,0.0001654484457397,3,2,Medium,92450.0,0.44402261,3112.92,6.30606564,-0.5302611646913693,-0.5521550441317331,TUSD,2,1,-0.0036
2025-11-19 04:00:00,0.9963,0.9965,0.9963,0.9964,12396.0,0.0036,-0.0036,0.0001612900881805,4,2,Medium,91417.6,163.13604941,3065.0,2164.66065942,-0.4663641142775301,-0.4950909522038348,TUSD,2,1,-0.0036
2025-11-19 05:00:00,0.9963,0.9965,0.9963,0.9964,9235.0,0.0036,-0.0036,0.0001559798382367,5,2,Medium,90350.0,301.17253046,3014.79,2039.43106658,-0.3468030453528106,-0.3805024267616856,TUSD,2,1,-0.0036
2025-11-19 06:00:00,0.9964,0.9965,0.9964,0.9964,4976.0,0.0036,-0.0036,0.00014939491414,6,2,Medium,90924.4,120.54526916,3040.0,759.92116352,-0.2052763307025362,-0.2531224195366688,TUSD,2,1,-0.0038
2025-11-19 07:00:00,0.9964,0.9965,0.9958,0.9962,102414.0,0.0038,-0.0038,0.0001587427955949,7,2,Medium,91852.2,97.1747273,3082.85,997.90058793,-0.1679252673753676,-0.2235690364387199,TUSD,2,1,-0.0039
2025-11-19 08:00:00,0.9962,0.9963,0.9961,0.9961,6636.0,0.0039,-0.0039,0.0001739877550895,8,2,Medium,91418.0,47.06875854,3077.63,222.99562923,-0.069527241299271,-0.1669218927876433,TUSD,2,1,-0.0038
2025-11-19 09:00:00,0.9961,0.9962,0.9961,0.9962,2628.0,0.0038,-0.0038,0.0001711004445029,9,2,Medium,91385.8,153.09666828,3083.77,306.44293356,0.0430454118160058,-0.0993809847074313,TUSD,2,1,-0.0039
2025-11-19 10:00:00,0.9962,0.9962,0.9961,0.9961,4684.0,0.0039,-0.0039,0.0001717345434471,10,2,Medium,91259.9,53.75542346,3088.88,723.106736,0.1738985040688522,-0.0342325898672281,TUSD,2,1,-0.0038
2025-11-19 11:00:00,0.9961,0.9963,0.9961,0.9962,3878.0,0.0038,-0.0038,0.0001627993334686,11,2,Medium,91366.0,23.22726969,3080.97,699.45016138,0.2941089752062076,0.0745728764970426,TUSD,2,1,-0.0038
2025-11-19 12:00:00,0.9963,0.9963,0.9962,0.9962,9137.0,0.0038,-0.0038,0.000158742795589,12,2,Medium,91701.0,72.14709999,3097.75,507.77181641,0.3868821125561861,0.1658020878863832,TUSD,2,1,-0.0037
2025-11-19 13:00:00,0.9962,0.9963,0.9962,0.9963,4188.0,0.0037,-0.0037,0.0001559798382288,13,2,Medium,91315.4,51.70055082,3065.22,369.63429546,0.4414492550313454,0.2487342989542948,TUSD,0,1,-0.0038
2025-11-19 14:00:00,0.9962,0.9963,0.9961,0.9962,7938.0,0.0038,-0.0038,0.0001551063209647,14,2,Medium,91669.7,67.41475709,3059.18,1207.68866529,0.51542340557211,0.3507280484819488,TUSD,0,1,-0.0038
2025-11-19 15:00:00,0.9961,0.9963,0.9961,0.9962,21083.0,0.0038,-0.0038,0.0001464557105433,15,2,Medium,89881.5,297.83167018,2971.18,5986.47503746,0.5064729519696994,0.3845218618713278,TUSD,0,1,-0.0039
2025-11-19 16:00:00,0.9962,0.9962,0.996,0.9961,14783.0,0.0039,-0.0039,0.0001115600822956,16,2,Medium,89846.9,275.80371931,2948.15,2608.76131839,0.5103899608067219,0.4087798301387052,TUSD,0,1,-0.0033999999999999
2025-11-19 17:00:00,0.996,0.9989,0.9959,0.9966,167283.0,0.0033999999999999,-0.0033999999999999,0.0001267629297853,17,2,Medium,89444.8,348.22329421,2920.77,3489.01494848,0.1407433304122795,-0.0122510970576923,TUSD,2,1,-0.0037
2025-11-19 18:00:00,0.9965,0.9972,0.996,0.9963,177943.0,0.0037,-0.0037,0.0001267629297853,18,2,Medium,89135.3,299.07687215,2895.57,4364.56333507,0.1272050514632293,-0.0165135341917295,TUSD,2,1,-0.0039
2025-11-19 19:00:00,0.9962,0.9963,0.9961,0.9961,23826.0,0.0039,-0.0039,0.0001250362257857,19,2,Medium,88777.9,507.09761092,2878.16,7939.37525556,0.16145715253582,0.0579152571948611,TUSD,2,1,-0.0038
2025-11-19 20:00:00,0.9961,0.9963,0.996,0.9962,13838.0,0.0038,-0.0038,0.0001232853403689,20,2,Medium,89477.1,293.47439132,2943.68,5206.27295062,0.1472382422906877,0.0524265664872632,TUSD,2,1,-0.0031999999999999
2025-11-19 21:00:00,0.9962,0.9989,0.9962,0.9968,228297.0,0.0031999999999999,-0.0031999999999999,0.0001623536123406,21,2,Medium,90508.7,218.76457796,2988.74,7117.63735707,0.0037465929542844,-0.0826188866760489,TUSD,2,1,-0.0028
2025-11-19 22:00:00,0.9968,0.9973,0.9968,0.9972,23593.0,0.0028,-0.0028,0.0002466808648109,22,2,Medium,90373.2,91.95419055,2981.64,1670.43284259,-0.1235038443858129,-0.1927897834333618,TUSD,2,1,-0.0031999999999999
2025-11-19 23:00:00,0.997,0.9972,0.9968,0.9968,20791.0,0.0031999999999999,-0.0031999999999999,0.0002652589652198,23,2,Medium,91427.7,173.40160508,3022.4,2332.8707115,-0.083195496029882,-0.1895842621781148,TUSD,2,1,-0.0030999999999999
2025-11-20 00:00:00,0.9969,0.997,0.9968,0.9969,5604.0,0.0030999999999999,-0.0030999999999999,0.0002884240031385,0,3,Medium,91800.1,161.92481793,3016.46,1241.01705039,-0.0026753437591598,-0.1841848175125928,TUSD,2,1,-0.0029
2025-11-20 01:00:00,0.9969,0.9971,0.9968,0.9971,12050.0,0.0029,-0.0029,0.000324372303217,1,3,Medium,92448.9,56.47027267,3041.94,520.15703959,0.1469278953497751,-0.1332282033013941,TUSD,2,1,-0.003
2025-11-20 02:00:00,0.9969,0.9973,0.9969,0.997,17746.0,0.003,-0.003,0.0003457558404999,2,3,Medium,92510.6,78.75594932,3041.31,529.82542436,0.266138738466039,-0.0902163013257609,TUSD,2,1,-0.003
2025-11-20 03:00:00,0.997,0.9971,0.997,0.997,6801.0,0.003,-0.003,0.0003634576303593,3,3,Medium,92396.4,110.00376383,3037.03,240.88938675,0.368241716441477,-0.0469456007449244,TUSD,2,1,-0.0030999999999999
2025-11-20 04:00:00,0.997,0.997,0.9968,0.9969,7816.0,0.0030999999999999,-0.0030999999999999,0.0003741415291696,4,3,Medium,92872.5,66.68808197,3051.02,611.77898454,0.4233366229359468,-0.0141405004717326,TUSD,2,1,-0.0030999999999999
2025-11-20 05:00:00,0.9969,0.997,0.9968,0.9969,3354.0,0.0030999999999999,-0.0030999999999999,0.0003833490857312,5,3,Medium,92532.7,33.21126953,3032.56,1148.89608163,0.4547021908010462,-0.0038850687466715,TUSD,2,1,-0.003
2025-11-20 06:00:00,0.9969,0.997,0.9969,0.997,4186.0,0.003,-0.003,0.0003959029303087,6,3,Medium,91864.9,35.02704794,3018.1,747.50689708,0.4686358288704784,0.0004198250081534,TUSD,2,1,-0.0030999999999999
2025-11-20 07:00:00,0.9969,0.997,0.9969,0.9969,3561.0,0.0030999999999999,-0.0030999999999999,0.000396702896635,7,3,Medium,92255.1,19.56408681,3037.01,386.59549415,0.5213000955247924,0.0528468495691831,TUSD,2,1,-0.0030999999999999
2025-11-20 08:00:00,0.997,0.997,0.9969,0.9969,1649.0,0.0030999999999999,-0.0030999999999999,0.0003904428920691,8,3,Medium,92000.1,28.20566584,3028.13,158.63119571,0.5610427684737437,0.1170727772940993,TUSD,2,1,-0.0030999999999999
2025-11-20 09:00:00,0.9969,0.997,0.9969,0.9969,7714.0,0.0030999999999999,-0.0030999999999999,0.0003863616985581,9,3,Medium,91795.0,29.00177979,3008.63,500.78975374,0.5885401202994209,0.1749211950709379,TUSD,2,1,-0.0031999999999999
2025-11-20 10:00:00,0.9969,0.997,0.9968,0.9968,7275.0,0.0031999999999999,-0.0031999999999999,0.0003718101039746,10,3,Medium,91705.0,70.97593227,3011.8,497.3644682,0.620365718286707,0.2780969846073834,TUSD,0,1,-0.0031999999999999
2025-11-20 11:00:00,0.997,0.9971,0.9968,0.9968,29794.0,0.0031999999999999,-0.0031999999999999,0.0003605300040951,11,3,Medium,91873.0,59.32539572,3021.15,307.04559284,0.6515619065177577,0.3784350166954112,TUSD,0,1,-0.0030999999999999
2025-11-20 12:00:00,0.9968,0.9969,0.9968,0.9969,2093.0,0.0030999999999999,-0.0030999999999999,0.0003489113501022,12,3,Medium,91767.8,51.0535725,3025.24,1193.34632813,0.7072904630388117,0.5409120416177803,TUSD,0,1,-0.0030999999999999
2025-11-20 13:00:00,0.9969,0.9969,0.9968,0.9969,15507.0,0.0030999999999999,-0.0030999999999999,0.000340396188306,13,3,Medium,91471.9,42.21391454,2996.47,2555.91421147,0.7322666325280832,0.6422541150712386,TUSD,0,1,-0.003
2025-11-20 14:00:00,0.9968,0.9971,0.9968,0.997,27200.0,0.003,-0.003,0.0003255986679181,14,3,Medium,91008.6,217.50347847,2998.14,1558.67625176,0.7870065623576568,0.7891887410404558,TUSD,0,1,-0.0030999999999999
2025-11-20 15:00:00,0.9969,0.997,0.9969,0.9969,10073.0,0.0030999999999999,-0.0030999999999999,0.0003040487657776,15,3,Medium,89755.2,273.87030723,2952.94,1486.8052537,0.7280155337210023,0.7764680427217695,TUSD,0,1,-0.0030999999999999
2025-11-20 16:00:00,0.9969,0.997,0.9967,0.9969,43855.0,0.0030999999999999,-0.0030999999999999,0.0002669948158328,16,3,Medium,87769.5,845.5303591,2860.71,6276.59270526,0.584894668626718,0.6434431076039777,TUSD,0,1,-0.0032999999999999
2025-11-20 17:00:00,0.9969,0.9969,0.9967,0.9967,21453.0,0.0032999999999999,-0.0032999999999999,0.0002641639803101,17,3,Medium,87151.5,1228.49613057,2830.97,5359.30472019,0.533553806995973,0.5815817984688789,TUSD,2,1,-0.0031999999999999
2025-11-20 18:00:00,0.9967,0.9969,0.9967,0.9968,12541.0,0.0031999999999999,-0.0031999999999999,0.0002395270093409,18,3,Medium,86438.3,422.84618947,2813.3,3215.21598155,0.4329290691973378,0.4639603523297707,TUSD,2,1,-0.0027
2025-11-20 19:00:00,0.9968,0.9975,0.9967,0.9973,68486.0,0.0027,-0.0027,0.0001988645298895,19,3,Medium,86801.0,289.3332926,2844.33,3551.5093585,0.1041328330201719,0.1089451003462996,TUSD,2,1,-0.0029
2025-11-20 20:00:00,0.9973,0.9975,0.9971,0.9971,15004.0,0.0029,-0.0029,0.0001372609904879,20,3,Medium,86300.0,613.04328449,2833.15,4876.94593384,-0.1225841343182085,-0.0744674628370558,TUSD,2,1,-0.0029
2025-11-20 21:00:00,0.9972,0.9972,0.997,0.9971,10133.0,0.0029,-0.0029,0.000138247309704,21,3,Medium,87199.9,118.93714018,2876.27,3532.85988199,-0.1947154847819926,-0.1274850165370236,TUSD,2,1,-0.0030999999999999
2025-11-20 22:00:00,0.9971,0.9975,0.9969,0.9969,33969.0,0.0030999999999999,-0.0030999999999999,0.0001274044106676,22,3,Medium,87975.8,91.58242122,2883.01,912.35187484,-0.1854963513758613,-0.1305007923945787,TUSD,2,1,-0.003
2025-11-20 23:00:00,0.9969,0.9971,0.9969,0.997,6384.0,0.003,-0.003,0.0001248187083119,23,3,Medium,86503.0,208.53458259,2830.0,1722.22743799,-0.1930603355666414,-0.1302157769158183,TUSD,2,1,-0.003
2025-11-21 00:00:00,0.997,0.9972,0.997,0.997,18771.0,0.003,-0.003,0.000125036225834,0,4,Medium,87120.6,157.55718893,2857.76,689.87975451,-0.2020954808651003,-0.1398947827923161,TUSD,2,1,-0.0030999999999999
2025-11-21 01:00:00,0.997,0.9971,0.9969,0.9969,1995.0,0.0030999999999999,-0.0030999999999999,0.0001209113932475,1,4,Medium,86993.2,76.49935634,2858.81,370.00140622,-0.2461165305188328,-0.186826815997693,TUSD,2,1,-0.0028
2025-11-21 02:00:00,0.997,0.9972,0.9968,0.9972,28989.0,0.0028,-0.0028,0.0001318073905576,2,4,Medium,85399.9,218.22921927,2783.63,2587.56130238,-0.379141753371327,-0.33176566055273,TUSD,2,1,-0.0029
2025-11-21 03:00:00,0.9972,0.9972,0.9971,0.9971,4124.0,0.0029,-0.0029,0.000135132784198,3,4,Medium,85777.0,139.22815095,2806.55,684.99259143,-0.4511335169195145,-0.4043328391807891,TUSD,2,1,-0.0028
2025-11-21 04:00:00,0.9971,0.9972,0.9971,0.9972,6182.0,0.0028,-0.0028,0.0001438976078301,4,4,Medium,85942.4,91.12064909,2816.1,704.93832233,-0.4942883674597285,-0.4460644606083546,TUSD,2,1,-0.003
2025-11-21 05:00:00,0.9971,0.9972,0.997,0.997,4446.0,0.003,-0.003,0.0001434562997749,5,4,Medium,86047.9,64.60081554,2806.44,368.20183629,-0.4887971678503259,-0.4377661075387665,TUSD,2,1,-0.0029
2025-11-21 06:00:00,0.997,0.9974,0.997,0.9971,29723.0,0.0029,-0.0029,0.0001458980180959,6,4,Medium,85500.0,63.12583191,2787.62,1304.83919434,-0.5420934002134336,-0.4912641983114915,TUSD,2,1,-0.0024999999999999
2025-11-21 07:00:00,0.9972,1.0523,0.995,0.9975,1397785.0,0.0024999999999999,-0.0024999999999999,0.0001805286113358,7,4,Medium,83929.4,993.21189358,2717.57,9394.52167984,-0.6126402416830262,-0.5881185456422068,TUSD,2,1,-0.0028
2025-11-21 08:00:00,0.9974,0.9977,0.9972,0.9972,40935.0,0.0028,-0.0028,0.0001839580917249,8,4,Medium,83549.6,427.58236543,2735.23,1530.00184711,-0.6373440676970145,-0.6128465610524039,TUSD,2,1,-0.0026
2025-11-21 09:00:00,0.9974,0.9976,0.9972,0.9974,51547.0,0.0026,-0.0026,0.0001988645298955,9,4,Medium,82099.1,511.4833352,2678.42,2472.75303924,-0.696483100920796,-0.6702994066274016,TUSD,2,1,-0.0024999999999999
2025-11-21 10:00:00,0.9974,0.9976,0.9973,0.9975,30753.0,0.0024999999999999,-0.0024999999999999,0.0002145098891787,10,4,Medium,82624.9,342.58637953,2694.35,1507.55907402,-0.718246892346984,-0.6918445409452191,TUSD,2,1,-0.0026
2025-11-21 11:00:00,0.9974,0.9976,0.9974,0.9974,36900.0,0.0026,-0.0026,0.0002180280525215,11,4,Medium,82214.4,142.88148827,2684.84,1148.16886024,-0.72706695677443,-0.6990311149040704,TUSD,2,1,-0.0024999999999999
2025-11-21 12:00:00,0.9973,0.9975,0.9973,0.9975,23344.0,0.0024999999999999,-0.0024999999999999,0.0002301543271274,12,4,Medium,83167.3,574.26435058,2722.89,3140.40591326,-0.7514502658742063,-0.7201117162793179,TUSD,2,1,-0.0023999999999999
2025-11-21 13:00:00,0.9974,0.9978,0.9974,0.9976,45234.0,0.0023999999999999,-0.0023999999999999,0.0002463869346016,13,4,Medium,84055.9,261.22530148,2738.7,1767.04521912,-0.7548307163772185,-0.7217944147530352,TUSD,2,1,-0.0026
2025-11-21 14:00:00,0.9976,0.9976,0.9974,0.9974,14239.0,0.0026,-0.0026,0.0002501810934377,14,4,Medium,84800.1,429.58234297,2768.78,2736.13634661,-0.8011143339881238,-0.7692789064887132,TUSD,2,1,-0.0024999999999999
2025-11-21 15:00:00,0.9975,0.9975,0.9974,0.9975,6940.0,0.0024999999999999,-0.0024999999999999,0.0002536330221973,15,4,Medium,82836.6,449.589762,2701.64,2410.29682775,-0.8213308221213613,-0.7912231846473171,TUSD,2,-1,-0.0026
2025-11-21 16:00:00,0.9975,0.9976,0.9974,0.9974,8943.0,0.0026,-0.0026,0.0002502172964776,16,4,Medium,84814.7,267.39941873,2759.74,3446.05699923,-0.8052483219251326,-0.77916638051259,TUSD,2,1,-0.0024999999999999
2025-11-21 17:00:00,0.9974,0.9976,0.9974,0.9975,3786.0,0.0024999999999999,-0.0024999999999999,0.000233436829631,17,4,Medium,84820.0,377.87895488,2777.4,2558.0498676,-0.7868523204890971,-0.7773613309264286,TUSD,2,1,-0.0024999999999999
2025-11-21 18:00:00,0.9975,0.9976,0.9975,0.9975,3175.0,0.0024999999999999,-0.0024999999999999,0.0002203011768039,18,4,Medium,84517.2,470.72789306,2778.33,2090.69941463,-0.789259148930485,-0.785847511320377,TUSD,2,1,-0.0026
2025-11-21 19:00:00,0.9976,0.9976,0.9974,0.9974,16563.0,0.0026,-0.0026,0.0002219805444728,19,4,Medium,84165.1,126.70543496,2750.2,2247.39087953,-0.8197422382155057,-0.8155218412483219,TUSD,2,1,-0.0026
2025-11-21 20:00:00,0.9973,0.9974,0.9973,0.9974,5387.0,0.0026,-0.0026,0.0002206298620715,20,4,Medium,84525.5,131.71980806,2734.83,867.04234586,-0.813361230930493,-0.8129633799911943,TUSD,2,-1,-0.0027
2025-11-21 21:00:00,0.9973,0.9974,0.9973,0.9973,2724.0,0.0027,-0.0027,0.0002173206402428,21,4,Medium,85127.6,139.03568413,2765.22,975.54117964,-0.8091391158961722,-0.8178604959964428,TUSD,2,1,-0.0027
2025-11-21 22:00:00,0.9974,0.9974,0.9973,0.9973,19602.0,0.0027,-0.0027,0.0002010389675484,22,4,Medium,84241.1,51.94612882,2720.9,352.53277557,-0.7715679585608576,-0.7714680178781808,TUSD,2,-1,-0.0026
2025-11-21 23:00:00,0.9973,0.9974,0.9973,0.9974,5277.0,0.0026,-0.0026,0.0001910592133213,23,4,Medium,85069.4,100.66798693,2765.39,327.09238567,-0.7367626522571274,-0.7432193778305084,TUSD,2,1,-0.0026
2025-11-22 00:00:00,0.9974,0.9975,0.9973,0.9974,8163.0,0.0026,-0.0026,0.0001789158164391,0,5,Medium,84687.5,154.38729577,2764.58,389.59891412,-0.6881002357635805,-0.6929928046220918,TUSD,2,1,-0.0026
2025-11-22 01:00:00,0.9975,0.9975,0.9974,0.9974,4849.0,0.0026,-0.0026,0.0001529895320231,1,5,Medium,85042.3,110.01096545,2772.66,376.53171406,-0.5878821499625496,-0.5736498350810304,TUSD,2,1,-0.0026
2025-11-22 02:00:00,0.9975,0.9975,0.9974,0.9974,9493.0,0.0026,-0.0026,0.0001493949141941,2,5,Medium,84426.4,31.079987,2751.07,212.11694659,-0.5682092535849141,-0.5558886207505427,TUSD,2,1,-0.0026
2025-11-22 03:00:00,0.9975,0.9975,0.9974,0.9974,1882.0,0.0026,-0.0026,0.0001382473097321,3,5,Medium,84404.4,52.5032618,2751.0,143.04999787,-0.5196695036805701,-0.4955062785815105,TUSD,2,1,-0.0026
2025-11-22 04:00:00,0.9975,0.9975,0.9974,0.9974,4047.0,0.0026,-0.0026,0.0001329023825444,4,5,Medium,84176.5,222.1216545,2745.35,267.62248851,-0.4720803578547657,-0.4366362404360137,TUSD,2,1,-0.0026
2025-11-22 05:00:00,0.9975,0.9975,0.9974,0.9974,2691.0,0.0026,-0.0026,0.0001041702888706,5,5,Medium,84236.5,53.18327917,2741.56,136.7010316,-0.3185657237913135,-0.2638459571328534,TUSD,2,1,-0.0024999999999999
2025-11-22 06:00:00,0.9975,0.9976,0.9974,0.9975,6769.0,0.0024999999999999,-0.0024999999999999,8.329709241874524e-05,6,5,Medium,84600.1,87.98630605,2764.04,143.02565463,-0.1354813659857779,-0.0502884804835198,TUSD,2,1,-0.0026
2025-11-22 07:00:00,0.9976,0.9976,0.9974,0.9974,23243.0,0.0026,-0.0026,8.164965691850469e-05,7,5,Medium,84525.4,11.76232613,2755.0,180.69487676,-0.1340569173748991,-0.0200806954715697,TUSD,2,1,-0.0026
2025-11-22 08:00:00,0.9975,0.9975,0.9974,0.9974,6005.0,0.0026,-0.0026,6.75663910512501e-05,8,5,Medium,83961.6,97.2679517,2729.42,345.98393959,-0.2529496895784565,-0.0536760866429487,TUSD,2,1,-0.0026
2025-11-22 09:00:00,0.9975,0.9975,0.9974,0.9974,2972.0,0.0026,-0.0026,6.75663910512501e-05,9,5,Medium,83840.6,102.94548054,2723.28,249.08358848,-0.3247735228845152,-0.087746618738669,TUSD,2,1,-0.0024999999999999
2025-11-22 10:00:00,0.9974,0.9976,0.9974,0.9975,29851.0,0.0024999999999999,-0.0024999999999999,6.75663910512501e-05,10,5,Medium,83689.5,194.63238323,2711.41,278.08816946,-0.2828067942049239,-0.0587650538779121,TUSD,2,1,-0.0026
2025-11-22 11:00:00,0.9975,0.9976,0.9974,0.9974,9060.0,0.0026,-0.0026,6.75663910512501e-05,11,5,Medium,84046.8,37.70666031,2733.38,304.42078836,-0.407771918450537,-0.1046611281670486,TUSD,2,1,-0.0027
2025-11-22 12:00:00,0.9975,0.9975,0.9973,0.9973,35792.0,0.0027,-0.0027,7.019641045044233e-05,12,5,Medium,83844.6,84.57057877,2719.67,210.78157152,-0.2447237909748157,0.0494606915342469,TUSD,2,1,-0.0026
2025-11-22 13:00:00,0.9973,0.9974,0.9973,0.9974,1897.0,0.0026,-0.0026,5.835920586803499e-05,13,5,Medium,83912.8,59.63210582,2717.27,70.76953966,-0.2056810525290627,0.1176284187151699,TUSD,2,1,-0.0026
2025-11-22 14:00:00,0.9974,0.9975,0.9973,0.9974,8215.0,0.0026,-0.0026,5.835920586803499e-05,14,5,Medium,84431.0,27.10287427,2743.8,236.65972249,-0.204653781035452,0.1276643442340044,TUSD,2,1,-0.0027
2025-11-22 15:00:00,0.9973,0.9974,0.9973,0.9973,822.0,0.0027,-0.0027,5.897678083380112e-05,15,5,Medium,84242.5,27.16176399,2737.59,604.27259342,0.0311462714807254,0.3270538812605449,TUSD,2,1,-0.0027
2025-11-22 16:00:00,0.9973,0.9974,0.9973,0.9973,5856.0,0.0027,-0.0027,6.240935301789999e-05,16,5,Medium,84677.8,38.47180939,2753.45,630.27898441,-0.0214461046525894,0.2853203195985486,TUSD,2,1,-0.0027
2025-11-22 17:00:00,0.9973,0.9974,0.9973,0.9973,2441.0,0.0027,-0.0027,6.123724199975239e-05,17,5,Medium,84564.9,46.31106426,2749.53,341.83647311,-0.1403357252443836,0.162211009605419,TUSD,2,1,-0.0027
2025-11-22 18:00:00,0.9973,0.9974,0.9973,0.9973,764.0,0.0027,-0.0027,5.8822994952030575e-05,18,5,Medium,84580.1,24.22275164,2751.11,178.22808802,-0.2093585848295648,-0.0125508680542698,TUSD,2,1,-0.0027
2025-11-22 19:00:00,0.9973,0.9974,0.9973,0.9973,1579.0,0.0027,-0.0027,6.079187430431136e-05,19,5,Medium,84555.8,41.06891539,2750.06,178.85565823,-0.2181673169814323,-0.0382980898948373,TUSD,2,1,-0.0026
2025-11-22 20:00:00,0.9974,0.9974,0.9973,0.9974,1914.0,0.0026,-0.0026,6.079187430431136e-05,20,5,Medium,84413.6,21.04063132,2739.4,546.95558952,-0.2238565009441746,-0.033690471691537,TUSD,2,1,-0.0026
2025-11-22 21:00:00,0.9974,0.9975,0.9974,0.9974,1993.0,0.0026,-0.0026,5.8822994952030575e-05,21,5,Medium,84363.1,17.42245305,2745.0,92.98532733,-0.1325266267408834,0.0401848712676619,TUSD,2,1,-0.0026
2025-11-22 22:00:00,0.9975,0.9975,0.9974,0.9974,3527.0,0.0026,-0.0026,5.6465968554204554e-05,22,5,Medium,85046.2,39.94301245,2788.09,608.60272544,-0.1248063670406094,-0.0089441919141709,TUSD,2,1,-0.0029
2025-11-22 23:00:00,0.9974,0.9989,0.995,0.9971,564266.0,0.0029,-0.0029,8.064504321935167e-05,23,5,Medium,84679.9,17.39289258,2767.09,235.39060551,-0.2406350282207614,-0.1921848283307445,TUSD,2,1,-0.0027
2025-11-23 00:00:00,0.9971,0.9974,0.994,0.9973,126047.0,0.0027,-0.0027,8.164965691317866e-05,0,6,Medium,84878.9,29.11239065,2771.19,219.13095401,-0.295513414432639,-0.2521662413614146,TUSD,2,1,-0.0027
2025-11-23 01:00:00,0.9973,0.9974,0.9972,0.9973,10519.0,0.0027,-0.0027,8.242255800549998e-05,1,6,Medium,85802.9,135.9809156,2804.33,358.87958225,-0.3719224499371401,-0.3300615159791831,TUSD,2,1,-0.0027
2025-11-23 02:00:00,0.9973,0.9973,0.9972,0.9973,1189.0,0.0027,-0.0027,8.297022223811525e-05,2,6,Medium,85971.2,233.12026406,2818.75,1138.19068915,-0.3887925693963805,-0.3582572105381099,TUSD,2,1,-0.0028
2025-11-23 03:00:00,0.9973,0.9973,0.9972,0.9972,1534.0,0.0028,-0.0028,8.846517260257099e-05,3,6,Medium,86248.8,27.63381573,2822.66,375.22687877,-0.5005972505099772,-0.4711012181721336,TUSD,2,1,-0.0028
2025-11-23 04:00:00,0.9973,0.9974,0.9972,0.9972,3236.0,0.0028,-0.0028,9.286112325796969e-05,4,6,Medium,86532.5,67.59448009,2826.01,999.56637197,-0.5674290333619679,-0.541144678870196,TUSD,2,1,-0.0027
2025-11-23 05:00:00,0.9972,0.9973,0.9972,0.9973,2611.0,0.0027,-0.0027,9.237211972513188e-05,5,6,Medium,86295.8,23.60940972,2823.4,216.86857187,-0.5467532821843417,-0.5266180581524447,TUSD,2,1,-0.0028
2025-11-23 06:00:00,0.9972,0.9973,0.9972,0.9972,370.0,0.0028,-0.0028,8.968543955130352e-05,6,6,Medium,85861.0,45.53100447,2809.6,239.68064383,-0.6088216057172329,-0.61145735596881,TUSD,2,1,-0.0027
2025-11-23 07:00:00,0.9972,0.9973,0.9972,0.9973,1947.0,0.0027,-0.0027,8.836272302877953e-05,7,6,Medium,85735.5,30.37767875,2792.37,206.97244937,-0.6038808636527268,-0.6137272388651904,TUSD,2,1,-0.0028
2025-11-23 08:00:00,0.9972,0.9973,0.9972,0.9972,1676.0,0.0028,-0.0028,8.998792081929026e-05,8,6,Medium,86104.0,23.4697092,2809.91,120.57870008,-0.6178923754081654,-0.6243721854892739,TUSD,2,1,-0.0028
2025-11-23 09:00:00,0.9972,0.9973,0.9972,0.9972,3217.0,0.0028,-0.0028,9.07896108013788e-05,9,6,Medium,86354.5,37.68466965,2814.95,180.83305156,-0.6262000104030317,-0.6286493218325595,TUSD,2,1,-0.0027
2025-11-23 10:00:00,0.9972,0.9974,0.9972,0.9973,3104.0,0.0027,-0.0027,8.064504321120736e-05,10,6,Medium,86048.2,56.21843937,2807.01,151.05642536,-0.5547672287487021,-0.5555614609422093,TUSD,2,1,-0.0029
2025-11-23 11:00:00,0.9973,0.9973,0.9968,0.9971,38566.0,0.0029,-0.0029,8.681147211039789e-05,11,6,Medium,86241.3,146.54376871,2813.5,99.56730802,-0.5609669612397106,-0.5515457249744723,TUSD,2,1,-0.0027
2025-11-23 12:00:00,0.9971,0.9975,0.997,0.9973,25918.0,0.0027,-0.0027,8.681147211039789e-05,12,6,Medium,86491.6,142.09779789,2833.88,491.53235906,-0.5449806292801429,-0.53284304469752,TUSD,2,1,-0.0026
2025-11-23 13:00:00,0.9974,0.9975,0.9974,0.9974,21311.0,0.0026,-0.0026,8.681147211039789e-05,13,6,Medium,86882.1,27.33561145,2842.12,267.02577945,-0.3448873013302028,-0.336592085650011,TUSD,2,1,-0.0026
2025-11-23 14:00:00,0.9974,0.9975,0.9974,0.9974,3868.0,0.0026,-0.0026,8.681147211039789e-05,14,6,Medium,86536.7,69.77932343,2812.86,983.77962738,-0.2035039003211098,-0.2268452931281716,TUSD,2,1,-0.003
2025-11-23 15:00:00,0.9974,0.9974,0.9969,0.997,26469.0,0.003,-0.003,0.0001041702888594,15,6,Medium,87049.2,36.21037167,2835.47,368.80513768,-0.3452522726683077,-0.3267857491083058,TUSD,2,1,-0.0033999999999999
2025-11-23 16:00:00,0.9969,0.997,0.9966,0.9966,71295.0,0.0033999999999999,-0.0033999999999999,0.0001717345434919,16,6,Medium,86684.6,62.35034819,2798.72,706.45484226,-0.3842255039976258,-0.2051123364459788,TUSD,2,1,-0.0033999999999999
2025-11-23 17:00:00,0.9967,0.9968,0.9965,0.9966,6242.0,0.0033999999999999,-0.0033999999999999,0.0002153106951753,17,6,Medium,86699.5,31.46645933,2790.84,528.03126222,-0.4264704234474146,-0.1193449131424971,TUSD,2,1,-0.0033999999999999
2025-11-23 18:00:00,0.9966,0.9967,0.9966,0.9966,1908.0,0.0033999999999999,-0.0033999999999999,0.0002478896431207,18,6,Medium,86962.5,28.79592509,2807.42,381.11607779,-0.483550103337909,-0.1071672982219938,TUSD,2,1,-0.0033999999999999
2025-11-23 19:00:00,0.9966,0.9967,0.9966,0.9966,1400.0,0.0033999999999999,-0.0033999999999999,0.0002734309648838,19,6,Medium,87300.0,79.38761281,2821.18,555.37500024,-0.549824676777204,-0.1265877976981116,TUSD,2,1,-0.0033999999999999
2025-11-23 20:00:00,0.9966,0.9967,0.9966,0.9966,2576.0,0.0033999999999999,-0.0033999999999999,0.0002903957815603,20,6,Medium,87472.4,236.10385354,2826.92,426.68890127,-0.5888524563017925,-0.0976108675076826,TUSD,2,1,-0.0032999999999999
2025-11-23 21:00:00,0.9966,0.9968,0.9966,0.9967,3124.0,0.0032999999999999,-0.0032999999999999,0.0002962323800516,21,6,Medium,87958.9,116.81511379,2841.85,819.88775696,-0.6164712149996003,-0.0672875799476556,TUSD,2,1,-0.0032999999999999
2025-11-23 22:00:00,0.9968,0.9968,0.9967,0.9967,1089.0,0.0032999999999999,-0.0032999999999999,0.0002990019627279,22,6,Medium,87967.8,54.27026732,2836.65,1173.56103745,-0.6256861219796078,-0.0748428269405543,TUSD,2,1,-0.0032999999999999
2025-11-23 23:00:00,0.9967,0.9968,0.9967,0.9967,3277.0,0.0032999999999999,-0.0032999999999999,0.0003078384195572,23,6,Medium,86777.4,334.85691253,2801.0,784.09712589,-0.6901359756878488,-0.0264966192805249,TUSD,2,1,-0.0032999999999999
2025-11-24 00:00:00,0.9967,0.9968,0.9967,0.9967,1501.0,0.0032999999999999,-0.0032999999999999,0.0003106503226939,0,0,Medium,86703.7,304.3680897,2787.29,734.19536166,-0.6949663864407823,0.1586907271945599,TUSD,2,1,-0.0030999999999999
2025-11-24 01:00:00,0.9967,0.9969,0.9966,0.9969,15813.0,0.0030999999999999,-0.0030999999999999,0.0003057125197447,1,0,Medium,87007.6,115.21077647,2804.99,192.69641653,-0.6826505398800309,0.2020759872164947,TUSD,2,1,-0.003
2025-11-24 02:00:00,0.9969,0.997,0.9968,0.997,21986.0,0.003,-0.003,0.000299153394472,2,0,Medium,87450.0,69.89351194,2837.62,1197.35383922,-0.6420423625170983,0.192387956924563,TUSD,2,1,-0.003
2025-11-24 03:00:00,0.997,0.997,0.9969,0.997,6993.0,0.003,-0.003,0.0002958652255417,3,0,Medium,87433.6,43.65687985,2856.34,288.12121913,-0.6128586758156942,0.1693318676174997,TUSD,2,1,-0.0030999999999999
2025-11-24 04:00:00,0.997,0.997,0.9969,0.9969,2008.0,0.0030999999999999,-0.0030999999999999,0.0002926329745117,4,0,Medium,86699.3,60.89788213,2823.85,233.12195231,-0.6067702782291801,0.1532057618528564,TUSD,2,1,-0.0030999999999999
2025-11-24 05:00:00,0.9969,0.997,0.9969,0.9969,6946.0,0.0030999999999999,-0.0030999999999999,0.0002843438922777,5,0,Medium,87435.8,56.64894467,2865.39,623.99264777,-0.5861614265789777,0.1061946657126176,TUSD,2,1,-0.0030999999999999
2025-11-24 06:00:00,0.9969,0.997,0.9969,0.9969,5174.0,0.0030999999999999,-0.0030999999999999,0.0002796218975638,6,0,Medium,86869.4,26.02005904,2837.21,236.21538438,-0.5660783910829739,0.120964340727837,TUSD,2,1,-0.0036
2025-11-24 07:00:00,0.9969,0.997,0.9964,0.9964,25698.0,0.0036,-0.0036,0.0002896462106358,7,0,Medium,86997.2,22.30559512,2828.68,202.31563568,-0.4913591536528307,0.1765103396485766,TUSD,2,1,-0.0032999999999999
2025-11-24 08:00:00,0.9964,0.9968,0.9963,0.9967,20966.0,0.0032999999999999,-0.0032999999999999,0.0002853931939648,8,0,Medium,86932.5,44.51782274,2839.14,158.21219043,-0.4493279171271657,0.1846515368029516,TUSD,2,1,-0.0037
2025-11-24 09:00:00,0.9966,0.9967,0.9963,0.9963,9311.0,0.0037,-0.0037,0.0003006936422094,9,0,Medium,85915.8,75.16806258,2796.37,388.04317145,-0.1846114846100045,0.2938090112484345,TUSD,2,1,-0.0033999999999999
2025-11-24 10:00:00,0.9963,0.9967,0.9962,0.9966,13958.0,0.0033999999999999,-0.0033999999999999,0.0002884240031535,10,0,Medium,86040.9,51.84208461,2798.81,1307.03650126,-0.0117656286429023,0.3928847043589162,TUSD,2,1,-0.0033999999999999
2025-11-24 11:00:00,0.9966,0.9967,0.9966,0.9966,8419.0,0.0033999999999999,-0.0033999999999999,0.0002851074037652,11,0,Medium,86217.2,25.35819649,2802.73,138.16497097,0.0910556131432892,0.4384771612789008,TUSD,2,1,-0.0033999999999999
2025-11-24 12:00:00,0.9966,0.9967,0.9966,0.9966,3064.0,0.0033999999999999,-0.0033999999999999,0.0002664854452888,12,0,Medium,85973.5,32.7467035,2802.28,749.61682776,0.2099219794756286,0.4414839512879663,TUSD,2,1,-0.0031999999999999
2025-11-24 13:00:00,0.9967,0.9968,0.9966,0.9968,6492.0,0.0031999999999999,-0.0031999999999999,0.0002301543271145,13,0,Medium,86090.7,40.22600666,2813.87,730.99945975,0.2238915772289041,0.392528556555014,TUSD,2,1,-0.0032999999999999
2025-11-24 14:00:00,0.9967,0.9968,0.9966,0.9967,7882.0,0.0032999999999999,-0.0032999999999999,0.0001825245659839,14,0,Medium,86042.0,161.48038587,2828.33,935.59631895,0.3710089160562566,0.5442662891926535,TUSD,2,1,-0.0031999999999999
2025-11-24 15:00:00,0.9966,0.9968,0.9966,0.9968,6690.0,0.0031999999999999,-0.0031999999999999,0.0001731527760509,15,0,Medium,86562.6,90.91959122,2844.29,2335.03227012,0.3548421311243435,0.5384494798867067,TUSD,2,1,-0.0032999999999999
2025-11-24 16:00:00,0.9968,0.9968,0.9967,0.9967,5881.0,0.0032999999999999,-0.0032999999999999,0.0001717345434658,16,0,Medium,87212.2,161.73328623,2858.58,1250.29115771,0.3471862166548597,0.4927130396910452,TUSD,2,1,-0.0032999999999999
2025-11-24 17:00:00,0.9968,0.9968,0.9967,0.9967,8964.0,0.0032999999999999,-0.0032999999999999,0.0001701980937045,17,0,Medium,88343.4,219.80749411,2940.13,3333.34766329,0.3000119024246137,0.3087899142257857,TUSD,2,1,-0.0034999999999999
2025-11-24 18:00:00,0.9968,0.9968,0.9965,0.9965,23910.0,0.0034999999999999,-0.0034999999999999,0.0001742478655158,18,0,Medium,88698.4,266.19806569,2955.52,2718.89522478,0.1392364205456915,0.0601009184687138,TUSD,2,1,-0.0033999999999999
2025-11-24 19:00:00,0.9966,0.9966,0.9965,0.9966,5719.0,0.0033999999999999,-0.0033999999999999,0.0001742478655158,19,0,Medium,88310.2,115.11812085,2958.0,1145.87846953,0.0979180577374893,-0.0265470419613211,TUSD,2,1,-0.0034999999999999
2025-11-24 20:00:00,0.9966,0.9966,0.9965,0.9965,5055.0,0.0034999999999999,-0.0034999999999999,0.0001781039423733,20,0,Medium,89137.6,91.65819351,2974.33,813.4135692,-0.0175821970015686,-0.1508562668524282,TUSD,2,1,-0.0034999999999999
2025-11-24 21:00:00,0.9965,0.9966,0.9965,0.9965,5883.0,0.0034999999999999,-0.0034999999999999,0.0001829211434568,21,0,Medium,88783.3,89.31651029,2958.56,1504.85647717,-0.0981361301785271,-0.2232684854514268,TUSD,2,1,-0.0034999999999999
2025-11-24 22:00:00,0.9965,0.9967,0.9965,0.9965,4381.0,0.0034999999999999,-0.0034999999999999,0.0001872280631261,22,0,Medium,88646.6,47.81944977,2960.96,456.5911718,-0.1605550500413391,-0.2791357959006232,TUSD,2,1,-0.0033999999999999
2025-11-24 23:00:00,0.9967,0.9967,0.9965,0.9966,3052.0,0.0033999999999999,-0.0033999999999999,0.0001880487134665,23,0,Medium,88275.0,53.03642049,2951.88,672.22636066,-0.1759364366459057,-0.2956769849838684,TUSD,2,1,-0.0032999999999999
2025-11-25 00:00:00,0.9966,0.9967,0.9966,0.9967,1172.0,0.0032999999999999,-0.0032999999999999,0.0001880487134665,0,1,Medium,88072.5,64.17305441,2942.79,1033.21139345,-0.1695686311552917,-0.2872222010114832,TUSD,2,1,-0.0033999999999999
2025-11-25 01:00:00,0.9966,0.9967,0.9966,0.9966,3945.0,0.0033999999999999,-0.0033999999999999,0.0001829211434557,1,1,Medium,87741.6,46.35012312,2919.01,900.85791172,-0.1658408474928583,-0.2563178676155725,TUSD,2,1,-0.0032999999999999
2025-11-25 02:00:00,0.9967,0.9968,0.9966,0.9967,5287.0,0.0032999999999999,-0.0032999999999999,0.0001691838887164,2,1,Medium,87886.3,44.79667168,2929.29,847.56773497,-0.1828139986246036,-0.2152903879027568,TUSD,2,1,-0.0031999999999999
2025-11-25 03:00:00,0.9967,0.9969,0.9967,0.9968,23428.0,0.0031999999999999,-0.0031999999999999,0.0001560378988651,3,1,Medium,87735.1,17.17082195,2911.31,416.38719952,-0.1901344109320659,-0.1778052089553644,TUSD,2,1,-0.0031999999999999
2025-11-25 04:00:00,0.9968,0.9969,0.9968,0.9968,4987.0,0.0031999999999999,-0.0031999999999999,0.0001503016284188,4,1,Medium,88339.0,54.89028356,2938.16,638.2916176,-0.1070884163743345,-0.0797734041027103,TUSD,2,1,-0.0031999999999999
2025-11-25 05:00:00,0.9968,0.9969,0.9967,0.9968,2319.0,0.0031999999999999,-0.0031999999999999,0.0001442120010415,5,1,Medium,88075.1,40.64997579,2929.94,194.36325158,-0.0818518461106194,-0.0253280926502957,TUSD,2,1,-0.0032999999999999
2025-11-25 06:00:00,0.9968,0.9968,0.9967,0.9967,2227.0,0.0032999999999999,-0.0032999999999999,0.0001340560117553,6,1,Medium,87991.2,29.93710668,2923.9,88.95674768,-0.028805248224554,0.053660882125162,TUSD,2,1,-0.0032999999999999
2025-11-25 07:00:00,0.9967,0.9968,0.9967,0.9967,4942.0,0.0032999999999999,-0.0032999999999999,0.0001250362258156,7,1,Medium,87396.6,115.60330355,2902.94,327.16502927,-0.0742764098719836,-0.024320417610057,TUSD,2,1,-0.0032999999999999
2025-11-25 08:00:00,0.9967,0.9968,0.9967,0.9967,2544.0,0.0032999999999999,-0.0032999999999999,0.0001250362258156,8,1,Medium,87000.2,159.41247728,2871.57,992.79244448,-0.0731614361929366,-0.0147726108293404,TUSD,2,1,-0.0031999999999999
2025-11-25 09:00:00,0.9968,0.9968,0.9967,0.9968,3248.0,0.0031999999999999,-0.0031999999999999,0.0001049499525925,9,1,Medium,87195.7,95.70952501,2891.17,258.0757522,-0.3576214802617505,-0.2862757644160871,TUSD,2,1,-0.0032999999999999
2025-11-25 10:00:00,0.9967,0.9968,0.9967,0.9967,2170.0,0.0032999999999999,-0.0032999999999999,0.000104170288811,10,1,Medium,87400.0,33.24547123,2898.37,334.9895178,-0.4323151204353189,-0.3672068266566935,TUSD,2,1,-0.0032999999999999
2025-11-25 11:00:00,0.9967,0.9969,0.9967,0.9967,10875.0,0.0032999999999999,-0.0032999999999999,0.0001032093683186,11,1,Medium,87336.0,47.31986228,2890.75,179.20522154,-0.513596012776022,-0.4721485197371947,TUSD,2,1,-0.0032999999999999
2025-11-25 12:00:00,0.9967,0.9968,0.9967,0.9967,2739.0,0.0032999999999999,-0.0032999999999999,0.0001020620716153,12,1,Medium,87506.9,26.15134279,2926.2,4256.0962581,-0.6415507614465145,-0.6136955509332731,TUSD,2,1,-0.0032999999999999
2025-11-25 13:00:00,0.9967,0.9968,0.9967,0.9967,3216.0,0.0032999999999999,-0.0032999999999999,9.890706997652447e-05,13,1,Medium,87040.3,62.79753375,2905.51,924.50208454,-0.6070849723031451,-0.581929530887276,TUSD,2,1,-0.0031999999999999
2025-11-25 14:00:00,0.9967,0.9968,0.9967,0.9968,3344.0,0.0031999999999999,-0.0031999999999999,0.0001020620716153,14,1,Medium,86747.0,133.64762905,2880.75,1769.10800942,-0.6953681094169841,-0.6602396436858496,TUSD,2,1,-0.0032999999999999
2025-11-25 15:00:00,0.9968,0.9969,0.9967,0.9967,5187.0,0.0032999999999999,-0.0032999999999999,9.890706997652447e-05,15,1,Medium,86934.8,99.66976188,2893.88,1449.13282655,-0.6561115766568784,-0.6315419988241836,TUSD,2,1,-0.0030999999999999
2025-11-25 16:00:00,0.9967,0.9969,0.9967,0.9969,5454.0,0.0030999999999999,-0.0030999999999999,0.000109014025551,16,1,Medium,87094.1,94.74856975,2929.11,613.10016688,-0.6797722583276785,-0.5954867790332051,TUSD,2,1,-0.0031999999999999
2025-11-25 17:00:00,0.9969,0.9969,0.9967,0.9968,12696.0,0.0031999999999999,-0.0031999999999999,0.0001115600823314,17,1,Medium,87601.1,151.66265636,2936.3,1200.39458097,-0.6911551907493392,-0.5676743592619883,TUSD,2,1,-0.0031999999999999
2025-11-25 18:00:00,0.9968,0.9969,0.9968,0.9968,4041.0,0.0031999999999999,-0.0031999999999999,0.0001063219056553,18,1,Medium,87200.1,86.51926353,2922.9,817.54513092,-0.6681452240212388,-0.521184726957384,TUSD,2,1,-0.0031999999999999
2025-11-25 19:00:00,0.9969,0.9969,0.9968,0.9968,2735.0,0.0031999999999999,-0.0031999999999999,0.0001059805824394,19,1,Medium,86861.5,83.18457258,2921.18,1162.1064784,-0.6692383632546665,-0.4865235193634509,TUSD,2,1,-0.0031999999999999
2025-11-25 20:00:00,0.9968,0.9969,0.9968,0.9968,2889.0,0.0031999999999999,-0.0031999999999999,9.770926898568706e-05,20,1,Medium,87394.7,44.24954004,2929.41,932.62631529,-0.5895016653029614,-0.3510929074333354,TUSD,2,1,-0.0031999999999999
2025-11-25 21:00:00,0.9968,0.9969,0.9968,0.9968,2638.0,0.0031999999999999,-0.0031999999999999,8.681147205703155e-05,21,1,Medium,87000.0,31.118504,2931.41,687.19490874,-0.4950377352554144,-0.1969960128521496,TUSD,2,1,-0.0032999999999999
2025-11-25 22:00:00,0.9968,0.9969,0.9967,0.9967,5432.0,0.0032999999999999,-0.0032999999999999,7.172814881914889e-05,22,1,Medium,87636.1,36.19217462,2969.15,1012.00211706,-0.3224957027949729,-0.0165832396007972,TUSD,2,1,-0.0030999999999999
2025-11-25 23:00:00,0.9969,0.9969,0.9967,0.9969,5024.0,0.0030999999999999,-0.0030999999999999,7.210599946825924e-05,23,1,Medium,87326.3,47.22555257,2959.04,1098.0420548,-0.2029085590262899,0.2647228781293671,TUSD,2,1,-0.0030999999999999
2025-11-26 00:00:00,0.9969,0.9969,0.9968,0.9969,967.0,0.0030999999999999,-0.0030999999999999,7.696695940866515e-05,0,2,Medium,87532.5,20.13846148,2953.36,458.07654591,-0.1270903097586365,0.3875833410161474,TUSD,2,1,-0.0031999999999999
2025-11-26 01:00:00,0.9969,0.9969,0.9967,0.9968,6262.0,0.0031999999999999,-0.0031999999999999,6.902530370016656e-05,1,2,Medium,87883.0,66.87989946,2968.34,985.31118781,-0.0343047803046191,0.4324055263522989,TUSD,2,1,-0.0032999999999999
2025-11-26 02:00:00,0.9967,0.9968,0.9967,0.9967,2347.0,0.0032999999999999,-0.0032999999999999,6.902530370016656e-05,2,2,Medium,87673.9,22.56732793,2955.67,258.59468514,-0.0116675417420476,0.3748419952505887,TUSD,2,1,-0.0032999999999999
2025-11-26 03:00:00,0.9967,0.9968,0.9967,0.9967,944.0,0.0032999999999999,-0.0032999999999999,7.019641037183314e-05,3,2,Medium,87089.2,52.91306958,2926.16,640.35988833,0.0050119549130438,0.3729135184375788,TUSD,2,1,-0.0031999999999999
2025-11-26 04:00:00,0.9967,0.9968,0.9967,0.9968,5204.0,0.0031999999999999,-0.0031999999999999,7.019641037183314e-05,4,2,Medium,87202.5,45.48029837,2931.22,579.51384541,-0.0608879098123408,0.3693993824744628,TUSD,2,1,-0.0031999999999999
2025-11-26 05:00:00,0.9968,0.9968,0.9967,0.9968,2574.0,0.0031999999999999,-0.0031999999999999,7.019641037183314e-05,5,2,Medium,87464.8,22.78724169,2942.58,123.72741979,-0.1074486911875005,0.3753732284613689,TUSD,2,1,-0.0032999999999999
2025-11-26 06:00:00,0.9968,0.9968,0.9967,0.9967,2926.0,0.0032999999999999,-0.0032999999999999,7.019641037183314e-05,6,2,Medium,87769.4,22.58232795,2946.4,482.87332195,-0.0832441464088319,0.3360980836658852,TUSD,2,1,-0.0032999999999999
2025-11-26 07:00:00,0.9967,0.9968,0.9967,0.9967,1435.0,0.0032999999999999,-0.0032999999999999,7.019641037183314e-05,7,2,Medium,87900.0,34.93342523,2941.87,170.38859101,-0.1416439965866076,0.2793976339859283,TUSD,2,1,-0.0030999999999999
2025-11-26 08:00:00,0.9968,0.9969,0.9967,0.9969,14526.0,0.0030999999999999,-0.0030999999999999,7.37209767029884e-05,8,2,Medium,87394.8,12.77570048,2912.55,310.02153118,-0.1671011742143727,0.155538841174482,TUSD,2,1,-0.0031999999999999
2025-11-26 09:00:00,0.9968,0.9969,0.9968,0.9968,13315.0,0.0031999999999999,-0.0031999999999999,7.37209767029884e-05,9,2,Medium,86788.7,31.22970455,2904.44,302.59654249,-0.1757875490738996,0.1681074305420159,TUSD,2,1,-0.0034999999999999
2025-11-26 10:00:00,0.9968,0.9969,0.9963,0.9965,19980.0,0.0034999999999999,-0.0034999999999999,9.168313311975344e-05,10,2,Medium,86941.0,19.60823979,2913.26,110.34278368,0.0107646130255664,0.178588709983517,TUSD,2,1,-0.0033999999999999
2025-11-26 11:00:00,0.9965,0.9967,0.9965,0.9966,9956.0,0.0033999999999999,-0.0033999999999999,9.696480655463988e-05,11,2,Medium,87069.7,12.48371668,2914.0,512.31910206,0.0622277217946262,0.1782618143485995,TUSD,2,1,-0.0033999999999999
2025-11-26 12:00:00,0.9967,0.9967,0.9966,0.9966,38841.0,0.0033999999999999,-0.0033999999999999,0.000101795474544,12,2,Medium,86637.1,78.86665314,2901.52,620.83307446,0.1912514747388636,0.2429680433716294,TUSD,2,1,-0.0033999999999999
2025-11-26 13:00:00,0.9967,0.9967,0.9966,0.9966,7614.0,0.0033999999999999,-0.0033999999999999,0.0001062366776638,13,2,Medium,87080.7,58.86625242,2933.0,195.2709699,0.201061900743055,0.2036765287837439,TUSD,2,1,-0.0032999999999999
2025-11-26 14:00:00,0.9966,0.9967,0.9965,0.9967,10390.0,0.0032999999999999,-0.0032999999999999,0.0001063219056592,14,2,Medium,86843.7,78.11555059,2907.53,1994.62060841,0.2565022295181652,0.2930570161328892,TUSD,2,1,-0.0034999999999999
2025-11-26 15:00:00,0.9966,0.9967,0.9965,0.9965,31626.0,0.0034999999999999,-0.0034999999999999,0.0001176459923113,15,2,Medium,86895.4,97.71537349,2925.63,6670.48852403,0.3074861177726391,0.2809421550255664,TUSD,2,1,-0.0034999999999999
2025-11-26 16:00:00,0.9966,0.9966,0.9965,0.9965,16797.0,0.0034999999999999,-0.0034999999999999,0.0001224744863083,16,2,Medium,87800.4,168.21507925,2946.89,3262.45297354,0.1975944551128638,0.2174577003359224,TUSD,2,1,-0.0034999999999999
2025-11-26 17:00:00,0.9966,0.9966,0.9964,0.9965,28900.0,0.0034999999999999,-0.0034999999999999,0.0001295896525852,17,2,Medium,89863.5,390.29543359,3026.88,3218.22131827,-0.1894275734516153,-0.1019939205236569,TUSD,2,1,-0.0036
2025-11-26 18:00:00,0.9965,0.9965,0.9963,0.9964,24915.0,0.0036,-0.0036,0.0001428869009485,18,2,Medium,90135.5,325.98692338,3033.55,3383.88230142,-0.4132006400851429,-0.3221469979924669,TUSD,2,1,-0.0036
2025-11-26 19:00:00,0.9964,0.9965,0.9964,0.9964,4213.0,0.0036,-0.0036,0.0001531670484251,19,2,Medium,89988.2,65.60915118,3032.99,1059.97671696,-0.5137753672458236,-0.4372331713839139,TUSD,2,1,-0.0034999999999999
2025-11-26 20:00:00,0.9964,0.9965,0.9964,0.9965,7320.0,0.0034999999999999,-0.0034999999999999,0.0001551063209866,20,2,Medium,89900.0,99.22687491,3026.11,676.05848669,-0.5492087719437929,-0.4743811655638047,TUSD,2,1,-0.0036
2025-11-26 21:00:00,0.9964,0.9965,0.9964,0.9964,8270.0,0.0036,-0.0036,0.0001615145699836,21,2,Medium,90182.1,137.06808792,3021.3,293.85703446,-0.5984957455944573,-0.5248312480431025,TUSD,2,1,-0.0034999999999999
2025-11-26 22:00:00,0.9964,0.9965,0.9964,0.9965,3042.0,0.0034999999999999,-0.0034999999999999,0.0001639635867079,22,2,Medium,90365.8,101.95916767,3026.3,906.17140417,-0.612191953322106,-0.5547276065492898,TUSD,2,1,-0.0034999999999999
2025-11-26 23:00:00,0.9964,0.9965,0.9964,0.9965,2630.0,0.0034999999999999,-0.0034999999999999,0.0001567329486296,23,2,Medium,90535.7,49.1946046,3026.95,892.66061582,-0.6249740383343935,-0.6088915384143302,TUSD,2,1,-0.0034999999999999
2025-11-27 00:00:00,0.9964,0.9965,0.9964,0.9965,4584.0,0.0034999999999999,-0.0034999999999999,0.0001471960137409,0,3,Medium,90448.9,37.26817707,3036.07,811.01147206,-0.6483312134070667,-0.6555450484809406,TUSD,2,1,-0.0033999999999999
2025-11-27 01:00:00,0.9964,0.9966,0.9964,0.9966,14685.0,0.0033999999999999,-0.0033999999999999,0.0001414213555104,1,3,Medium,91118.0,74.96451745,3053.07,529.92367115,-0.6122091930403836,-0.6473250737033983,TUSD,2,1,-0.0033999999999999
2025-11-27 02:00:00,0.9965,0.9966,0.9965,0.9966,8719.0,0.0033999999999999,-0.0033999999999999,0.0001398109482252,2,3,Medium,91337.4,316.43679186,3036.84,1903.22198736,-0.564390046282176,-0.6254188480593208,TUSD,2,1,-0.0033999999999999
2025-11-27 03:00:00,0.9965,0.9966,0.9965,0.9966,1763.0,0.0033999999999999,-0.0033999999999999,0.0001380506095922,3,3,Medium,91133.2,98.28795664,3034.49,232.0236388,-0.5216016413096775,-0.5959892053004066,TUSD,2,1,-0.0033999999999999
2025-11-27 04:00:00,0.9965,0.9966,0.9965,0.9966,1790.0,0.0033999999999999,-0.0033999999999999,0.0001307725088446,4,3,Medium,91270.3,25.06792903,3039.87,182.24298036,-0.4667495270385122,-0.5602847251749655,TUSD,2,1,-0.0033999999999999
2025-11-27 05:00:00,0.9965,0.9966,0.9965,0.9966,3108.0,0.0033999999999999,-0.0033999999999999,0.0001224744862982,5,3,Medium,90967.3,53.0808282,3022.62,412.95194924,-0.4183623892723732,-0.5397400557948279,TUSD,2,1,-0.0034999999999999
2025-11-27 06:00:00,0.9965,0.9966,0.9965,0.9965,7408.0,0.0034999999999999,-0.0034999999999999,0.0001203858522296,6,3,Medium,91265.1,30.43639065,3028.2,591.34494976,-0.4139305975890426,-0.5366100618881124,TUSD,2,1,-0.0034999999999999
2025-11-27 07:00:00,0.9965,0.9966,0.9965,0.9965,3862.0,0.0034999999999999,-0.0034999999999999,0.0001176459922984,7,3,Medium,91407.1,69.42768563,3032.79,217.56624565,-0.4061045843430489,-0.5273099606079119,TUSD,2,1,-0.0034999999999999
2025-11-27 08:00:00,0.9965,0.9966,0.9965,0.9965,1878.0,0.0034999999999999,-0.0034999999999999,9.286112318544929e-05,8,3,Medium,91500.0,91.06808196,3027.44,804.41113154,-0.3633815346972437,-0.473482429326743,TUSD,2,1,-0.0034999999999999
2025-11-27 09:00:00,0.9966,0.9966,0.9965,0.9965,5426.0,0.0034999999999999,-0.0034999999999999,7.506036080565252e-05,9,3,Medium,91526.9,23.75778493,3027.33,537.49065992,-0.247368815538516,-0.3634490929338046,TUSD,2,1,-0.0033999999999999
2025-11-27 10:00:00,0.9966,0.9966,0.9965,0.9966,5277.0,0.0033999999999999,-0.0033999999999999,7.613869740548633e-05,10,3,Medium,91627.3,212.40519151,3034.5,138.32086195,-0.2389521675645958,-0.3843471820574703,TUSD,2,1,-0.0031999999999999
2025-11-27 11:00:00,0.9965,0.9969,0.9965,0.9968,28202.0,0.0031999999999999,-0.0031999999999999,9.286112318544929e-05,11,3,Medium,91413.6,36.55936343,3029.78,90.08305131,-0.0481766062196629,-0.2189869207497283,TUSD,2,1,-0.0032999999999999
2025-11-27 12:00:00,0.9967,0.9968,0.9967,0.9967,2650.0,0.0032999999999999,-0.0032999999999999,9.77092689708098e-05,12,3,Medium,90970.0,30.87802233,2991.44,1094.92625285,0.0451727242596549,-0.2035301525277307,TUSD,2,1,-0.0031999999999999
2025-11-27 13:00:00,0.9968,0.9969,0.9968,0.9968,4409.0,0.0031999999999999,-0.0031999999999999,0.0001102533305398,13,3,Medium,90843.3,92.74920083,2995.65,412.56223754,0.1296605688202616,-0.203001439660715,TUSD,2,1,-0.0031999999999999
2025-11-27 14:00:00,0.9968,0.9969,0.9968,0.9968,7475.0,0.0031999999999999,-0.0031999999999999,0.0001176459922984,14,3,Medium,90790.4,40.62365559,2997.0,253.5947278,0.3403558481814026,-0.1025145133824178,TUSD,2,1,-0.0031999999999999
2025-11-27 15:00:00,0.9968,0.9969,0.9968,0.9968,4591.0,0.0031999999999999,-0.0031999999999999,0.0001267629298085,15,3,Medium,90954.4,32.9395352,3010.22,513.59268265,0.3636089771392626,-0.2659496955548699,TUSD,2,1,-0.0034999999999999
2025-11-27 16:00:00,0.9968,0.9969,0.9965,0.9965,36531.0,0.0034999999999999,-0.0034999999999999,0.0001267629298085,16,3,Medium,91465.0,75.9965948,3021.57,383.3115652,0.3774875745917186,-0.5263324096559994,TUSD,2,1,-0.0034999999999999
2025-11-27 17:00:00,0.9965,0.9966,0.9965,0.9965,7263.0,0.0034999999999999,-0.0034999999999999,0.0001267629298085,17,3,Medium,91483.5,30.10005752,3019.94,186.90541537,0.3251585071064304,-0.513064982191484,TUSD,2,1,-0.0032999999999999
2025-11-27 18:00:00,0.9965,0.9967,0.9965,0.9967,4033.0,0.0032999999999999,-0.0032999999999999,0.0001239448209274,18,3,Medium,91798.0,45.8995221,3037.51,209.5093342,0.3016862230354938,-0.448848527419361,TUSD,2,1,-0.0032999999999999
2025-11-27 19:00:00,0.9966,0.9967,0.9966,0.9967,3120.0,0.0032999999999999,-0.0032999999999999,0.0001197067664724,19,3,Medium,91518.8,45.53852227,3031.68,137.57625955,0.227713801485568,-0.4119695754190381,TUSD,2,1,-0.0032999999999999
2025-11-27 20:00:00,0.9967,0.9967,0.9966,0.9967,2447.0,0.0032999999999999,-0.0032999999999999,0.000119706766473,20,3,Medium,91455.7,49.55077498,3039.59,489.10617235,0.1884544300603733,-0.3683891674444022,TUSD,2,1,-0.0031999999999999
2025-11-27 21:00:00,0.9967,0.9968,0.9967,0.9968,525.0,0.0031999999999999,-0.0031999999999999,0.0001178767463539,21,3,Medium,91450.1,13.5819191,3033.91,121.05937743,0.0651823553433267,-0.3625570724170003,TUSD,2,1,-0.0031999999999999
2025-11-27 22:00:00,0.9967,0.9968,0.9967,0.9968,3690.0,0.0031999999999999,-0.0031999999999999,0.0001203858522342,22,3,Medium,91334.4,18.39871489,3010.97,285.36691752,-0.0198858779082828,-0.4092031561964276,TUSD,2,1,-0.0032999999999999
2025-11-27 23:00:00,0.9967,0.9968,0.9967,0.9967,2528.0,0.0032999999999999,-0.0032999999999999,0.0001176459923042,23,3,Medium,91281.4,6.67328904,3014.85,115.33741801,-0.1376108127809681,-0.4258676015144762,TUSD,2,1,-0.0031999999999999
2025-11-28 00:00:00,0.9968,0.9969,0.9967,0.9968,28558.0,0.0031999999999999,-0.0031999999999999,0.0001178767463563,0,4,Medium,91185.8,30.20038906,3013.43,87.43702531,-0.3630345955724793,-0.4266268389236582,TUSD,2,1,-0.0031999999999999
2025-11-28 01:00:00,0.9968,0.9969,0.9968,0.9968,6163.0,0.0031999999999999,-0.0031999999999999,0.0001209113932301,1,4,Medium,90783.6,17.87352364,2998.67,392.11078591,-0.4367416445092859,-0.4694698206778838,TUSD,2,1,-0.0031999999999999
2025-11-28 02:00:00,0.9968,0.9969,0.9968,0.9968,5536.0,0.0031999999999999,-0.0031999999999999,0.0001232853404015,2,4,Medium,91088.8,44.87207137,3013.01,209.43140501,-0.4511735175143387,-0.4708672819676373,TUSD,2,1,-0.0031999999999999
2025-11-28 03:00:00,0.9968,0.9969,0.9968,0.9968,6112.0,0.0031999999999999,-0.0031999999999999,0.0001250362258177,3,4,Medium,91205.0,17.82633568,3009.34,161.56703223,-0.4706170300165804,-0.4761014578829765,TUSD,2,1,-0.0031999999999999
2025-11-28 04:00:00,0.9968,0.9969,0.9968,0.9968,702.0,0.0031999999999999,-0.0031999999999999,0.0001261899870804,4,4,Medium,91455.9,11.21365613,3017.7,39.95222751,-0.4373898041121362,-0.4564848999538059,TUSD,2,1,-0.0031999999999999
2025-11-28 05:00:00,0.9968,0.9969,0.9968,0.9968,2132.0,0.0031999999999999,-0.0031999999999999,0.0001267629298167,5,4,Medium,91605.6,34.20731522,3025.14,180.69360363,-0.4324707040438307,-0.4296424841180541,TUSD,2,1,-0.0031999999999999
2025-11-28 06:00:00,0.9968,0.9968,0.9968,0.9968,10635.0,0.0031999999999999,-0.0031999999999999,0.00012128538545,6,4,Medium,91298.5,42.83079022,3011.03,181.81803944,-0.4651860389742063,-0.4216145956364684,TUSD,2,1,-0.0031999999999999
2025-11-28 07:00:00,0.9968,0.9969,0.9968,0.9968,23675.0,0.0031999999999999,-0.0031999999999999,0.0001141287085499,7,4,Medium,90915.5,36.82185316,3002.25,253.31387919,-0.4893847037661947,-0.3961132299601834,TUSD,2,1,-0.0031999999999999
2025-11-28 08:00:00,0.9969,0.9969,0.9968,0.9968,6099.0,0.0031999999999999,-0.0031999999999999,0.0001049499525977,8,4,Medium,91647.7,19.68511631,3062.0,406.54120463,-0.418295874093834,-0.2286248602485348,TUSD,2,1,-0.0030999999999999
2025-11-28 09:00:00,0.9969,0.9969,0.9968,0.9969,5854.0,0.0030999999999999,-0.0030999999999999,9.780192834620902e-05,9,4,Medium,91589.9,57.02456677,3054.34,484.4635958,-0.2925687427778806,-0.040619609228031,TUSD,2,1,-0.0031999999999999
2025-11-28 10:00:00,0.9969,0.9969,0.9968,0.9968,18109.0,0.0031999999999999,-0.0031999999999999,9.286112320487568e-05,10,4,Medium,91809.8,18.39416052,3059.7,215.62326327,-0.1855274240042291,0.0557924736313167,TUSD,2,1,-0.0031999999999999
2025-11-28 11:00:00,0.9968,0.9969,0.9968,0.9968,7115.0,0.0031999999999999,-0.0031999999999999,9.286112320487568e-05,11,4,Medium,91461.4,69.74946943,3035.59,204.47346844,-0.1819762153778209,0.0611034117697696,TUSD,2,1,-0.0032999999999999
2025-11-28 12:00:00,0.9968,0.9969,0.9967,0.9967,1753.0,0.0032999999999999,-0.0032999999999999,9.286112320487568e-05,12,4,Medium,91466.5,13.43660916,3035.47,590.96436003,-0.2312323974553992,0.0002722586219285,TUSD,2,1,-0.0031999999999999
2025-11-28 13:00:00,0.9967,0.9968,0.9967,0.9968,6777.0,0.0031999999999999,-0.0031999999999999,9.286112320487568e-05,13,4,Medium,92328.2,82.9689589,3072.85,457.6716232,-0.1175750673906936,0.0734800514286243,TUSD,2,1,-0.0037
2025-11-28 14:00:00,0.9968,0.9968,0.9963,0.9963,46314.0,0.0037,-0.0037,0.0001312564690454,14,4,Medium,92213.2,346.45910021,3065.99,1744.7386003,-0.3758678835219935,-0.1940527508458378,TUSD,2,1,-0.0038
2025-11-28 15:00:00,0.9963,0.9964,0.9958,0.9962,145682.0,0.0038,-0.0038,0.0001701980937045,15,4,Medium,92357.1,96.9657455,3075.13,3520.29226998,-0.5449952567119875,-0.3864627921092555,TUSD,2,1,-0.0039
2025-11-28 16:00:00,0.9961,0.9963,0.996,0.9961,21356.0,0.0039,-0.0039,0.0002074255580078,16,4,Medium,90940.7,302.50700354,3026.29,914.03161071,-0.258556339118644,-0.3064942278290157,TUSD,2,1,-0.0037
2025-11-28 17:00:00,0.9961,0.9964,0.996,0.9963,25507.0,0.0037,-0.0037,0.0002193121653781,17,4,Medium,90627.1,195.53619156,3034.04,979.45443047,-0.0756212913462674,-0.3187275419865493,TUSD,2,1,-0.0037
2025-11-28 18:00:00,0.9962,0.9963,0.996,0.9963,31394.0,0.0037,-0.0037,0.0002330873440162,18,4,Medium,90781.9,27.55694518,3042.8,844.0681724,0.0282304951556274,-0.3315749563414044,TUSD,2,1,-0.0039
2025-11-28 19:00:00,0.9963,0.9963,0.9961,0.9961,4041.0,0.0039,-0.0039,0.000260399636731,19,4,Medium,91166.3,66.9047578,3050.18,324.29569966,0.071131794076828,-0.3623457277635346,TUSD,2,1,-0.0039
2025-11-28 20:00:00,0.9961,0.9963,0.9959,0.9961,20004.0,0.0039,-0.0039,0.0002828106855349,20,4,Medium,91214.7,37.97363489,3057.0,252.60338599,0.0948778447103247,-0.4106818182195352,TUSD,2,1,-0.0039
2025-11-28 21:00:00,0.9961,0.9961,0.9959,0.9961,1377.0,0.0039,-0.0039,0.0002991533944608,21,4,Medium,90902.9,22.64730953,3036.84,469.06878838,0.1566649500180073,-0.395698743584524,TUSD,2,1,-0.004
2025-11-28 22:00:00,0.996,0.9961,0.996,0.996,1420.0,0.004,-0.004,0.000318852107505,22,4,Medium,91095.7,13.92405764,3039.94,182.34994334,0.1905859563806857,-0.3645402787888496,TUSD,2,1,-0.004
2025-11-28 23:00:00,0.996,0.9961,0.996,0.996,1436.0,0.004,-0.004,0.0003368384549316,23,4,Medium,90912.7,9.11824681,3032.32,60.26085646,0.2427330551281798,-0.3211695555048572,TUSD,2,1,-0.0039
2025-11-29 00:00:00,0.9961,0.9961,0.996,0.9961,395.0,0.0039,-0.0039,0.0003426241441296,0,5,Medium,90923.3,23.54099354,3036.69,102.50562962,0.290086575241455,-0.2845832740095704,TUSD,2,1,-0.004
2025-11-29 01:00:00,0.996,0.9961,0.996,0.996,394.0,0.004,-0.004,0.0003509820587854,1,5,Medium,90904.0,21.30571276,3039.19,630.9154963,0.38299950764648,-0.2266352851031517,TUSD,2,1,-0.004
2025-11-29 02:00:00,0.996,0.9961,0.996,0.996,3487.0,0.004,-0.004,0.0003559026081082,2,5,Medium,90793.0,20.01197217,3031.27,480.02277793,0.4495781016121101,-0.1511720025046496,TUSD,2,1,-0.004
2025-11-29 03:00:00,0.996,0.996,0.9959,0.996,3076.0,0.004,-0.004,0.0003575277426264,3,5,Medium,90689.9,18.7528991,3022.5,402.17217914,0.5041663955077575,-0.0334272360385564,TUSD,2,1,-0.0040999999999999
2025-11-29 04:00:00,0.996,0.996,0.9959,0.9959,2340.0,0.0040999999999999,-0.0040999999999999,0.0003609317649096,4,5,Medium,90865.7,7.87105409,3042.82,181.21640761,0.5236224736206622,0.023153587250536,TUSD,2,1,-0.004
2025-11-29 05:00:00,0.996,0.996,0.9959,0.996,2131.0,0.004,-0.004,0.0003556734780359,5,5,Medium,90762.5,5.15774802,3033.51,140.40533377,0.5286830674682347,0.0929861139647555,TUSD,2,1,-0.0040999999999999
2025-11-29 06:00:00,0.996,0.9961,0.9959,0.9959,2898.0,0.0040999999999999,-0.0040999999999999,0.000351291612326,6,5,Medium,90585.7,27.03208658,3008.94,1000.81489266,0.570419913775228,0.2868915955907162,TUSD,2,1,-0.0034999999999999
2025-11-29 07:00:00,0.996,0.9966,0.9959,0.9965,80640.0,0.0034999999999999,-0.0034999999999999,0.00033748322525,7,5,Medium,90583.8,15.38527936,3006.51,450.7477998,0.5840848783923726,0.3974719454293796,TUSD,0,1,-0.0034999999999999
2025-11-29 08:00:00,0.9966,0.9966,0.9965,0.9965,1120.0,0.0034999999999999,-0.0034999999999999,0.0003225801773252,8,5,Medium,90631.6,7.41382751,3008.55,97.53362228,0.5167460791726374,0.2648399695249976,TUSD,2,1,-0.0034999999999999
2025-11-29 09:00:00,0.9965,0.9966,0.9965,0.9965,1007.0,0.0034999999999999,-0.0034999999999999,0.0002978181525064,9,5,Medium,90600.0,4.42908503,3002.44,277.89603113,0.4452500020997266,0.1289631804759375,TUSD,2,1,-0.0033999999999999
2025-11-29 10:00:00,0.9965,0.9967,0.9965,0.9966,4825.0,0.0033999999999999,-0.0033999999999999,0.0002842483091199,10,5,Medium,90598.0,4.91405769,2998.91,192.50940211,0.3142471498495611,-0.0663115046298885,TUSD,2,1,-0.0033999999999999
2025-11-29 11:00:00,0.9966,0.9967,0.9966,0.9966,1627.0,0.0033999999999999,-0.0033999999999999,0.0002697287952306,11,5,Medium,90674.0,27.23174791,3001.45,136.54866603,0.2219204542140658,-0.1607586502293717,TUSD,2,1,-0.0033999999999999
2025-11-29 12:00:00,0.9967,0.9967,0.9966,0.9966,6042.0,0.0033999999999999,-0.0033999999999999,0.0002628922186536,12,5,Medium,90700.0,13.645098,2999.25,103.90907337,0.1282174344632301,-0.2563480323404365,TUSD,2,1,-0.0033999999999999
2025-11-29 13:00:00,0.9966,0.9967,0.9966,0.9966,3734.0,0.0033999999999999,-0.0033999999999999,0.0002466808648097,13,5,Medium,90820.5,9.30602883,3000.82,97.02275266,-0.1642486443546378,-0.5714515387482345,TUSD,2,1,-0.0032999999999999
2025-11-29 14:00:00,0.9966,0.9967,0.9966,0.9967,4191.0,0.0032999999999999,-0.0032999999999999,0.0002650881719704,14,5,Medium,90693.6,12.80743108,2989.0,367.62017722,-0.2755937045588598,-0.6889570471905062,TUSD,2,1,-0.0034999999999999
2025-11-29 15:00:00,0.9966,0.9967,0.9965,0.9965,17743.0,0.0034999999999999,-0.0034999999999999,0.0002702655694854,15,5,Medium,91090.5,25.31867762,3008.45,440.46669255,-0.409373435642887,-0.7774610812078458,TUSD,2,1,-0.0034999999999999
2025-11-29 16:00:00,0.9965,0.9966,0.9965,0.9965,2595.0,0.0034999999999999,-0.0034999999999999,0.000272933606234,16,5,Medium,91028.5,23.45520578,3005.03,162.38096953,-0.3399882761060982,-0.7864626771047238,TUSD,2,1,-0.0034999999999999
2025-11-29 17:00:00,0.9966,0.9966,0.9965,0.9965,2568.0,0.0034999999999999,-0.0034999999999999,0.0002770182849987,17,5,Medium,90500.4,14.03476573,2970.82,817.39147902,-0.3755147240542758,-0.7743031178307722,TUSD,2,1,-0.0033999999999999
2025-11-29 18:00:00,0.9965,0.9966,0.9965,0.9966,18314.0,0.0033999999999999,-0.0033999999999999,0.0002848531273075,18,5,Medium,90717.0,33.48117644,2996.76,380.47700242,-0.3861266543474694,-0.8085149492388009,TUSD,2,1,-0.0033999999999999
2025-11-29 19:00:00,0.9965,0.9966,0.9965,0.9966,1319.0,0.0033999999999999,-0.0033999999999999,0.0002888006178851,19,5,Medium,90665.9,16.26342099,2989.52,112.58439951,-0.3815451729235792,-0.8232899062855215,TUSD,2,1,-0.0033999999999999
2025-11-29 20:00:00,0.9965,0.9966,0.9965,0.9966,613.0,0.0033999999999999,-0.0033999999999999,0.0002911434226346,20,5,Medium,90999.9,12.2526599,2999.17,241.82824908,-0.2810126735517663,-0.8485444736729453,TUSD,2,1,-0.0034999999999999
2025-11-29 21:00:00,0.9966,0.9966,0.9965,0.9965,678.0,0.0034999999999999,-0.0034999999999999,0.0002888946948588,21,5,Medium,90997.5,14.14843061,2995.46,413.6954427,-0.2223911544409009,-0.8473803861865307,TUSD,2,1,-0.0034999999999999
2025-11-29 22:00:00,0.9965,0.9966,0.9965,0.9965,8556.0,0.0034999999999999,-0.0034999999999999,0.0002807856468919,22,5,Medium,90812.4,5.26565799,2989.99,111.54628229,-0.1347391118040374,-0.8341033727343313,TUSD,2,1,-0.0033999999999999
2025-11-29 23:00:00,0.9965,0.9966,0.9965,0.9966,1622.0,0.0033999999999999,-0.0033999999999999,0.000273331565536,23,5,Medium,90833.6,14.95641311,2990.01,114.05579439,-0.0735160853903107,-0.8259804147208779,TUSD,2,1,-0.0033999999999999
2025-11-30 00:00:00,0.9965,0.9966,0.9965,0.9966,1000.0,0.0033999999999999,-0.0033999999999999,0.0002691572996689,0,6,Medium,90857.2,3.89002399,2998.13,365.96376453,-0.0099522988538386,-0.8187554244676724,TUSD,2,1,-0.0033999999999999
2025-11-30 01:00:00,0.9965,0.9966,0.9965,0.9966,660.0,0.0033999999999999,-0.0033999999999999,0.0002567565244255,1,6,Medium,90947.4,19.17025393,3006.57,169.20221418,0.0841036541341421,-0.7821340907821128,TUSD,2,1,-0.0034999999999999
2025-11-30 02:00:00,0.9966,0.9966,0.9965,0.9965,1253.0,0.0034999999999999,-0.0034999999999999,0.0002394135342282,2,6,Medium,90794.3,12.65507699,2991.74,46.86380467,0.1040294816572878,-0.7449312338027892,TUSD,2,1,-0.0033999999999999
2025-11-30 03:00:00,0.9966,0.9966,0.9965,0.9966,3646.0,0.0033999999999999,-0.0033999999999999,0.0002200131743642,3,6,Medium,90902.6,16.74795743,3001.9,111.79067566,0.0847571461883671,-0.7120094375945913,TUSD,2,1,-0.0034999999999999
2025-11-30 04:00:00,0.9965,0.9966,0.9965,0.9965,199.0,0.0034999999999999,-0.0034999999999999,0.0001815792231659,4,6,Medium,90844.0,3.22300985,2998.58,43.96113792,0.1818226627596913,-0.5585554922153209,TUSD,2,1,-0.0034999999999999
2025-11-30 05:00:00,0.9966,0.9966,0.9965,0.9965,243.0,0.0034999999999999,-0.0034999999999999,0.0001458980180715,5,6,Medium,90830.1,2.84941602,2993.67,304.66163953,0.20907304557945,-0.2756518994269015,TUSD,2,1,-0.0033999999999999
2025-11-30 06:00:00,0.9966,0.9966,0.9965,0.9966,1269.0,0.0033999999999999,-0.0033999999999999,5.835920574429431e-05,6,6,Medium,90894.9,3.64538447,2998.59,63.78923167,-0.0451348807948129,-0.0605991689401882,TUSD,2,1,-0.0034999999999999
2025-11-30 07:00:00,0.9966,0.9966,0.9965,0.9965,1752.0,0.0034999999999999,-0.0034999999999999,5.835920574429431e-05,7,6,Medium,90957.6,10.99022865,3006.34,45.75136362,-0.1511812685090537,-0.0597588662444174,TUSD,2,1,-0.0034999999999999
2025-11-30 08:00:00,0.9965,0.9966,0.9965,0.9965,2870.0,0.0034999999999999,-0.0034999999999999,5.835920574429431e-05,8,6,Medium,91268.6,89.42581499,3007.53,232.3867335,-0.2898610702864501,-0.0547433820132017,TUSD,2,1,-0.0033999999999999
2025-11-30 09:00:00,0.9966,0.9966,0.9965,0.9966,7212.0,0.0033999999999999,-0.0033999999999999,5.7577922722443735e-05,9,6,Medium,91366.3,26.86600614,3010.91,340.49324152,-0.2391735935944876,0.0186660396368638,TUSD,2,1,-0.0036
2025-11-30 10:00:00,0.9966,0.9966,0.9964,0.9964,4505.0,0.0036,-0.0036,6.580053144551703e-05,10,6,Medium,91241.7,3.92732008,3010.04,10.89734934,-0.3503485563400113,-0.127163320162763,TUSD,2,1,-0.0034999999999999
2025-11-30 11:00:00,0.9965,0.9965,0.9964,0.9965,484.0,0.0034999999999999,-0.0034999999999999,6.593804577381096e-05,11,6,Medium,91059.4,30.78407238,3003.01,77.32095134,-0.34587569211899,-0.1553055321563782,TUSD,2,1,-0.0037
2025-11-30 12:00:00,0.9964,0.9964,0.9961,0.9963,15144.0,0.0037,-0.0037,8.242255792055717e-05,12,6,Medium,91296.3,14.71821215,3010.28,14.50587176,-0.4604633443142827,-0.2838177394354729,TUSD,2,1,
2025-11-01 11:00:00,0.99936,0.99942,0.99935,0.99942,493849.93491056,0.00058,-0.00058,7.274010715147171e-05,11,5,High,110000.0,51.7243341,3875.03,193.92417537,-0.2858478781976011,-0.2894316343756076,USDT,1,1,-0.0004999999999999
2025-11-01 12:00:00,0.99942,0.9995,0.99941,0.9995,623429.9098324,0.0004999999999999,-0.0004999999999999,6.889921225441091e-05,12,5,High,109974.6,56.15133019,3875.21,287.29251338,-0.2471121298244765,-0.1622501318924344,USDT,1,1,-0.00051
2025-11-01 13:00:00,0.99949,0.9996,0.99943,0.99949,6017097.81759335,0.00051,-0.00051,6.516283950364441e-05,13,5,High,109884.0,14.38834818,3868.3,193.32009432,-0.311380819909992,-0.1370160168246129,USDT,1,1,-0.00051
2025-11-01 14:00:00,0.9995,0.99972,0.99939,0.99949,3635521.14657683,0.00051,-0.00051,5.602794333887751e-05,14,5,High,109839.0,7.64907322,3871.25,1336.40209475,-0.0752041715965598,-0.0698684998432971,USDT,1,1,-0.0006199999999999
2025-11-01 15:00:00,0.99946,0.99949,0.99937,0.99938,208211.15326483,0.0006199999999999,-0.0006199999999999,5.158186120915305e-05,15,5,High,109839.0,0.04949835,3870.09,0.90986037,-0.2031883409593734,-0.1304275649587455,USDT,1,1,-0.0006199999999999
2025-11-01 16:00:00,0.99938,0.99938,0.99938,0.99938,0.0,0.0006199999999999,-0.0006199999999999,5.3072277760336097e-05,16,5,High,109839.0,0.0,3870.09,0.0,-0.2371841400748971,-0.1602172116409724,USDT,1,1,-0.0006199999999999
2025-11-01 17:00:00,0.99938,0.99938,0.99938,0.99938,0.0,0.0006199999999999,-0.0006199999999999,5.3072277760336097e-05,17,5,High,109839.0,0.0,3870.09,0.0,-0.3965569394615709,-0.374724407367667,USDT,1,1,-0.0006199999999999
2025-11-01 18:00:00,0.99938,0.99938,0.99938,0.99938,0.0,0.0006199999999999,-0.0006199999999999,5.4313902456034625e-05,18,5,High,109839.0,0.0,3870.09,0.0,-0.4551351883825676,-0.4168755473502208,USDT,1,1,-0.0006199999999999
2025-11-01 19:00:00,0.99938,0.99938,0.99938,0.99938,0.0,0.0006199999999999,-0.0006199999999999,5.5310388991930115e-05,19,5,High,109839.0,0.0,3870.09,0.0,-0.4543830046881323,-0.4279371629286534,USDT,1,1,-0.0006199999999999
2025-11-01 20:00:00,0.99938,0.99938,0.99938,0.99938,0.0,0.0006199999999999,-0.0006199999999999,5.63889186359527e-05,20,5,High,109839.0,0.0,3870.09,0.0,-0.4650322318539235,-0.4396094351935487,USDT,1,1,-0.00051
2025-11-01 21:00:00,0.99948,0.99976,0.99935,0.99949,2006069.08960194,0.00051,-0.00051,5.1116164946582566e-05,21,5,High,109826.5,44.61257134,3867.65,417.3593551,-0.35205718796974,-0.4050536630549224,USDT,1,1,-0.00041
2025-11-01 22:00:00,0.99948,0.9997,0.99935,0.99959,5646029.59927616,0.00041,-0.00041,6.02154946596421e-05,22,5,High,109947.5,23.62271114,3871.74,174.84271544,-0.2332020727697603,-0.2411473791228498,USDT,1,1,-0.0004199999999999
2025-11-01 23:00:00,0.99958,0.99959,0.99957,0.99958,2794904.60138078,0.0004199999999999,-0.0004199999999999,6.294695259170753e-05,23,5,High,110018.0,11.88022025,3872.37,269.57729877,0.0220017849627743,-0.0224458512427059,USDT,1,1,-0.0003499999999999
2025-11-02 00:00:00,0.99958,0.99966,0.99957,0.99965,13590270.30355869,0.0003499999999999,-0.0003499999999999,7.596719352953589e-05,0,6,High,109859.7,112.47099259,3864.53,101.38775798,0.0139360318177048,0.0210589503352977,USDT,1,1,-0.0003999999999999
2025-11-02 01:00:00,0.99959,0.99967,0.99957,0.9996,1423027.68400751,0.0003999999999999,-0.0003999999999999,8.232909394705362e-05,1,6,High,109930.0,9.00525156,3869.28,50.70326499,-0.0058700105318018,0.0168621493468405,USDT,1,1,-0.0004199999999999
2025-11-02 02:00:00,0.9996,0.9996,0.99957,0.99958,1175693.12851843,0.0004199999999999,-0.0004199999999999,8.566766761944747e-05,2,6,High,109940.0,30.65369933,3880.16,131.15420068,-0.0484419327146607,0.060666412367468,USDT,1,1,-0.00043
2025-11-02 03:00:00,0.99958,0.99963,0.99957,0.99957,973031.99050864,0.00043,-0.00043,8.854704800350795e-05,3,6,High,109994.2,22.26868841,3879.22,48.1384875,-0.0059835475783971,0.123209974006762,USDT,1,1,-0.00043
2025-11-02 04:00:00,0.99957,0.99962,0.99957,0.99957,360638.55312209,0.00043,-0.00043,9.083748827081352e-05,4,6,High,110600.0,68.4765293,3906.83,253.81794601,0.2237067561449417,0.2497562625058901,USDT,1,1,-0.00043
2025-11-02 05:00:00,0.99958,0.9996,0.99957,0.99957,875362.28145067,0.00043,-0.00043,9.26892892831278e-05,5,6,High,110400.8,129.66097891,3901.76,260.28200457,0.3134441823885509,0.3101761543925777,USDT,1,1,-0.0004199999999999
2025-11-02 06:00:00,0.99958,0.99965,0.99957,0.99958,937896.51546961,0.0004199999999999,-0.0004199999999999,9.505147346926528e-05,6,6,High,110599.9,93.11148075,3901.91,70.00465659,0.3774968834808439,0.3783547278759285,USDT,0,1,-0.00038
2025-11-02 07:00:00,0.99957,0.99998,0.99957,0.99962,1753813.07292314,0.00038,-0.00038,9.757568597110236e-05,7,6,High,110886.8,52.26427383,3906.75,73.08137584,0.4666799537958544,0.4281268779632702,USDT,0,1,-0.0003499999999999
2025-11-02 08:00:00,0.99963,0.99975,0.99962,0.99965,1365695.23409986,0.0003499999999999,-0.0003499999999999,0.0001004771226393,8,6,High,110739.1,140.46637065,3893.02,247.53691718,0.565567689466009,0.4799544724342812,USDT,0,1,-0.00039
2025-11-02 09:00:00,0.99965,0.99966,0.99955,0.99961,1920459.69395968,0.00039,-0.00039,0.0001009806983994,9,6,High,110629.9,124.98888875,3871.32,326.68188156,0.5854291013513158,0.4436067065793582,USDT,0,1,-9.9999999999989e-05
2025-11-02 10:00:00,0.99961,0.99999,0.9996,0.9999,46528981.38392349,9.9999999999989e-05,-9.9999999999989e-05,0.0001240237237706,10,6,High,110370.1,21.51760005,3859.17,303.28982329,0.5681291205721103,0.1543036577356459,USDT,0,1,-0.00031
2025-11-02 11:00:00,0.9999,0.99995,0.9996,0.99969,9878487.22480144,0.00031,-0.00031,0.0001257664905485,11,6,High,110979.9,139.00172463,3890.0,210.20865756,0.603143382183062,0.1889233403916747,USDT,0,1,-0.00031
2025-11-02 12:00:00,0.99969,0.99986,0.99968,0.99969,3197476.77431723,0.00031,-0.00031,0.0001289421845498,12,6,High,110690.1,327.31387735,3875.01,234.06656125,0.6253386154992431,0.1710238674313715,USDT,0,1,-0.0002999999999999
2025-11-02 13:00:00,0.99969,0.99974,0.99969,0.9997,2680754.52472483,0.0002999999999999,-0.0002999999999999,0.0001317874606423,13,6,High,110496.8,102.85375284,3867.57,245.54540019,0.6325384590085796,0.117069016265597,USDT,0,1,-0.00024
2025-11-02 14:00:00,0.99969,0.99978,0.99969,0.99976,4067370.64794708,0.00024,-0.00024,0.0001370813785595,14,6,High,110370.1,13.42285053,3851.04,540.04079827,0.6204206798419322,-0.0137838069115883,USDT,1,1,-0.0002199999999999
2025-11-02 15:00:00,0.99975,0.99979,0.99969,0.99978,7762442.98303601,0.0002199999999999,-0.0002199999999999,0.0001372926631771,15,6,High,110100.0,42.2167543,3853.0,350.1974271,0.5478049101685505,-0.135575297306811,USDT,1,1,-0.0001999999999999
2025-11-02 16:00:00,0.99978,0.99994,0.99971,0.9998,6990784.01930811,0.0001999999999999,-0.0001999999999999,0.0001365703089082,16,6,High,110010.8,40.24258811,3863.68,200.47891466,0.4499260399462436,-0.2126116219655979,USDT,1,1,-0.00021
2025-11-02 17:00:00,0.9998,0.99981,0.99971,0.99979,519349.61667425,0.00021,-0.00021,0.0001329044279038,17,6,High,110070.0,9.19425964,3858.66,145.9539828,0.3625687470772996,-0.301923108167372,USDT,1,1,-0.0001999999999999
2025-11-02 18:00:00,0.99979,0.9998,0.9997,0.9998,2578646.1296835,0.0001999999999999,-0.0001999999999999,0.0001272898950868,18,6,High,110317.1,22.22589792,3863.31,67.01853769,0.3000324068114315,-0.3831578876729746,USDT,1,1,-0.00016
2025-11-02 19:00:00,0.9998,0.99988,0.99971,0.99984,1606157.04714523,0.00016,-0.00016,0.000121117232704,19,6,High,110148.6,11.55236777,3855.0,225.08676334,0.1813864438636847,-0.5004234730412263,USDT,1,1,-0.0001799999999999
2025-11-02 20:00:00,0.99982,0.99991,0.99971,0.99982,1191956.35489959,0.0001799999999999,-0.0001799999999999,0.0001100123510848,20,6,High,110000.0,25.98760135,3858.7,157.19773051,0.0082568038993505,-0.6257796753764947,USDT,1,1,-0.0001799999999999
2025-11-02 21:00:00,0.99982,0.99985,0.99978,0.99982,887072.4194599,0.0001799999999999,-0.0001799999999999,0.0001062810057057,21,6,High,110022.1,21.26170822,3861.25,484.96592255,-0.1451242576287942,-0.7126813415689971,USDT,1,1,-0.00019
2025-11-02 22:00:00,0.99982,0.99986,0.99981,0.99981,2108569.38653588,0.00019,-0.00019,0.000106767389039,22,6,High,109774.5,17.58443032,3850.0,74.17243843,-0.2531088732980946,-0.7483297412669068,USDT,1,1,-0.0001799999999999
2025-11-02 23:00:00,0.99983,0.9999,0.99981,0.99982,1691925.29373825,0.0001799999999999,-0.0001799999999999,0.0001063593852956,23,6,High,110589.6,28.60232852,3907.44,1372.83588823,-0.2560887526511073,-0.6218256552094389,USDT,1,1,-0.00014
2025-11-03 00:00:00,0.99982,0.99993,0.99981,0.99986,1655686.63046961,0.00014,-0.00014,0.0001098607484857,0,0,High,109789.2,10.63900954,3865.66,1001.5113538,-0.3633938384825499,-0.6423990084881059,USDT,1,1,-9.9999999999989e-05
2025-11-03 01:00:00,0.99986,0.99995,0.99982,0.9999,614248.24305751,9.9999999999989e-05,-9.9999999999989e-05,0.0001128862130702,1,0,High,109669.9,30.86210334,3836.75,467.1397304,-0.5041792395029495,-0.7124520553085533,USDT,1,1,-4.000000000004e-05
2025-11-03 02:00:00,0.9999,0.99997,0.99984,0.99996,1364604.41492435,4.000000000004e-05,-4.000000000004e-05,0.0001174294422745,2,0,High,108994.2,41.34472293,3798.24,1163.85273867,-0.6755658627396106,-0.7672740489840281,USDT,1,-1,-4.999999999999449e-05
2025-11-03 03:00:00,0.99993,0.99998,0.99981,0.99995,1298444.18436286,4.999999999999449e-05,-4.999999999999449e-05,0.0001182473151327,3,0,High,107991.4,71.22118011,3736.01,1347.1238042,-0.7401399836096576,-0.7536634780402078,USDT,1,1,-0.00016
2025-11-03 04:00:00,0.99995,0.99996,0.99981,0.99984,8959360.4011059,0.00016,-0.00016,0.0001118487591678,4,0,High,107800.0,115.37407453,3746.05,789.74911479,-0.6660856873903884,-0.6803892705483429,USDT,1,1,-0.0001799999999999
2025-11-03 05:00:00,0.99984,0.99987,0.99981,0.99982,3946428.26267378,0.0001799999999999,-0.0001799999999999,0.000103411903275,5,0,High,107586.9,436.3600078,3731.15,1729.98951548,-0.6194912743896517,-0.6046381281414841,USDT,1,1,-0.00021
2025-11-03 06:00:00,0.99981,0.99989,0.99962,0.99979,5331781.07800393,0.00021,-0.00021,9.386623229394456e-05,6,0,High,107400.0,92.30251574,3716.32,1176.48769305,-0.5407159106201637,-0.5010420875397747,USDT,1,1,-0.0002499999999999
2025-11-03 07:00:00,0.99978,0.99989,0.99962,0.99975,4177601.61509271,0.0002499999999999,-0.0002499999999999,8.69772167393458e-05,7,0,High,107500.0,531.75610561,3713.76,675.96016112,-0.4129321376926694,-0.354025341619938,USDT,1,1,-0.0002299999999999
2025-11-03 08:00:00,0.99974,0.9998,0.99968,0.99977,3191776.70481173,0.0002299999999999,-0.0002299999999999,8.137295601641669e-05,8,0,High,107535.0,542.47397704,3715.24,2327.30360213,-0.315842377293521,-0.2477273485301528,USDT,1,1,-0.00024
2025-11-03 09:00:00,0.99977,0.99999,0.99975,0.99976,17905922.81852533,0.00024,-0.00024,7.101234838405377e-05,9,0,High,107145.9,30.09925707,3703.7,569.1683047,-0.1788343463570976,-0.1293671262639452,USDT,1,1,-0.0001999999999999
2025-11-03 10:00:00,0.99977,0.99988,0.99972,0.9998,16344619.6551086,0.0001999999999999,-0.0001999999999999,6.833421703088919e-05,10,0,High,106880.0,34.98372652,3674.34,704.55626435,-0.2128725108494565,-0.1503014345808574,USDT,1,1,-0.0001999999999999
2025-11-03 11:00:00,0.9998,0.99992,0.99973,0.9998,15980620.06391889,0.0001999999999999,-0.0001999999999999,6.382579324918092e-05,11,0,High,107760.1,12.50982744,3709.99,538.53952885,-0.1171777844375123,-0.0631187969637006,USDT,1,1,-0.00021
2025-11-03 12:00:00,0.99979,0.99985,0.99976,0.99979,5258313.11589221,0.00021,-0.00021,5.874132683287487e-05,12,0,High,107723.1,50.24382542,3707.71,774.3146963,0.0005371636472737,0.0422514262228576,USDT,1,1,-0.00016
2025-11-03 13:00:00,0.9998,0.9999,0.99976,0.99984,25556877.92261388,0.00016,-0.00016,5.3688243927822384e-05,13,0,High,107886.0,41.69565069,3719.01,1327.21746231,0.1003081218311423,0.1197997195866638,USDT,1,1,-0.0002199999999999
2025-11-03 14:00:00,0.99984,0.99988,0.99965,0.99978,16690460.33078129,0.0002199999999999,-0.0002199999999999,5.287221400994623e-05,14,0,High,108020.0,88.72677812,3732.11,934.36961535,0.186048612680709,0.1885435080911273,USDT,1,1,-0.00019
2025-11-03 15:00:00,0.99978,0.99993,0.99953,0.99981,13310664.78268518,0.00019,-0.00019,5.222581958862922e-05,15,0,High,105713.4,207.93746852,3590.01,5001.37639741,0.2279337648760608,0.2217674564818878,USDT,0,1,-0.0001999999999999
2025-11-03 16:00:00,0.99981,0.9999,0.9993,0.9998,9864015.56108265,0.0001999999999999,-0.0001999999999999,5.222581958862922e-05,16,0,High,106649.9,152.56157124,3619.1,2458.44523062,0.2681475579577001,0.2634366596782147,USDT,0,1,-0.0002799999999999
2025-11-03 17:00:00,0.99979,0.99985,0.99962,0.99972,13261468.66761105,0.0002799999999999,-0.0002799999999999,5.5896838207186875e-05,17,0,High,107424.8,106.36080772,3666.01,1807.4582969,0.3406459380966471,0.3590176226878794,USDT,0,1,-0.00019
2025-11-03 18:00:00,0.99973,0.99987,0.99968,0.99981,9811594.06362071,0.00019,-0.00019,5.5788160396277574e-05,18,0,High,106937.9,44.30489414,3632.04,2291.7064274,0.3811159154346241,0.3858954362036865,USDT,0,1,-0.00026
2025-11-03 19:00:00,0.99981,0.99985,0.99965,0.99974,9599765.64199134,0.00026,-0.00026,5.7860401716381634e-05,19,0,High,107020.0,90.72680042,3629.52,1090.94455575,0.4046348730700119,0.4251407091865234,USDT,0,1,-0.0002999999999999
2025-11-03 20:00:00,0.99974,0.99977,0.99965,0.9997,7087807.78763691,0.0002999999999999,-0.0002999999999999,6.241515980706459e-05,20,0,High,106589.9,77.92971469,3588.2,4729.40210598,0.4663520437160449,0.5094920510814358,USDT,0,1,-0.0002499999999999
2025-11-03 21:00:00,0.9997,0.9998,0.9997,0.99975,4472588.9533551,0.0002499999999999,-0.0002499999999999,6.355272830644735e-05,21,0,High,106840.2,92.63652786,3598.99,4935.95729756,0.5037131718629694,0.5505529689741119,USDT,0,1,-0.0002499999999999
2025-11-03 22:00:00,0.99975,0.99989,0.99971,0.99975,11772825.62943403,0.0002499999999999,-0.0002499999999999,6.460442619426999e-05,22,0,High,106387.3,97.75640335,3588.0,1342.71578384,0.5545977080596143,0.5975466274151784,USDT,0,1,-0.00029
2025-11-03 23:00:00,0.99975,0.99976,0.99971,0.99971,3018376.3633813,0.00029,-0.00029,6.730850453282936e-05,23,0,High,106538.3,40.68737549,3601.99,1272.78465884,0.6520678619884356,0.6855550310451413,USDT,0,1,-0.00029
2025-11-04 00:00:00,0.99972,0.99973,0.99971,0.99971,1692985.11533115,0.00029,-0.00029,6.844944182971886e-05,0,1,High,106424.5,50.97338013,3615.46,5879.23467042,0.67700011487642,0.705593025563619,USDT,0,1,-0.0001999999999999
2025-11-04 01:00:00,0.99972,0.99981,0.99971,0.9998,11184425.82187729,0.0001999999999999,-0.0001999999999999,6.463806703477943e-05,1,1,High,107030.3,36.77150279,3642.03,3711.54341331,0.626946850566095,0.6521850030091165,USDT,0,1,-0.00029
2025-11-04 02:00:00,0.9998,0.99981,0.99971,0.99971,10724998.3455133,0.00029,-0.00029,5.547554625005403e-05,2,1,High,106500.0,24.78099922,3625.01,1394.68723278,0.4989999146142307,0.563759943468444,USDT,0,1,-0.0002699999999999
2025-11-04 03:00:00,0.99972,0.99973,0.99971,0.99973,2854766.90487466,0.0002699999999999,-0.0002699999999999,4.273273869515265e-05,3,1,High,107134.8,47.10078924,3642.17,950.90093061,0.4092858262411763,0.5392920717813267,USDT,0,1,-0.0002799999999999
2025-11-04 04:00:00,0.99973,0.99978,0.99971,0.99972,5380154.29364084,0.0002799999999999,-0.0002799999999999,4.117829736383741e-05,4,1,High,106732.5,35.45998958,3624.0,647.83777768,0.3692079889563078,0.4943991309547666,USDT,0,1,-0.0004399999999999
2025-11-04 05:00:00,0.99972,0.99981,0.99948,0.99956,15574766.73941166,0.0004399999999999,-0.0004399999999999,5.7173775278467275e-05,5,1,High,104210.5,162.2551426,3492.78,5334.89402899,0.6807120111735012,0.6605049592095018,USDT,0,1,-0.00033
2025-11-04 06:00:00,0.99957,0.99973,0.99944,0.99967,3561656.91037293,0.00033,-0.00033,5.911791214277328e-05,6,1,High,104700.0,98.68401335,3512.85,1732.02155108,0.7036627559924719,0.6881461682573701,USDT,0,1,-0.0003499999999999
2025-11-04 07:00:00,0.99966,0.99994,0.99957,0.99965,22187436.53629802,0.0003499999999999,-0.0003499999999999,6.248478075483854e-05,7,1,High,104428.3,62.84485626,3492.06,2845.74778428,0.7473730863965019,0.7458289291836299,USDT,0,1,-0.0004699999999999
2025-11-04 08:00:00,0.99964,0.99971,0.99946,0.99953,10704127.66771776,0.0004699999999999,-0.0004699999999999,7.604346583078049e-05,8,1,High,104000.1,137.11708093,3493.82,1673.60141508,0.8105375097693641,0.7892986089346579,USDT,0,1,-0.0005199999999999
2025-11-04 09:00:00,0.99954,0.99981,0.99939,0.99948,14758635.73573048,0.0005199999999999,-0.0005199999999999,9.187262764319086e-05,9,1,High,103831.0,62.22494476,3490.67,259.05400182,0.8474352664297241,0.8163256064962023,USDT,0,1,-0.0004699999999999
2025-11-04 10:00:00,0.99948,0.99958,0.99941,0.99953,13062422.46580156,0.0004699999999999,-0.0004699999999999,9.83772316650446e-05,10,1,High,103812.9,49.77337812,3483.85,533.97642405,0.8719499856889046,0.8336362008134246,USDT,0,1,-0.0004199999999999
2025-11-04 11:00:00,0.99953,0.99989,0.99941,0.99958,15917947.84985806,0.0004199999999999,-0.0004199999999999,0.0001000642909273,11,1,High,104540.0,79.03220041,3529.21,681.18876884,0.8755065669424996,0.8354084396342476,USDT,0,1,-0.0004199999999999
2025-11-04 12:00:00,0.99958,0.99963,0.99937,0.99958,6500189.0654167,0.0004199999999999,-0.0004199999999999,0.0001012923734912,12,1,High,103852.0,203.7839082,3509.26,668.23036244,0.878127314227041,0.842685021849712,USDT,0,1,-0.00041
2025-11-04 13:00:00,0.99958,0.99969,0.99943,0.99959,19210106.91320801,0.00041,-0.00041,9.845822331883745e-05,13,1,High,103849.9,146.40402752,3505.58,449.60085669,0.870032428797539,0.8326924799878681,USDT,0,1,-0.0003699999999999
2025-11-04 14:00:00,0.99959,0.99964,0.99958,0.99963,12201157.93229001,0.0003699999999999,-0.0003699999999999,9.683019651173796e-05,14,1,High,104499.2,254.6617572,3554.67,1747.97457623,0.8685902347973041,0.8520895313853133,USDT,0,1,-0.0005199999999999
2025-11-04 15:00:00,0.99963,0.99965,0.99937,0.99948,20143722.28244055,0.0005199999999999,-0.0005199999999999,0.0001005555221928,15,1,High,103160.1,90.61916749,3504.65,2135.21388456,0.9176653568118897,0.8700213503434119,USDT,0,1,-0.0004999999999999
2025-11-04 16:00:00,0.99948,0.99963,0.99938,0.9995,11893826.76995324,0.0004999999999999,-0.0004999999999999,0.0001015237175117,16,1,High,102199.9,201.14612183,3427.76,3110.83855253,0.9251048691549166,0.8816441395816158,USDT,0,1,-0.0006399999999999
2025-11-04 17:00:00,0.99951,0.99962,0.999,0.99936,26882038.30001133,0.0006399999999999,-0.0006399999999999,0.0001164254753238,17,1,High,101080.1,420.27149492,3372.31,5531.36378672,0.9487030931774508,0.9208779209218916,USDT,0,1,-0.00063
2025-11-04 18:00:00,0.99938,0.99942,0.99912,0.99937,18236352.38891372,0.00063,-0.00063,0.0001223672010145,18,1,High,101290.9,533.9250473,3302.78,9026.70410231,0.9580409880418952,0.9262381077016888,USDT,0,1,-0.0007099999999999
2025-11-04 19:00:00,0.99937,0.99947,0.99928,0.99929,3122206.57861629,0.0007099999999999,-0.0007099999999999,0.0001365066224441,19,1,High,100395.0,245.62292,3229.0,2307.15622914,0.9650845863178245,0.937297816269676,USDT,0,1,-0.00068
2025-11-04 20:00:00,0.99929,0.99944,0.99918,0.99932,10894833.72303071,0.00068,-0.00068,0.000146009727689,20,1,High,100689.9,360.71873098,3213.33,12109.05417974,0.970338823478464,0.9390734373439518,USDT,0,1,-0.0005699999999999
2025-11-04 21:00:00,0.99932,0.99958,0.99925,0.99943,16438886.41678477,0.0005699999999999,-0.0005699999999999,0.0001447336384089,21,1,High,100280.0,355.23885432,3213.41,6317.3988635,0.9567657493363112,0.9158724650556092,USDT,0,1,-0.0002299999999999
2025-11-04 22:00:00,0.99943,0.9999,0.99935,0.99977,7054855.17598143,0.0002299999999999,-0.0002299999999999,0.0001458682152904,22,1,High,101247.9,317.82969263,3244.98,3758.83573284,0.8105798563254152,0.7215623795697029,USDT,0,1,-0.0001999999999999
2025-11-04 23:00:00,0.99977,0.9999,0.99965,0.9998,4974812.70622562,0.0001999999999999,-0.0001999999999999,0.0001506790186681,23,1,High,101537.3,65.43872358,3288.88,1836.22260165,0.6773560034085031,0.5683571438857713,USDT,0,1,-0.00029
2025-11-05 00:00:00,0.9998,0.9999,0.99966,0.99971,3722339.97692488,0.00029,-0.00029,0.0001506790186681,0,2,High,100599.1,85.94906438,3240.0,3763.8723119,0.5720884210496199,0.4555830418889907,USDT,0,1,-9.00000000000345e-05
2025-11-05 01:00:00,0.99972,0.99991,0.99962,0.99991,4097211.80323748,9.00000000000345e-05,-9.00000000000345e-05,0.0001592623394081,1,2,High,100672.7,202.71347282,3245.0,2106.81882956,0.3386620027045384,0.2244397233350622,USDT,0,1,-0.00012
2025-11-05 02:00:00,0.99991,0.99994,0.99974,0.99988,4379084.78321475,0.00012,-0.00012,0.0001688274781883,2,2,High,101669.2,87.21525653,3321.83,975.46327681,0.2270190735790686,0.1157889744435134,USDT,0,1,-0.0002299999999999
2025-11-05 03:00:00,0.99989,0.99994,0.99976,0.99977,3848745.53542322,0.0002299999999999,-0.0002299999999999,0.0001704974605619,3,2,High,102118.5,161.02326972,3331.91,1072.50722493,0.1442069420289037,0.0284609827293294,USDT,1,1,-0.0002199999999999
2025-11-05 04:00:00,0.99977,0.99985,0.99975,0.99978,3495226.41551085,0.0002199999999999,-0.0002199999999999,0.0001729407831972,4,2,High,101947.2,88.19761593,3329.05,2235.61079141,0.054395470504365,-0.0583343370954382,USDT,1,1,-0.00016
2025-11-05 05:00:00,0.99979,0.99989,0.99976,0.99984,1910317.81733764,0.00016,-0.00016,0.0001800960894893,5,2,High,101770.0,88.03287002,3325.98,950.97976891,0.0362539975555405,-0.0779929932366975,USDT,1,1,-0.0001499999999999
2025-11-05 06:00:00,0.99984,0.99989,0.99974,0.99985,3579513.71540763,0.0001499999999999,-0.0001499999999999,0.0001866752391926,6,2,High,102059.5,19.24400584,3334.9,1826.61851188,0.0007114258946915,-0.1155056012936513,USDT,1,1,-0.00014
2025-11-05 07:00:00,0.99985,0.99988,0.99966,0.99986,3117131.07411459,0.00014,-0.00014,0.0001934507389643,7,2,High,102039.9,52.34900043,3333.34,703.37233199,-0.0209727220292946,-0.1407575480932525,USDT,1,1,-0.00014
2025-11-05 08:00:00,0.99987,0.9999,0.99982,0.99986,2757086.94457535,0.00014,-0.00014,0.00019855957745,8,2,High,101724.2,88.42394202,3300.33,716.80862141,-0.0095767872325988,-0.1450894623207178,USDT,1,1,-0.0002499999999999
2025-11-05 09:00:00,0.99986,0.99989,0.99964,0.99975,7531775.57879687,0.0002499999999999,-0.0002499999999999,0.0001972124580832,9,2,High,101969.0,31.77896274,3306.28,368.78455269,0.0354432716204929,-0.1183788689647999,USDT,1,1,-0.00026
2025-11-05 10:00:00,0.99979,0.99988,0.99973,0.99974,2622024.59188785,0.00026,-0.00026,0.0001966232143105,10,2,High,101348.2,70.99568314,3277.46,355.76972463,0.0649835439575199,-0.1018861297185473,USDT,1,1,-7.999999999996898e-05
2025-11-05 11:00:00,0.99974,1.0,0.99974,0.99992,30704050.8631296,7.999999999996898e-05,-7.999999999996898e-05,0.0002033376395362,11,2,High,102000.0,33.11432423,3321.28,251.76616753,0.1171785886701037,-0.0835131988371403,USDT,1,1,-0.00016
2025-11-05 12:00:00,0.99992,0.99998,0.99951,0.99984,14783251.49652388,0.00016,-0.00016,0.0002054576898508,12,2,High,102655.6,115.46511477,3345.13,945.14486531,0.1921371880715142,-0.0458557909407218,USDT,1,1,-0.00017
2025-11-05 13:00:00,0.99984,0.99984,0.99983,0.99983,4266000.05928291,0.00017,-0.00017,0.0002068706625272,13,2,High,102975.1,107.24042454,3359.05,842.94868747,0.284416213886401,0.005063298179937,USDT,0,1,-0.00031
2025-11-05 14:00:00,0.99983,1.00001,0.99959,0.99969,70613791.15840359,0.00031,-0.00031,0.0002065130623653,14,2,High,103180.1,195.57519088,3346.31,1860.69407966,0.3738501395547005,0.0499418046124852,USDT,0,1,-0.00024
2025-11-05 15:00:00,0.99968,0.99995,0.99966,0.99976,34159761.94180875,0.00024,-0.00024,0.000202018348284,15,2,High,103712.9,119.16172206,3397.63,2007.55689389,0.4699092648982889,0.2413228341385235,USDT,0,1,-0.00031
2025-11-05 16:00:00,0.99976,0.99977,0.99949,0.99969,8395356.53028365,0.00031,-0.00031,0.0001974603243947,16,2,High,103914.0,98.88904232,3436.3,7026.96539902,0.4425381447096391,0.3299041567364297,USDT,0,1,-0.0001999999999999
2025-11-05 17:00:00,0.99969,0.9998,0.99957,0.9998,6212538.08895868,0.0001999999999999,-0.0001999999999999,0.0001835696763816,17,2,High,103915.9,122.42103321,3435.31,2377.9772622,0.4169753141612666,0.454801070491776,USDT,0,1,-0.0001999999999999
2025-11-05 18:00:00,0.9998,0.99985,0.99976,0.9998,11238809.89440098,0.0001999999999999,-0.0001999999999999,0.0001674353649894,18,2,High,104344.0,185.64710911,3461.32,2514.83653092,0.3953357043660792,0.4652870223527947,USDT,0,1,-0.00019
2025-11-05 19:00:00,0.99981,0.99987,0.9998,0.99981,9356432.85349546,0.00019,-0.00019,0.000136779071837,19,2,High,104090.0,95.07214432,3456.78,1487.53393966,0.2895771794646994,0.3841056510634561,USDT,0,1,-0.0001799999999999
2025-11-05 20:00:00,0.99981,0.99985,0.99981,0.99982,7346623.62991482,0.0001799999999999,-0.0001799999999999,9.84214171922264e-05,20,2,High,103850.4,119.91405005,3452.57,1308.67452882,0.1597621098851126,0.2273795374235526,USDT,0,1,-0.0001799999999999
2025-11-05 21:00:00,0.99983,0.99989,0.99981,0.99982,4601862.79203697,0.0001799999999999,-0.0001799999999999,6.233964937213651e-05,21,2,High,103656.2,70.72699249,3442.49,2342.80887363,-0.194424846713064,-0.0810612824614413,USDT,1,1,-0.00017
2025-11-05 22:00:00,0.99981,0.99985,0.99981,0.99983,4866989.46616724,0.00017,-0.00017,6.211256728128392e-05,22,2,High,103696.0,75.22173765,3426.4,865.61860736,-0.2054009224690049,-0.1031791018189994,USDT,1,1,-0.0001499999999999
2025-11-05 23:00:00,0.99982,0.9999,0.9998,0.99985,3873562.99830007,0.0001499999999999,-0.0001499999999999,6.271484811182495e-05,23,2,High,103900.0,30.71872142,3424.01,275.95802806,-0.173319071956839,-0.0789664439786131,USDT,1,1,-0.0001799999999999
2025-11-06 00:00:00,0.99984,0.99989,0.9998,0.99982,981883.38745203,0.0001799999999999,-0.0001799999999999,5.909952303494393e-05,0,3,High,103672.2,29.81045529,3407.34,507.35343888,-0.3390185172813754,-0.2313281645999917,USDT,1,1,-0.00021
2025-11-06 01:00:00,0.99982,0.99983,0.99978,0.99979,6318361.3333803,0.00021,-0.00021,5.5534295446966785e-05,1,3,High,103345.9,55.53847668,3405.58,521.95882015,-0.2306475727461547,-0.1094501543133603,USDT,1,1,-0.0001999999999999
2025-11-06 02:00:00,0.9998,0.99998,0.99979,0.9998,1485508.04524996,0.0001999999999999,-0.0001999999999999,5.3405747938067825e-05,2,3,High,103362.8,35.52644948,3422.92,199.82131232,-0.1698599655078099,-0.0623391130455441,USDT,1,1,-0.00021
2025-11-06 03:00:00,0.99979,0.99984,0.99976,0.99979,1145379.41595569,0.00021,-0.00021,5.299029169831814e-05,3,3,High,103615.0,18.41583719,3432.27,233.11181317,-0.2090126744682785,-0.0985260111452261,USDT,1,1,-0.00021
2025-11-06 04:00:00,0.99978,0.9998,0.99978,0.99979,459303.8589897,0.00021,-0.00021,5.28173637435942e-05,4,3,High,104000.0,57.94432719,3452.12,849.24589527,-0.251669067744604,-0.1338630668219857,USDT,1,1,-0.0001999999999999
2025-11-06 05:00:00,0.9998,0.9998,0.99976,0.9998,2819568.78949841,0.0001999999999999,-0.0001999999999999,5.233497181755616e-05,5,3,High,103117.6,80.78133777,3385.38,361.45024436,-0.2218630744498166,-0.1064870274489689,USDT,1,1,-0.0002299999999999
2025-11-06 06:00:00,0.9998,0.99982,0.99976,0.99977,10997885.10326617,0.0002299999999999,-0.0002299999999999,5.186206622214243e-05,6,3,High,103320.2,19.60178607,3385.01,840.03238299,-0.18288010852579,-0.0667034080010374,USDT,1,1,-0.0002299999999999
2025-11-06 07:00:00,0.99976,1.0,0.99976,0.99977,27499979.33011165,0.0002299999999999,-0.0002299999999999,5.06694316540004e-05,7,3,High,103236.3,39.84864983,3379.85,629.41861726,-0.1169609710295953,-0.0062380785028317,USDT,1,1,-0.0002299999999999
2025-11-06 08:00:00,0.99977,0.9998,0.99976,0.99977,5879080.93355386,0.0002299999999999,-0.0002299999999999,4.915039032766883e-05,8,3,High,103200.0,25.72805383,3384.8,170.05885301,-0.0051086177155468,0.1061932746973804,USDT,1,1,-0.00024
2025-11-06 09:00:00,0.99977,0.99977,0.99976,0.99976,4458811.50409801,0.00024,-0.00024,4.8804549560133e-05,9,3,High,102869.7,16.68470871,3382.71,206.36072497,-0.0642708041163575,0.0481486881902439,USDT,1,1,-0.00024
2025-11-06 10:00:00,0.99977,0.99978,0.99976,0.99976,14971968.10293482,0.00024,-0.00024,4.800362304953815e-05,10,3,High,103148.1,41.0234378,3393.3,261.34894343,-0.2639747795155646,-0.0940781572645783,USDT,1,1,-0.00024
2025-11-06 11:00:00,0.99977,0.99977,0.99976,0.99976,4567046.91290909,0.00024,-0.00024,4.039658472910129e-05,11,3,High,103172.8,22.52214033,3398.96,352.63503033,0.1171909081395229,0.2297955067104113,USDT,0,1,-0.0004399999999999
2025-11-06 12:00:00,0.99976,0.99977,0.99955,0.99956,26599381.94643513,0.0004399999999999,-0.0004399999999999,6.033721662429769e-05,12,3,High,102530.0,47.65396799,3347.85,1162.2804321,0.5090956815423276,0.5212544938780279,USDT,0,1,-0.0004999999999999
2025-11-06 13:00:00,0.99956,0.9996,0.99941,0.9995,23154013.75478758,0.0004999999999999,-0.0004999999999999,8.153309099610404e-05,13,3,High,103253.7,44.6546921,3389.28,961.24984014,0.5079638192658781,0.542249954230425,USDT,0,1,-0.00053
2025-11-06 14:00:00,0.99951,0.99959,0.99938,0.99947,17470173.90236074,0.00053,-0.00053,0.0001002957582866,14,3,High,102063.8,141.76549774,3325.45,1036.84898306,0.6683132425893673,0.6661174436892411,USDT,0,1,-0.0004499999999999
2025-11-06 15:00:00,0.99947,0.99984,0.99941,0.99955,21021959.49256409,0.0004499999999999,-0.0004499999999999,0.0001085477254276,15,3,High,101950.7,160.23180778,3299.04,2459.95247598,0.7281876326894294,0.7266071058631237,USDT,0,1,-0.0006199999999999
2025-11-06 16:00:00,0.99954,0.99961,0.99937,0.99938,12431036.68172411,0.0006199999999999,-0.0006199999999999,0.0001314130284935,16,3,High,100813.3,264.35997792,3275.17,3136.38666754,0.8497517717690048,0.8325383852976418,USDT,0,1,-0.00053
2025-11-06 17:00:00,0.99938,0.99956,0.99934,0.99947,5517765.63717868,0.00053,-0.00053,0.0001409183132683,17,3,High,101744.2,82.10426003,3327.8,1545.66021915,0.869534903025487,0.8447021802604611,USDT,0,1,-0.00055
2025-11-06 18:00:00,0.99946,0.99953,0.99936,0.99945,14056503.04296586,0.00055,-0.00055,0.0001499220812112,18,3,High,101687.3,93.6744913,3328.11,7101.32128129,0.8948315912734496,0.8605719686096686,USDT,0,1,-0.00046
2025-11-06 19:00:00,0.99945,0.99965,0.99944,0.99954,11348895.86443721,0.00046,-0.00046,0.0001517219997802,19,3,High,101355.0,138.75065562,3323.5,892.7167858,0.8908204329624554,0.870442022932782,USDT,0,1,-0.00048
2025-11-06 20:00:00,0.99953,0.99988,0.99941,0.99952,8286128.28502385,0.00048,-0.00048,0.0001531126325971,20,3,High,100865.9,73.44710667,3304.71,1277.33633425,0.8754350824688761,0.8757042081808831,USDT,0,1,-0.00058
2025-11-06 21:00:00,0.99952,0.9996,0.99941,0.99942,4577266.04913321,0.00058,-0.00058,0.0001588728413232,21,3,High,101079.6,32.20116973,3325.74,667.10271084,0.8851610223253673,0.8739714071592899,USDT,0,1,-0.00058
2025-11-06 22:00:00,0.99943,0.99956,0.99936,0.99942,4521682.79701654,0.00058,-0.00058,0.0001621811252621,22,3,High,101358.8,50.74525697,3320.0,658.76325632,0.8884659337855735,0.8719672114915833,USDT,0,1,-0.00056
2025-11-06 23:00:00,0.99941,0.99945,0.99938,0.99944,1342860.94286555,0.00056,-0.00056,0.0001613776738684,23,3,High,101290.1,47.65616041,3313.54,377.5404232,0.8874134860083586,0.8700874818466666,USDT,0,1,-0.00056
2025-11-07 00:00:00,0.99945,0.99945,0.99939,0.99944,1543232.52832906,0.00056,-0.00056,0.0001604793543993,0,4,High,101490.1,64.67874578,3322.76,5307.57000193,0.884885225264447,0.8678314662077075,USDT,0,1,-0.00055
2025-11-07 01:00:00,0.99944,0.99948,0.99939,0.99945,4590524.7148168,0.00055,-0.00055,0.0001592077304948,1,4,High,101476.4,27.87131626,3321.47,832.58711391,0.8840989355439856,0.8648973210187908,USDT,0,1,-0.0006099999999999
2025-11-07 02:00:00,0.99945,0.99951,0.99938,0.99939,4368679.64789721,0.0006099999999999,-0.0006099999999999,0.0001587171168729,2,4,High,101817.9,24.17137054,3344.63,441.6287857,0.8695632836575947,0.8339477116599472,USDT,0,1,-0.00058
2025-11-07 03:00:00,0.99939,0.99942,0.99938,0.99942,1372622.79971869,0.00058,-0.00058,0.0001555821233353,3,4,High,101864.9,32.63391218,3345.39,188.02034071,0.853313192505783,0.8065287457391898,USDT,0,1,-0.0005699999999999
2025-11-07 04:00:00,0.99942,0.99944,0.99932,0.99943,8258958.0205155,0.0005699999999999,-0.0005699999999999,0.0001503811582404,4,4,High,101968.9,42.38297326,3336.79,238.40783442,0.8315027928457086,0.7942598880050121,USDT,0,1,-0.0006199999999999
2025-11-07 05:00:00,0.99943,0.99944,0.9993,0.99938,3464373.11936632,0.0006199999999999,-0.0006199999999999,0.0001445507784011,5,4,High,102388.7,35.31127579,3364.97,3362.43555401,0.7779749154341766,0.7207365713594994,USDT,0,1,-0.00055
2025-11-07 06:00:00,0.99939,0.9995,0.99933,0.99945,2241857.43112931,0.00055,-0.00055,0.0001363791602939,6,4,High,101817.9,13.17549352,3346.2,223.99683011,0.7508656139923071,0.6882291990971703,USDT,0,1,-0.00056
2025-11-07 07:00:00,0.99944,0.99948,0.99933,0.99944,5555132.28079594,0.00056,-0.00056,0.0001264388206307,7,4,High,101973.6,74.39321541,3356.29,639.50269269,0.7106857320975604,0.6437027698967737,USDT,0,1,-0.0005699999999999
2025-11-07 08:00:00,0.99944,0.9995,0.99938,0.99943,7407825.46449471,0.0005699999999999,-0.0005699999999999,0.0001141501363266,8,4,High,101489.9,12.39253351,3340.36,314.25474307,0.6649463152600255,0.5939578739842218,USDT,0,1,-0.0005699999999999
2025-11-07 09:00:00,0.99943,0.99949,0.99934,0.99943,7851452.34890615,0.0005699999999999,-0.0005699999999999,9.951694925299796e-05,9,4,High,100972.7,65.35199215,3300.39,702.3288907,0.626190622927277,0.5415194381843261,USDT,0,1,-0.0005899999999999
2025-11-07 10:00:00,0.99943,0.99949,0.9994,0.99941,4617257.05977968,0.0005899999999999,-0.0005899999999999,8.037840758587214e-05,10,4,High,100768.7,47.20097894,3278.89,701.43043058,0.5333701957034546,0.4254256471902036,USDT,0,1,-0.0006699999999999
2025-11-07 11:00:00,0.99941,0.99951,0.99928,0.99933,5383405.84369235,0.0006699999999999,-0.0006699999999999,5.584658073675679e-05,11,4,High,100369.4,104.80055889,3260.2,5598.04499983,0.4272910545199663,0.2685968354093833,USDT,0,1,-0.0007
2025-11-07 12:00:00,0.99933,0.99946,0.99026,0.9993,37885916.14261579,0.0007,-0.0007,5.807915638243922e-05,12,4,High,99560.0,773.48918432,3218.51,36707.08261726,0.5241557241783875,0.4517842280451219,USDT,0,1,-0.0006599999999999
2025-11-07 13:00:00,0.99931,0.9994,0.9992,0.99934,22392627.51106319,0.0006599999999999,-0.0006599999999999,5.9557547377201216e-05,13,4,High,100249.9,85.4981204,3238.34,1253.18726204,0.5415594132844231,0.4810571986772011,USDT,0,1,-0.0003499999999999
2025-11-07 14:00:00,0.99935,0.9999,0.9992,0.99965,41437480.85606153,0.0003499999999999,-0.0003499999999999,7.440585920715944e-05,14,4,High,100706.7,297.34918851,3284.06,2472.04279296,0.2945684957267466,0.275620512818534,USDT,0,1,-0.00077
2025-11-07 15:00:00,0.9995,1.0,0.99901,0.99923,23576649.35431842,0.00077,-0.00077,8.154308899376042e-05,15,4,High,100780.0,496.57292032,3295.06,1538.81474753,0.2851026153774347,0.3200765231595334,USDT,0,1,-0.0007599999999999
2025-11-07 16:00:00,0.99924,0.99936,0.99916,0.99924,35701595.39031512,0.0007599999999999,-0.0007599999999999,8.940625403856155e-05,16,4,High,101079.8,577.39483104,3308.72,2130.73123374,0.2721111006029991,0.2864811580781567,USDT,0,1,-0.00072
2025-11-07 17:00:00,0.99925,1.0,0.99918,0.99928,24913093.83991759,0.00072,-0.00072,9.289915835757084e-05,17,4,High,102279.9,602.09984856,3383.23,3601.55886307,0.13912122866685,0.1351883977271412,USDT,0,1,-0.0006899999999999
2025-11-07 18:00:00,0.99928,0.9996,0.99922,0.99931,16896164.83927215,0.0006899999999999,-0.0006899999999999,9.463028745976553e-05,18,4,High,102553.5,218.63978042,3425.75,2502.74950186,0.0396041048187146,0.0020547172651524,USDT,1,1,-0.0005899999999999
2025-11-07 19:00:00,0.99931,0.99941,0.99929,0.99941,3733121.43085397,0.0005899999999999,-0.0005899999999999,9.010460909461444e-05,19,4,High,103274.2,298.74410228,3441.93,3033.59904335,0.0464173406352936,0.0095501469667078,USDT,1,1,-0.0002199999999999
2025-11-07 20:00:00,0.99941,0.99999,0.9993,0.99978,47429242.80036432,0.0002199999999999,-0.0002199999999999,0.0001169881698481,20,4,High,103714.6,435.85713023,3465.14,20477.60135229,0.3946067551879152,0.351656816476871,USDT,0,1,-0.0004199999999999
2025-11-07 21:00:00,0.99979,0.99979,0.9994,0.99958,9261285.7905715,0.0004199999999999,-0.0004199999999999,0.0001220803964146,21,4,High,103820.6,58.17595854,3468.11,1699.36498054,0.4695940053151569,0.4278849383468383,USDT,0,1,-0.00031
2025-11-07 22:00:00,0.99958,0.9998,0.99942,0.99969,13404548.97308359,0.00031,-0.00031,0.0001343091555914,22,4,High,103620.0,78.2429648,3444.25,1488.90007401,0.5495461359869495,0.5024207698339213,USDT,0,1,-0.00041
2025-11-07 23:00:00,0.99968,0.99977,0.99958,0.99959,1639008.37819727,0.00041,-0.00041,0.0001383651962616,23,4,High,103279.9,57.73191512,3433.9,1195.80689984,0.5821590346270493,0.5374254698036843,USDT,0,1,-0.00073
2025-11-08 00:00:00,0.9996,0.9996,0.9992,0.99927,2838227.31764745,0.00073,-0.00073,0.0001423044042838,0,5,High,102645.2,71.16498594,3421.78,784.88570213,0.5278867461516671,0.4641214790010353,USDT,0,1,-0.00072
2025-11-08 01:00:00,0.99921,0.99931,0.9991,0.99928,2071429.00536895,0.00072,-0.00072,0.0001452708614579,1,5,High,102932.0,14.05661763,3433.73,478.51556865,0.4746519069735257,0.4015522560445759,USDT,0,1,-0.0004999999999999
2025-11-08 02:00:00,0.99926,0.9995,0.99926,0.9995,1828198.54666899,0.0004999999999999,-0.0004999999999999,0.0001460438439241,2,5,High,102757.7,8.83683279,3439.95,1152.2761459,0.4825354070961615,0.413103090424405,USDT,0,1,-0.0005899999999999
2025-11-08 03:00:00,0.99949,0.99951,0.99933,0.99941,9024340.71164516,0.0005899999999999,-0.0005899999999999,0.0001460692708422,3,5,High,102600.0,21.04921941,3452.4,1167.48858176,0.4774378920893281,0.3962112964576872,USDT,0,1,-0.0006599999999999
2025-11-08 04:00:00,0.99941,0.99941,0.99924,0.99934,2684057.49964111,0.0006599999999999,-0.0006599999999999,0.0001470427079842,4,5,High,102472.6,20.41328788,3457.31,319.96010062,0.4631895145695442,0.3572182981791844,USDT,0,1,-0.0006699999999999
2025-11-08 05:00:00,0.99934,0.99942,0.99928,0.99933,1295882.21765247,0.0006699999999999,-0.0006699999999999,0.0001479791407168,5,5,High,102283.6,15.76565919,3429.31,586.63614442,0.4583042248567152,0.3311617105708137,USDT,0,1,-0.0006
2025-11-08 06:00:00,0.99933,0.99957,0.99916,0.9994,1673860.15169957,0.0006,-0.0006,0.0001478536046437,6,5,High,102200.1,60.59468403,3442.1,179.0874046,0.4594713543021096,0.3265117038994369,USDT,0,1,-0.00058
2025-11-08 07:00:00,0.99941,0.99946,0.99936,0.99942,766143.8498798,0.00058,-0.00058,0.0001477653594372,7,5,High,102299.9,28.43681013,3445.93,110.87995068,0.4598740518438167,0.3254501234473396,USDT,0,1,-0.00056
2025-11-08 08:00:00,0.99942,0.99951,0.99917,0.99944,2173398.06229632,0.00056,-0.00056,0.0001478248081797,8,5,High,102415.2,30.06413729,3455.5,103.18151663,0.4652336798365782,0.3303190049870804,USDT,0,1,-0.0005399999999999
2025-11-08 09:00:00,0.99943,0.9996,0.99943,0.99946,12494855.48078186,0.0005399999999999,-0.0005399999999999,0.0001480837747633,9,5,High,102356.4,35.08373491,3439.35,630.10364498,0.4798029297259449,0.3474253398935858,USDT,0,1,-0.0005199999999999
2025-11-08 10:00:00,0.99945,0.99948,0.99945,0.99948,846072.48107917,0.0005199999999999,-0.0005199999999999,0.0001486436259533,10,5,High,102514.6,31.66490975,3444.54,148.19710086,0.4948907574071866,0.3667688202316938,USDT,0,1,-0.0004999999999999
2025-11-08 11:00:00,0.99948,0.99957,0.99947,0.9995,1516978.05685027,0.0004999999999999,-0.0004999999999999,0.000148259833607,11,5,High,101800.1,70.52740816,3411.92,351.92531774,0.4697691398851554,0.3472414230607705,USDT,0,1,-0.00056
2025-11-08 12:00:00,0.99951,0.99953,0.99943,0.99944,1096256.61264207,0.00056,-0.00056,0.0001458104536928,12,5,High,102003.8,20.91243497,3406.81,685.16628389,0.4453858110020996,0.3008904138702983,USDT,0,1,-0.00056
2025-11-08 13:00:00,0.99943,0.9995,0.99943,0.99944,1205073.21754183,0.00056,-0.00056,0.000144487475011,13,5,High,101820.1,19.76771176,3395.92,255.908972,0.4323677598058478,0.2747771257456157,USDT,0,1,-0.0004899999999999
2025-11-08 14:00:00,0.99944,0.99966,0.99927,0.99951,14117102.25812336,0.0004899999999999,-0.0004899999999999,0.0001381706307024,14,5,High,101867.0,28.54608091,3398.83,274.29045902,0.6381365012795597,0.5465055572975301,USDT,0,1,-0.0002999999999999
2025-11-08 15:00:00,0.99952,0.99971,0.99951,0.9997,1130277.57707684,0.0002999999999999,-0.0002999999999999,0.0001417898015597,15,5,High,101665.5,15.86621852,3374.0,749.87833642,0.4245892108799661,0.3013493660674584,USDT,0,1,-0.00031
2025-11-08 16:00:00,0.99971,0.99971,0.99959,0.99969,1776168.66379289,0.00031,-0.00031,0.0001425638682203,16,5,High,101760.1,42.89038944,3367.58,448.380155,0.2159293950774931,-0.0557841818577233,USDT,1,1,-0.00029
2025-11-08 17:00:00,0.99969,0.99971,0.99961,0.99971,2572741.64388982,0.00029,-0.00029,0.0001448137234274,17,5,High,101961.8,61.8401129,3398.0,135.64223921,0.1233610903889087,-0.2350081114064251,USDT,1,1,-0.00038
2025-11-08 18:00:00,0.99969,0.99971,0.99944,0.99962,2306509.37972793,0.00038,-0.00038,0.0001421719463149,18,5,High,102185.1,26.35371701,3403.4,236.35306927,0.1078095864678563,-0.2758303445255417,USDT,1,1,-0.00041
2025-11-08 19:00:00,0.99962,0.9998,0.99956,0.99959,2786088.29048599,0.00041,-0.00041,0.0001419883389786,19,5,High,101950.0,14.41731482,3388.22,281.41691607,0.123477526815244,-0.2875393035206803,USDT,1,1,-0.00036
2025-11-08 20:00:00,0.99959,0.99966,0.99945,0.99964,1510999.75988761,0.00036,-0.00036,0.0001328717099478,20,5,High,102022.2,13.51774721,3396.71,216.95997488,-0.0903412048637297,-0.4912289853386537,USDT,1,1,-0.0002999999999999
2025-11-08 21:00:00,0.99964,0.99971,0.99962,0.9997,663836.85892415,0.0002999999999999,-0.0002999999999999,0.0001381181756138,21,5,High,102260.0,6.92084021,3406.81,245.73747039,-0.1873265644339319,-0.5777892524394865,USDT,1,1,-0.0003999999999999
2025-11-08 22:00:00,0.99971,0.99972,0.99946,0.9996,1584695.28393058,0.0003999999999999,-0.0003999999999999,0.0001340749303809,22,5,High,102368.8,16.24510966,3408.97,681.56122528,-0.4297894575908281,-0.6747071409174272,USDT,1,1,-0.0003999999999999
2025-11-08 23:00:00,0.9996,0.99966,0.99952,0.9996,441562.64611672,0.0003999999999999,-0.0003999999999999,0.0001343738835482,23,5,High,102282.1,14.59672178,3400.21,249.5993871,-0.5939291245543029,-0.7104717742198584,USDT,1,1,-0.0004499999999999
2025-11-09 00:00:00,0.99961,0.99963,0.99953,0.99955,1038078.83763773,0.0004499999999999,-0.0004499999999999,0.0001251079244241,0,6,High,101743.8,18.90377797,3383.46,110.5805573,-0.5466918522962595,-0.7398240295459242,USDT,1,1,-0.0004699999999999
2025-11-09 01:00:00,0.99955,0.99959,0.99945,0.99953,1164605.51571768,0.0004699999999999,-0.0004699999999999,0.0001147018820211,1,6,High,102020.5,6.80820999,3399.99,205.00033426,-0.4422099255766765,-0.7488609314525043,USDT,1,1,-0.0003199999999999
2025-11-09 02:00:00,0.99953,0.99969,0.99942,0.99968,2458857.91811534,0.0003199999999999,-0.0003199999999999,0.0001188074803678,2,6,High,101600.0,9.46352876,3367.1,124.44522036,-0.5182262383662584,-0.7755309352522901,USDT,1,1,-0.00031
2025-11-09 03:00:00,0.99968,0.99971,0.99959,0.99969,2273216.85854717,0.00031,-0.00031,0.0001199969806384,3,6,High,101624.3,36.96430302,3374.51,196.80897782,-0.5249019610217134,-0.7788907963216772,USDT,1,1,-0.00036
2025-11-09 04:00:00,0.99968,0.99971,0.99951,0.99964,1699741.99497212,0.00036,-0.00036,0.0001132395178627,4,6,High,101703.9,14.52309086,3374.67,1600.01014843,-0.4847837324000225,-0.7503819785513148,USDT,1,1,-0.0003999999999999
2025-11-09 05:00:00,0.99967,0.99975,0.99958,0.9996,3174037.48418604,0.0003999999999999,-0.0003999999999999,0.0001026593847406,5,6,High,101890.1,16.00646261,3404.38,178.67504454,-0.4563923456865347,-0.7482822248808714,USDT,1,1,-0.00029
2025-11-09 06:00:00,0.9996,0.99971,0.99958,0.99971,1341734.0316686,0.00029,-0.00029,0.0001000832986396,6,6,High,101682.2,4.69107083,3403.11,193.70739074,-0.4737037804190639,-0.6869714828210525,USDT,1,1,-0.00029
2025-11-09 07:00:00,0.99971,0.99974,0.99962,0.99971,345702.8870708,0.00029,-0.00029,9.728841776790032e-05,7,6,High,101887.3,57.65093426,3422.24,389.07401627,-0.4327798992123335,-0.5560561928388488,USDT,1,1,-0.00024
2025-11-09 08:00:00,0.9997,0.99978,0.99969,0.99976,430479.1220261,0.00024,-0.00024,9.734798628961476e-05,8,6,High,101940.6,14.33802761,3420.52,151.50239364,-0.3418733456643888,-0.3625800477004583,USDT,1,1,-0.00021
2025-11-09 09:00:00,0.99976,0.99981,0.99971,0.99979,527342.2973221,0.00021,-0.00021,9.908274978102048e-05,9,6,High,101641.2,9.79373222,3400.0,268.59958963,-0.3262958815510648,-0.2385209445192189,USDT,1,1,-0.00024
2025-11-09 10:00:00,0.9998,0.9998,0.99962,0.99976,1334207.79395336,0.00024,-0.00024,9.836341961637587e-05,10,6,High,101840.7,9.73801804,3401.12,158.26335697,-0.2185377923809194,-0.0713324916486741,USDT,1,1,-0.00021
2025-11-09 11:00:00,0.99977,0.99988,0.99976,0.99979,1155335.056537,0.00021,-0.00021,9.929370136210522e-05,11,6,High,102210.1,19.47938072,3428.74,240.37082013,-0.1459355572196885,0.1202407454227522,USDT,1,1,-0.0001999999999999
2025-11-09 12:00:00,0.9998,0.99981,0.99976,0.9998,1282238.60176551,0.0001999999999999,-0.0001999999999999,9.423894237828782e-05,12,6,High,102090.1,41.63712996,3441.09,1705.51653156,-0.0609823578869547,0.3187853114983007,USDT,1,1,-0.0002799999999999
2025-11-09 13:00:00,0.9998,0.99981,0.9997,0.99972,2299659.50250757,0.0002799999999999,-0.0002799999999999,8.25927234730177e-05,13,6,High,102897.6,26.83271762,3458.44,430.57203291,-0.0063256188961808,0.3616524548482436,USDT,0,1,-0.0002499999999999
2025-11-09 14:00:00,0.99972,0.99986,0.99971,0.99975,1411291.16366001,0.0002499999999999,-0.0002499999999999,7.664027585875955e-05,14,6,High,102954.0,141.47315726,3505.63,4768.01444634,0.0772691340691213,0.4091056104889617,USDT,0,1,-0.0002699999999999
2025-11-09 15:00:00,0.99976,0.99983,0.99966,0.99973,1332922.23190318,0.0002699999999999,-0.0002699999999999,7.721605299563822e-05,15,6,High,103766.7,135.57047598,3515.0,2060.82542087,0.1576294545719788,0.4239980364468966,USDT,0,1,-0.00036
2025-11-09 16:00:00,0.99973,0.99978,0.99958,0.99964,1912361.30703458,0.00036,-0.00036,7.765470766695086e-05,16,6,High,103805.0,25.2098592,3527.64,621.9654524,0.0705429008130474,0.3119161186012986,USDT,1,1,-0.0003199999999999
2025-11-09 17:00:00,0.99964,0.99973,0.99963,0.99968,322599.67329699,0.0003199999999999,-0.0003199999999999,7.738479047433057e-05,17,6,High,103594.5,22.05475037,3514.69,902.1122249,0.0719307424237958,0.2955987006328692,USDT,1,1,-0.0002999999999999
2025-11-09 18:00:00,0.99968,0.99977,0.99961,0.9997,926101.03341845,0.0002999999999999,-0.0002999999999999,7.648055545015481e-05,18,6,High,104499.9,131.25350157,3542.89,875.4049852,0.0862118621407783,0.2774121080099276,USDT,1,1,-0.0001299999999999
2025-11-09 19:00:00,0.99973,0.99989,0.99967,0.99987,1780471.0783726,0.0001299999999999,-0.0001299999999999,8.297022339748814e-05,19,6,High,104791.0,165.152401,3580.0,3860.51822803,0.2847479415196468,0.4192470870227392,USDT,0,1,-0.00019
2025-11-09 20:00:00,0.99985,0.99989,0.99961,0.99981,2177071.35985929,0.00019,-0.00019,8.543897728890729e-05,20,6,High,104605.0,89.95212093,3578.4,2406.66135202,0.3545912930606522,0.4717690770028517,USDT,0,1,-0.00021
2025-11-09 21:00:00,0.9998,0.99981,0.99968,0.99979,425896.68943833,0.00021,-0.00021,8.737309637753913e-05,21,6,High,104510.0,28.72560906,3579.75,1359.26381289,0.3990558563731888,0.5092740411368809,USDT,0,1,-0.0003999999999999
2025-11-09 22:00:00,0.99979,0.9999,0.99948,0.9996,10857918.13307606,0.0003999999999999,-0.0003999999999999,8.737309637753913e-05,22,6,High,104699.9,45.98413316,3586.71,574.46746925,0.2719777804006914,0.3576301729370318,USDT,0,1,-0.00031
2025-11-09 23:00:00,0.9996,0.99988,0.99949,0.99969,7203436.58378456,0.00031,-0.00031,8.459515694934812e-05,23,6,High,104729.8,78.70287758,3584.2,914.95645696,0.2310480144016784,0.2992443165002099,USDT,0,1,-0.0002799999999999
2025-11-10 00:00:00,0.99969,0.99988,0.99963,0.99972,1537563.7290686,0.0002799999999999,-0.0002799999999999,7.762787486514568e-05,0,0,High,106270.0,194.06954563,3635.24,3067.03117652,0.1563207415248734,0.2207484392891592,USDT,1,1,-0.00019
2025-11-10 01:00:00,0.99973,0.99986,0.9996,0.99981,4222055.19533101,0.00019,-0.00019,6.91983077584203e-05,1,0,High,105765.4,100.89962898,3629.01,4214.60155891,0.1749880546606048,0.2193300435926878,USDT,0,1,-0.0002999999999999
2025-11-10 02:00:00,0.9998,0.99981,0.99969,0.9997,1978406.90624692,0.0002999999999999,-0.0002999999999999,6.873072852082803e-05,2,0,High,105999.9,23.10541788,3626.39,345.80175057,0.1063291394928082,0.1511505441949559,USDT,1,1,-0.00029
2025-11-10 03:00:00,0.9997,0.99971,0.99963,0.99971,867179.16209873,0.00029,-0.00029,6.837662113883603e-05,3,0,High,106015.7,34.72403469,3626.96,1031.46327325,0.0577084644884388,0.1012354803503129,USDT,1,1,-0.0003199999999999
2025-11-10 04:00:00,0.9997,0.99971,0.99949,0.99968,7929129.25539817,0.0003199999999999,-0.0003199999999999,6.659416346958901e-05,4,0,High,106163.4,24.53471141,3618.12,346.58526876,-0.0619725391478898,-0.0262053234175686,USDT,1,1,-0.00033
2025-11-10 05:00:00,0.99969,0.99977,0.99964,0.99967,3467346.69277551,0.00033,-0.00033,6.202938760820574e-05,5,0,High,106050.7,25.182354,3607.35,2280.46000142,-0.2344967507425522,-0.2005744106323201,USDT,1,1,-0.00026
2025-11-10 06:00:00,0.99967,0.99982,0.9996,0.99974,1812786.00932791,0.00026,-0.00026,6.184951348515423e-05,6,0,High,106203.7,92.98052809,3604.71,571.43428449,-0.2544984655041798,-0.2297969423481714,USDT,1,1,-0.0002199999999999
2025-11-10 07:00:00,0.99974,0.99982,0.99961,0.99978,2984147.52590838,0.0002199999999999,-0.0002199999999999,6.230912883145319e-05,7,0,High,106416.5,67.20433575,3609.32,2042.45528561,-0.2374614386708926,-0.2334263830482244,USDT,1,1,-0.00029
2025-11-10 08:00:00,0.99978,0.99999,0.99962,0.99971,30242643.1709837,0.00029,-0.00029,6.234546111183157e-05,8,0,High,105920.1,23.1720679,3592.2,937.06156363,-0.2364921076732494,-0.2284163729124286,USDT,1,1,-0.0002699999999999
2025-11-10 09:00:00,0.99971,0.99976,0.99961,0.99973,1745244.99368785,0.0002699999999999,-0.0002699999999999,6.123724356561148e-05,9,0,High,106386.1,77.52319129,3624.01,585.56056089,-0.1775753463550506,-0.1658331611279685,USDT,1,1,-0.0002699999999999
2025-11-10 10:00:00,0.99972,0.99992,0.99972,0.99973,3661867.05595117,0.0002699999999999,-0.0002699999999999,6.0957041177228205e-05,10,0,High,105994.3,32.20612355,3605.09,487.960908,-0.1509050738335443,-0.1366960131198334,USDT,1,1,-0.00031
2025-11-10 11:00:00,0.99973,0.99987,0.99959,0.99969,6669607.90891669,0.00031,-0.00031,6.017938160651155e-05,11,0,High,106200.0,12.32105483,3608.13,307.82536742,-0.0991163287475181,-0.060824334470793,USDT,1,1,-0.00029
2025-11-10 12:00:00,0.99969,0.99983,0.99965,0.99971,19564914.3678533,0.00029,-0.00029,5.8210014573423834e-05,12,0,High,105900.1,37.32646306,3591.14,469.55045508,0.0233234816730799,0.0873314231012513,USDT,1,1,-0.0002199999999999
2025-11-10 13:00:00,0.99971,0.9998,0.99961,0.99978,7484367.60057256,0.0002199999999999,-0.0002199999999999,5.933813691281634e-05,13,0,High,106500.0,40.83725382,3614.92,690.41190679,0.0650813284420067,0.1230775885395063,USDT,1,1,-0.0003499999999999
2025-11-10 14:00:00,0.99978,0.99993,0.9994,0.99965,30924300.82982484,0.0003499999999999,-0.0003499999999999,6.105355216057966e-05,14,0,High,104901.9,210.0361918,3540.4,3786.38499428,0.1452125671942443,0.2401936410899988,USDT,0,1,-0.0002499999999999
2025-11-10 15:00:00,0.99964,1.0,0.99964,0.99975,37340991.88622064,0.0002499999999999,-0.0002499999999999,6.130820215690926e-05,15,0,High,105017.9,114.55555514,3518.72,2216.23925976,0.1562130621535022,0.2141719903687681,USDT,0,1,-0.00039
2025-11-10 16:00:00,0.99975,0.99982,0.99961,0.99961,14458368.17581178,0.00039,-0.00039,6.333571696144249e-05,16,0,High,105208.7,40.9617566,3529.5,1817.36677632,0.0736807180021883,0.2395278543067719,USDT,0,1,-0.0002299999999999
2025-11-10 17:00:00,0.99961,0.99978,0.99949,0.99977,18547113.39223213,0.0002299999999999,-0.0002299999999999,6.345145353775755e-05,17,0,High,105944.5,37.41722577,3554.79,1721.76610114,0.0190932903079862,0.1574827093650423,USDT,1,1,-0.0002999999999999
2025-11-10 18:00:00,0.99977,0.99983,0.9997,0.9997,5431238.72811957,0.0002999999999999,-0.0002999999999999,6.345145353775755e-05,18,0,High,105520.0,47.05171776,3532.33,439.23337306,-0.0063168272185088,0.1594263642212373,USDT,1,1,-0.0002699999999999
2025-11-10 19:00:00,0.99971,0.99978,0.9997,0.99973,6381287.32035746,0.0002699999999999,-0.0002699999999999,5.547554624724999e-05,19,0,High,105768.1,39.49139363,3557.13,1166.28443858,0.1558390583924343,0.2074802467924847,USDT,0,1,-0.00034
2025-11-10 20:00:00,0.99974,0.99974,0.99965,0.99966,8485456.71344829,0.00034,-0.00034,5.3200128033227065e-05,20,0,High,106000.7,50.79728822,3571.98,947.22466515,0.2985689587366721,0.2638867726208844,USDT,0,1,-0.00031
2025-11-10 21:00:00,0.99965,0.99974,0.99965,0.99969,2631908.78845599,0.00031,-0.00031,5.076052043032431e-05,21,0,High,105589.1,31.33138752,3540.21,1485.8589449,0.5180395561281224,0.3066606240555914,USDT,0,1,-0.0003499999999999
2025-11-10 22:00:00,0.99968,0.99972,0.99965,0.99965,4334101.11002865,0.0003499999999999,-0.0003499999999999,4.698905206600971e-05,22,0,High,106031.5,42.54510056,3575.01,1070.61703184,0.3573757711396453,0.347160665813412,USDT,0,1,-0.0004499999999999
2025-11-10 23:00:00,0.99966,0.99966,0.99936,0.99955,2330276.21282324,0.0004499999999999,-0.0004499999999999,5.725609896901332e-05,23,0,High,105973.3,20.00994455,3565.64,1838.46649065,0.2740332717988459,0.35208140313331,USDT,0,1,-0.0003499999999999
2025-11-11 00:00:00,0.99956,0.99977,0.99945,0.99965,3560939.09631953,0.0003499999999999,-0.0003499999999999,5.823335116578562e-05,0,1,High,106106.0,16.87358103,3584.99,2723.03781163,0.2415306071996291,0.344251757216691,USDT,0,1,-0.00036
2025-11-11 01:00:00,0.99965,0.99979,0.99953,0.99964,2126699.46513657,0.00036,-0.00036,5.4772255746973075e-05,1,1,High,106059.9,81.51559155,3579.05,1399.00597896,0.26942143008615,0.2663447502264195,USDT,0,1,-0.00046
2025-11-11 02:00:00,0.99964,0.99968,0.99952,0.99954,1217127.11213735,0.00046,-0.00046,6.322263399215204e-05,2,1,High,106655.8,28.34785694,3615.38,594.32245291,0.0415334975497848,0.122163368400677,USDT,1,1,-0.0003999999999999
2025-11-11 03:00:00,0.99957,0.99961,0.99941,0.9996,1116842.03453837,0.0003999999999999,-0.0003999999999999,6.552878557376644e-05,3,1,High,106470.1,119.09051761,3605.0,630.24726021,-0.0303264195182756,0.0571314401116326,USDT,1,1,-0.0003999999999999
2025-11-11 04:00:00,0.99959,0.9996,0.99957,0.9996,1391676.59732856,0.0003999999999999,-0.0003999999999999,6.77257363339054e-05,4,1,High,105703.8,24.2828757,3573.62,698.80947576,0.0001530472300888,0.069664250941569,USDT,1,1,-0.0003999999999999
2025-11-11 05:00:00,0.9996,0.9996,0.9992,0.9996,2267824.64688253,0.0003999999999999,-0.0003999999999999,6.967314996284731e-05,5,1,High,105273.3,18.12007907,3548.1,757.34054377,0.0703001869179146,0.1203092986802441,USDT,1,1,-0.0002999999999999
2025-11-11 06:00:00,0.9996,0.99971,0.99944,0.9997,4409197.01939955,0.0002999999999999,-0.0002999999999999,6.858296572815394e-05,6,1,High,105250.1,22.58932105,3556.78,238.61645657,0.023175847861272,0.0765848132065127,USDT,1,1,-0.00029
2025-11-11 07:00:00,0.99971,0.99974,0.9997,0.99971,3061425.28404045,0.00029,-0.00029,6.537378590634967e-05,7,1,High,104731.5,49.05352642,3543.67,944.57046901,-0.1071983420523868,-0.024975744578523,USDT,1,1,-0.00029
2025-11-11 08:00:00,0.99971,0.99971,0.9997,0.99971,1239673.62610961,0.00029,-0.00029,6.537378590634967e-05,8,1,High,105125.8,8.22061371,3562.44,157.4637764,-0.1404658918007413,-0.0494994712986742,USDT,1,1,-0.0001499999999999
2025-11-11 09:00:00,0.9997,0.99986,0.9997,0.99985,3189877.01804718,0.0001499999999999,-0.0001499999999999,7.395528417650921e-05,9,1,High,104950.0,19.44873786,3556.28,551.20101083,-0.3093497470425751,-0.1572256150226987,USDT,1,1,-0.00019
2025-11-11 10:00:00,0.99986,0.99986,0.9997,0.99981,19083028.62659699,0.00019,-0.00019,7.809205827012394e-05,10,1,High,105075.5,30.29579984,3560.0,1524.62206561,-0.3828482562841582,-0.2134667863857302,USDT,1,1,-0.00017
2025-11-11 11:00:00,0.99982,0.99987,0.9998,0.99983,13930512.14425687,0.00017,-0.00017,8.379473712975618e-05,11,1,High,105230.0,8.91395779,3573.25,530.39571299,-0.4206734220226453,-0.1919384615687181,USDT,1,1,-0.00011
2025-11-11 12:00:00,0.99984,0.9999,0.9998,0.99989,3472873.75581488,0.00011,-0.00011,9.343582622739698e-05,12,1,High,104510.0,74.12775336,3540.57,1067.59813207,-0.5260518176014827,-0.2673346048591634,USDT,1,1,-0.00016
2025-11-11 13:00:00,0.9999,0.9999,0.99983,0.99984,3346405.38000226,0.00016,-0.00016,9.657072950279235e-05,13,1,High,104350.1,142.46055354,3529.02,1304.12488922,-0.68340451503752,-0.4517922908077249,USDT,1,1,-0.0001299999999999
2025-11-11 14:00:00,0.99984,0.9999,0.9998,0.99987,7921888.79341166,0.0001299999999999,-0.0001299999999999,0.0001021853601337,14,1,High,104620.0,156.00317588,3531.01,4623.61362179,-0.7497749718875746,-0.5194569522453285,USDT,1,1,-0.00019
2025-11-11 15:00:00,0.99987,0.99988,0.9998,0.99981,1185476.18116926,0.00019,-0.00019,0.0001040197514668,15,1,High,103480.1,140.48263522,3482.54,4288.4570543,-0.7231717102321285,-0.5374774044353093,USDT,1,1,-0.0002699999999999
2025-11-11 16:00:00,0.99981,0.99981,0.99972,0.99973,4659258.93764746,0.0002699999999999,-0.0002699999999999,0.0001019297498897,16,1,High,103341.8,40.53543036,3484.78,2586.66827325,-0.6677462197592577,-0.5460709681875604,USDT,1,1,-0.0002799999999999
2025-11-11 17:00:00,0.99973,0.99997,0.99971,0.99972,8738325.19008802,0.0002799999999999,-0.0002799999999999,0.0001012387048607,17,1,High,103308.1,90.6897101,3473.42,4866.85148184,-0.636891018163073,-0.4913306705083648,USDT,1,1,-0.0003499999999999
2025-11-11 18:00:00,0.99972,0.99973,0.99961,0.99965,896944.86610977,0.0003499999999999,-0.0003499999999999,0.000102000816988,18,1,High,103368.8,27.9754468,3467.85,507.34799549,-0.5396542776461506,-0.3867348612265527,USDT,1,1,-0.00026
2025-11-11 19:00:00,0.99964,0.99974,0.99962,0.99974,1190571.91155648,0.00026,-0.00026,0.0001021082119914,19,1,High,103105.1,31.54669075,3455.92,396.82110119,-0.5327229069278048,-0.3766160106340237,USDT,1,1,-0.00038
2025-11-11 20:00:00,0.99973,0.99973,0.99958,0.99962,2440504.65882452,0.00038,-0.00038,0.0001032795558967,20,1,High,102700.0,51.49267101,3435.75,1618.09555087,-0.3989515010568123,-0.2381859657688881,USDT,1,1,-0.00048
2025-11-11 21:00:00,0.99962,0.99962,0.99948,0.99952,1585209.20513456,0.00048,-0.00048,0.0001101900532066,21,1,High,102596.4,20.54767685,3417.53,1078.28959194,-0.2143877321389274,-0.0375802446635488,USDT,1,1,-0.0004999999999999
2025-11-11 22:00:00,0.99953,0.99957,0.99937,0.9995,1551680.87916009,0.0004999999999999,-0.0004999999999999,0.0001172511240311,22,1,High,102960.1,42.17573562,3428.32,518.10634993,-0.0771883203925454,0.1116511350587557,USDT,1,1,-0.0004899999999999
2025-11-11 23:00:00,0.99951,0.9996,0.99949,0.99951,1215831.83713929,0.0004899999999999,-0.0004899999999999,0.0001196613579202,23,1,High,103011.5,19.10006142,3414.42,362.55142005,0.0664519029960452,0.257851102918556,USDT,0,1,-0.0004899999999999
2025-11-12 00:00:00,0.99952,0.99955,0.99939,0.99951,1415127.39270822,0.0004899999999999,-0.0004899999999999,0.0001251520813965,0,2,High,102870.1,18.20386017,3415.38,880.43971109,0.1611409416618416,0.3545874367164421,USDT,0,1,-0.0004999999999999
2025-11-12 01:00:00,0.99952,0.99952,0.99947,0.9995,1375812.83550805,0.0004999999999999,-0.0004999999999999,0.000130606167596,1,2,High,103205.1,12.55947647,3446.43,553.85141838,0.2356801974284697,0.4193842515112825,USDT,0,1,-0.00051
2025-11-12 02:00:00,0.9995,0.9995,0.99948,0.99949,1083513.82958162,0.00051,-0.00051,0.0001333344655735,2,2,High,103086.3,15.02115789,3425.8,182.27513452,0.4116519747398249,0.5873677557934663,USDT,0,1,-0.0004999999999999
2025-11-12 03:00:00,0.99949,0.9995,0.99934,0.9995,1304907.65641658,0.0004999999999999,-0.0004999999999999,0.0001374291648885,3,2,High,103254.8,6.08949629,3438.27,110.13355442,0.5444319937720579,0.7003004985974867,USDT,0,1,-0.00051
2025-11-12 04:00:00,0.99949,0.9995,0.99949,0.99949,693701.34056772,0.00051,-0.00051,0.0001418179073327,4,2,High,103148.1,13.05675956,3442.66,243.00025614,0.6467528824298161,0.7790209143279463,USDT,0,1,-0.00039
2025-11-12 05:00:00,0.9995,0.99962,0.99949,0.99961,3749406.01977799,0.00039,-0.00039,0.0001416152933267,5,2,High,103331.9,12.55726219,3448.92,210.72797444,0.7238942476488665,0.8294129705063203,USDT,0,1,-0.0002699999999999
2025-11-12 06:00:00,0.99961,0.99979,0.99961,0.99973,1510019.815699,0.0002699999999999,-0.0002699999999999,0.0001420119407092,6,2,High,103364.1,10.35938993,3439.97,192.49566479,0.7435325398639685,0.8241459218781275,USDT,0,1,-0.0001499999999999
2025-11-12 07:00:00,0.99974,0.99985,0.9997,0.99985,3988800.17226886,0.0001499999999999,-0.0001499999999999,0.0001464260212864,7,2,High,103117.5,23.618706,3426.24,428.48223293,0.6928268852181996,0.7480218273757836,USDT,0,1,-0.0002499999999999
2025-11-12 08:00:00,0.99984,0.99985,0.99973,0.99975,6157972.28790757,0.0002499999999999,-0.0002499999999999,0.0001470285390799,8,2,High,104140.1,129.43540169,3469.64,568.6034388,0.7344235891455886,0.7769067739533249,USDT,0,1,-0.0001499999999999
2025-11-12 09:00:00,0.99976,0.99985,0.99967,0.99985,20472251.58326507,0.0001499999999999,-0.0001499999999999,0.0001470285390799,9,2,High,104486.4,178.13555222,3483.89,287.12032821,0.7326865577472692,0.7535754442110822,USDT,0,1,-0.00016
2025-11-12 10:00:00,0.99984,0.99985,0.99984,0.99984,10122980.80889614,0.00016,-0.00016,0.0001483038156581,10,2,High,104880.0,17.46699018,3534.0,441.80742966,0.7479754777217754,0.7705592488441472,USDT,0,1,-0.0001299999999999
2025-11-12 11:00:00,0.99985,0.99988,0.99984,0.99987,4401811.40303992,0.0001299999999999,-0.0001299999999999,0.000150260040296,11,2,High,104994.2,66.75453517,3549.01,638.90005972,0.7702028219679993,0.7989812030413227,USDT,0,1,-0.00012
2025-11-12 12:00:00,0.99988,0.99989,0.99983,0.99988,3560653.49717298,0.00012,-0.00012,0.0001496735578272,12,2,High,105019.7,42.2422049,3552.15,907.71079839,0.7709339811009894,0.7952278647101293,USDT,0,1,-0.00017
2025-11-12 13:00:00,0.99988,0.99989,0.99979,0.99983,4000894.70209182,0.00017,-0.00017,0.000149229300265,13,2,High,105000.1,20.22193262,3577.19,651.31544958,0.7666910548072317,0.7715997493861517,USDT,0,1,-9.00000000000345e-05
2025-11-12 14:00:00,0.99982,0.99991,0.99975,0.99991,25927484.81979087,9.00000000000345e-05,-9.00000000000345e-05,0.0001516234609573,14,2,High,103900.0,210.22676031,3501.27,4160.82537396,0.7356310279996088,0.7550898107005238,USDT,0,1,-0.00017
2025-11-12 15:00:00,0.9999,0.99991,0.99975,0.99983,17918886.40649557,0.00017,-0.00017,0.0001524004783349,15,2,High,102170.9,204.44693865,3428.92,4373.14500334,0.6180568458600361,0.697390834271302,USDT,0,1,-0.00017
2025-11-12 16:00:00,0.99983,0.99991,0.99982,0.99983,9870247.33384706,0.00017,-0.00017,0.0001550403173359,16,2,High,101455.6,125.0696624,3398.15,3196.64916224,0.453045960992248,0.6022330829343568,USDT,0,1,-0.0001799999999999
2025-11-12 17:00:00,0.99984,0.9999,0.99982,0.99982,11032993.19650943,0.0001799999999999,-0.0001799999999999,0.0001572447321747,17,2,High,101750.1,56.50745725,3429.21,1461.89306183,0.358614795401227,0.5645547555141172,USDT,0,1,-0.00024
2025-11-12 18:00:00,0.99982,0.9999,0.99975,0.99976,14593371.40862274,0.00024,-0.00024,0.0001575422648592,18,2,High,101579.2,60.92130645,3426.0,3502.42454049,0.3056711856343791,0.5491000044955751,USDT,0,1,-0.0003199999999999
2025-11-12 19:00:00,0.99976,0.99976,0.99965,0.99968,5318549.32543108,0.0003199999999999,-0.0003199999999999,0.0001573144179233,19,2,High,101279.9,60.45986273,3408.56,1520.64519253,0.2944087510281732,0.5433444267193861,USDT,0,1,-0.0002999999999999
2025-11-12 20:00:00,0.99967,0.9997,0.99967,0.9997,2616171.82330872,0.0002999999999999,-0.0002999999999999,0.0001565016090101,20,2,High,101520.0,88.77477304,3415.37,1104.73361998,0.2733238664347835,0.53166348335535,USDT,0,1,-0.00031
2025-11-12 21:00:00,0.9997,0.99978,0.99954,0.99969,3643670.629175,0.00031,-0.00031,0.0001518574608156,21,2,High,101890.0,35.04652059,3422.63,823.37783212,0.2552783708095396,0.513286898405244,USDT,0,1,-0.0003499999999999
2025-11-12 22:00:00,0.99969,0.99979,0.99963,0.99965,3648794.89595019,0.0003499999999999,-0.0003499999999999,0.0001460097276871,22,2,High,101976.8,74.38454178,3420.0,240.23376426,0.2685982687345838,0.5110745485489323,USDT,0,1,-0.0002199999999999
2025-11-12 23:00:00,0.99965,0.99984,0.99958,0.99978,4945325.61630474,0.0002199999999999,-0.0002199999999999,0.0001400769715925,23,2,High,101666.6,44.65851257,3413.51,158.81731762,0.2471942985391117,0.4657798281990977,USDT,0,1,-0.00026
2025-11-13 00:00:00,0.99978,0.99978,0.99964,0.99974,1317135.30144549,0.00026,-0.00026,0.0001325420359879,0,3,High,101856.9,74.06370179,3410.76,197.07532566,0.2442270956878204,0.4324439750266953,USDT,0,1,-0.0002999999999999
2025-11-13 01:00:00,0.99973,0.99974,0.99964,0.9997,1300521.12620399,0.0002999999999999,-0.0002999999999999,0.0001232500698158,1,3,High,101953.7,38.14053381,3423.73,672.90705684,0.2841795264366024,0.4570175462260414,USDT,0,1,-0.0003499999999999
2025-11-13 02:00:00,0.9997,0.99971,0.99962,0.99965,629527.25702353,0.0003499999999999,-0.0003499999999999,0.000112992881651,2,3,High,102050.1,14.15958699,3433.57,495.74611614,0.3431584642495434,0.4610632997285359,USDT,0,1,-0.00034
2025-11-13 03:00:00,0.99965,0.99967,0.99964,0.99966,976048.98277994,0.00034,-0.00034,0.0001019341930344,3,3,High,102162.8,66.36907038,3454.0,1340.83976567,0.430010554383388,0.4790169923428525,USDT,0,1,-0.00036
2025-11-13 04:00:00,0.99966,0.9997,0.99955,0.99964,1643133.0786888,0.00036,-0.00036,8.878303630565142e-05,4,3,High,102142.0,19.07528105,3484.64,1406.00927866,0.5521780459747372,0.4818728064543808,USDT,0,1,-0.00041
2025-11-13 05:00:00,0.99964,0.99965,0.99946,0.99959,2281528.83137988,0.00041,-0.00041,9.033652863165848e-05,5,3,High,103129.4,46.84493772,3527.83,1851.71388074,0.5526434121583438,0.3370139847851462,USDT,0,1,-0.00033
2025-11-13 06:00:00,0.99959,0.99969,0.99958,0.99967,2194921.04994789,0.00033,-0.00033,9.200563151955912e-05,6,3,High,103538.7,64.16510511,3540.05,825.47792381,0.5238010850010338,0.2536649698483066,USDT,0,1,-0.0003499999999999
2025-11-13 07:00:00,0.99968,0.99968,0.99946,0.99965,1188558.94921335,0.0003499999999999,-0.0003499999999999,9.22808803004052e-05,7,3,High,103457.8,23.8729172,3539.25,476.44378898,0.4870316904301351,0.2164282262990387,USDT,0,1,-0.0003199999999999
2025-11-13 08:00:00,0.99966,0.99969,0.99948,0.99968,3065149.35921021,0.0003199999999999,-0.0003199999999999,9.333980308550488e-05,8,3,High,103650.0,28.59391656,3522.06,238.57637844,0.466803602208041,0.1819213899445531,USDT,0,1,-0.0003499999999999
2025-11-13 09:00:00,0.99968,0.99968,0.99926,0.99965,8310451.01960509,0.0003499999999999,-0.0003499999999999,9.25602036721714e-05,9,3,High,102767.0,84.22936217,3484.5,2205.65561448,0.4204626637325878,0.1616690863612008,USDT,0,1,-0.00031
2025-11-13 10:00:00,0.99964,0.99972,0.99964,0.99969,12584446.5780568,0.00031,-0.00031,9.037662741060198e-05,10,3,High,102907.8,23.2872014,3504.23,138.73865335,0.3633606347379192,0.0991758432608933,USDT,0,1,-0.0002699999999999
2025-11-13 11:00:00,0.99969,0.99973,0.99968,0.99973,3150682.59737273,0.0002699999999999,-0.0002699999999999,8.541352945533189e-05,11,3,High,102923.7,28.92579187,3503.49,103.94809969,0.2627423965333118,0.004045505461654,USDT,1,1,-0.0002499999999999
2025-11-13 12:00:00,0.99973,0.9998,0.99972,0.99975,12212858.09526823,0.0002499999999999,-0.0002499999999999,7.907068933925025e-05,12,3,High,103094.0,17.15555847,3501.1,1001.43066776,0.1020782904192211,-0.1262598291941304,USDT,1,1,-0.0002499999999999
2025-11-13 13:00:00,0.99974,0.99978,0.99974,0.99975,5767420.21256701,0.0002499999999999,-0.0002499999999999,7.585264127212022e-05,13,3,High,102300.0,79.19900174,3436.17,2241.54503867,-0.0864747125441901,-0.3122840823157946,USDT,1,1,-0.0002199999999999
2025-11-13 14:00:00,0.99975,0.99978,0.99974,0.99978,14449651.10473094,0.0002199999999999,-0.0002199999999999,6.536270043583023e-05,14,3,High,102930.0,121.49945917,3444.27,2378.25637437,-0.3558306602522411,-0.5020845001017971,USDT,1,1,-0.00024
2025-11-13 15:00:00,0.99977,0.99996,0.99975,0.99976,12818492.88375494,0.00024,-0.00024,6.126681963333166e-05,15,3,High,101390.1,92.93728441,3386.16,4994.61749328,-0.3939771743885918,-0.5179032774446928,USDT,1,1,-0.0006399999999999
2025-11-13 16:00:00,0.99975,0.99982,0.99924,0.99936,37961527.64752299,0.0006399999999999,-0.0006399999999999,8.93606517802674e-05,16,3,High,100591.8,105.65941428,3325.0,1761.27637944,0.16746845528994,0.1406183225156581,USDT,0,1,-0.00048
2025-11-13 17:00:00,0.99936,0.99954,0.99936,0.99952,5754387.11669938,0.00048,-0.00048,9.116695148547304e-05,17,3,High,99603.3,212.45513697,3253.17,6914.10790416,0.3796666290486321,0.3531939808095507,USDT,0,1,-0.0005699999999999
2025-11-13 18:00:00,0.99953,0.99953,0.9994,0.99943,14463735.03802005,0.0005699999999999,-0.0005699999999999,0.0001022039733749,18,3,High,98530.8,462.67977489,3212.27,6010.18727701,0.5865671972709614,0.5458785180630052,USDT,0,1,-0.00055
2025-11-13 19:00:00,0.99944,0.99948,0.99943,0.99945,6101849.98705571,0.00055,-0.00055,0.0001109045483302,19,3,High,98640.1,316.87985718,3195.29,2588.56787617,0.6717137273269453,0.6349720435974338,USDT,0,1,-0.00073
2025-11-13 20:00:00,0.99945,0.99945,0.99927,0.99927,15761344.65886663,0.00073,-0.00073,0.000135068420664,20,3,High,98070.0,200.59729042,3169.18,2509.8319952,0.7696406374822945,0.7359660590800179,USDT,0,1,-0.0008
2025-11-13 21:00:00,0.99928,0.99928,0.9992,0.9992,4177543.15657366,0.0008,-0.0008,0.0001609477140767,21,3,High,98780.1,89.1436814,3178.19,882.07479415,0.7989964577827805,0.7864788146063625,USDT,0,1,-0.00077
2025-11-13 22:00:00,0.99921,0.99925,0.9992,0.99923,2650423.71763002,0.00077,-0.00077,0.0001787755251865,22,3,High,99749.6,109.86693287,3224.84,1196.5332894,0.7972770666425513,0.8048003740119473,USDT,0,1,-0.0007399999999999
2025-11-13 23:00:00,0.99923,0.99926,0.99923,0.99926,2000894.35454583,0.0007399999999999,-0.0007399999999999,0.0001869661482186,23,3,High,99680.1,96.34785975,3230.34,2436.57518505,0.8196131117580164,0.8321447749253262,USDT,0,1,-0.0006099999999999
2025-11-14 00:00:00,0.99926,0.9994,0.99925,0.99939,2405151.48357979,0.0006099999999999,-0.0006099999999999,0.0001872203228162,0,4,High,98960.4,130.2080404,3199.01,3660.84255487,0.8334158521347761,0.8464156089811211,USDT,0,1,-0.0004699999999999
2025-11-14 01:00:00,0.9994,0.99953,0.99939,0.99953,1371791.2277267,0.0004699999999999,-0.0004699999999999,0.0001849280118459,1,4,High,99205.3,71.71564658,3204.91,1674.45520655,0.8191945680223214,0.8270487336366806,USDT,0,1,-0.0004399999999999
2025-11-14 02:00:00,0.99953,0.99958,0.99949,0.99956,881650.99750921,0.0004399999999999,-0.0004399999999999,0.0001838004589105,2,4,High,99607.6,18.94044062,3236.52,733.3009722,0.8036490306232257,0.8077203122518284,USDT,0,1,-0.0004899999999999
2025-11-14 03:00:00,0.99957,0.99962,0.99951,0.99951,3791853.74320454,0.0004899999999999,-0.0004899999999999,0.0001824426652048,3,4,High,99091.5,24.59226064,3224.0,245.21516728,0.7908235473725499,0.79606653730437,USDT,0,1,-0.0004699999999999
2025-11-14 04:00:00,0.99951,0.9996,0.99947,0.99953,12408470.55670234,0.0004699999999999,-0.0004699999999999,0.0001812976574029,4,4,High,97779.9,256.3164069,3161.18,1609.9020002,0.7507269166641144,0.7689561485348088,USDT,0,1,-0.00053
2025-11-14 05:00:00,0.99952,0.99956,0.99938,0.99947,1832284.48127362,0.00053,-0.00053,0.0001814894096007,5,4,High,97469.9,213.37705688,3192.44,1273.2328139,0.7420335738075327,0.7804541372832811,USDT,0,1,-0.00055
2025-11-14 06:00:00,0.99947,0.99954,0.99934,0.99945,18162251.40603351,0.00055,-0.00055,0.0001798791865093,6,4,High,97488.0,204.6398504,3220.41,2262.83623234,0.7280906077989553,0.7809499607756578,USDT,0,1,-0.0005399999999999
2025-11-14 07:00:00,0.99944,0.99947,0.99935,0.99946,8036196.52121792,0.0005399999999999,-0.0005399999999999,0.0001783128459047,7,4,High,97097.4,102.97906054,3213.01,2102.97475524,0.7106164975740524,0.7865220288967257,USDT,0,1,-0.0006
2025-11-14 08:00:00,0.99946,0.9999,0.99933,0.9994,39621177.84089748,0.0006,-0.0006,0.0001763390796581,8,4,High,97344.6,197.39398468,3205.95,585.35850926,0.7034486121174239,0.7868776361128953,USDT,0,1,-0.0004999999999999
2025-11-14 09:00:00,0.9994,0.9997,0.99939,0.9995,25949828.55469568,0.0004999999999999,-0.0004999999999999,0.000173629206787,9,4,High,96820.1,225.16716306,3154.97,1996.35887657,0.663114523181752,0.76729124469246,USDT,0,1,-0.0005699999999999
2025-11-14 10:00:00,0.9995,0.9995,0.99942,0.99943,1732699.78847384,0.0005699999999999,-0.0005699999999999,0.0001692609682194,10,4,High,96720.0,59.56469051,3175.32,404.18740084,0.6313774274351281,0.7572371340033626,USDT,0,1,-0.00048
2025-11-14 11:00:00,0.99944,0.99961,0.99943,0.99952,2382389.56011607,0.00048,-0.00048,0.0001614736259713,11,4,High,96153.9,162.24961494,3140.75,1092.35643985,0.5359691776341894,0.6990619150796045,USDT,0,1,-0.0006199999999999
2025-11-14 12:00:00,0.99951,0.9997,0.99922,0.99938,16799024.53671777,0.0006199999999999,-0.0006199999999999,0.0001519129231902,12,4,High,95277.2,376.9797351,3125.05,13465.91412153,0.4575068751886496,0.6487592374147932,USDT,0,1,-0.00092
2025-11-14 13:00:00,0.99939,0.99939,0.999,0.99908,13289826.2341819,0.00092,-0.00092,0.0001585206748289,13,4,High,95149.3,256.16785148,3118.65,4323.08713105,0.4667477166353136,0.6067370632857348,USDT,0,1,-0.0008799999999999
2025-11-14 14:00:00,0.99907,0.99917,0.99892,0.99912,15434145.32333034,0.0008799999999999,-0.0008799999999999,0.0001534618632714,14,4,High,96465.2,362.77711514,3197.06,4093.205699,0.3559460000123097,0.4309904225255248,USDT,0,1,-0.0008299999999999
2025-11-14 15:00:00,0.99911,0.99922,0.99902,0.99917,6470961.75159048,0.0008299999999999,-0.0008299999999999,0.0001415417181313,15,4,High,96695.8,158.39299999,3193.09,2166.25282042,0.2322767379589235,0.165488621131434,USDT,0,1,-0.0007
2025-11-14 16:00:00,0.99917,0.99934,0.99909,0.9993,2735993.5516899,0.0007,-0.0007,0.0001425136657591,16,4,High,96970.1,140.06879296,3230.0,1696.29447846,0.2775920998504219,0.2053028500135388,USDT,0,1,-0.0007
2025-11-14 17:00:00,0.99931,0.99944,0.99926,0.9993,3833705.47952915,0.0007,-0.0007,0.0001402869729633,17,4,High,95770.0,110.69955223,3175.66,2109.09372576,0.2547844511483177,0.1528983177988009,USDT,0,1,-0.0006699999999999
2025-11-14 18:00:00,0.9993,0.9994,0.99927,0.99933,5693918.19093125,0.0006699999999999,-0.0006699999999999,0.0001399896476525,18,4,High,94960.0,207.43981135,3167.15,3902.14506457,0.2500165553567184,0.1492303633785094,USDT,2,1,-0.0007099999999999
2025-11-14 19:00:00,0.99933,0.99933,0.99921,0.99929,4293567.04866671,0.0007099999999999,-0.0007099999999999,0.0001397409611836,19,4,High,95714.4,115.00856841,3206.12,968.52752723,0.2523370603176161,0.1318746529917469,USDT,0,1,-0.0007
2025-11-14 20:00:00,0.9993,0.99931,0.99929,0.9993,13051117.09258384,0.0007,-0.0007,0.0001390176456344,20,4,High,94267.1,160.93240733,3133.02,3750.44422204,0.2851550574440827,0.1409556843859716,USDT,2,1,-0.00095
2025-11-14 21:00:00,0.99929,0.9993,0.999,0.99905,16820818.0866365,0.00095,-0.00095,0.0001496275569464,21,4,High,95000.0,92.46810699,3165.6,1643.8486899,0.4244052145947469,0.1738437433755255,USDT,0,1,-0.0008799999999999
2025-11-14 22:00:00,0.99905,0.99913,0.99896,0.99912,1388642.71588281,0.0008799999999999,-0.0008799999999999,0.0001552551663145,22,4,High,95070.1,28.01004219,3154.48,1499.16191439,0.562962155242943,0.2671318560167257,USDT,0,1,-0.0009
2025-11-14 23:00:00,0.99912,0.99915,0.99902,0.9991,1451423.69166723,0.0009,-0.0009,0.0001626406860361,23,4,High,94517.3,78.67519298,3109.23,1723.09824774,0.6964532707966506,0.405819969218637,USDT,0,1,-0.0008599999999999
2025-11-15 00:00:00,0.9991,0.99918,0.9991,0.99914,4070069.81084128,0.0008599999999999,-0.0008599999999999,0.0001675916361948,0,5,High,95060.0,64.584962,3138.7,546.6346234,0.7302268070381013,0.4344955752298141,USDT,0,1,-0.0008599999999999
2025-11-15 01:00:00,0.99914,0.99916,0.99913,0.99914,2495562.79344304,0.0008599999999999,-0.0008599999999999,0.0001667675419386,1,5,High,95568.4,70.24923177,3171.1,313.9346656,0.7135621003896988,0.4074212154274266,USDT,0,1,-0.0008599999999999
2025-11-15 02:00:00,0.99914,0.99914,0.99912,0.99914,1031512.14549262,0.0008599999999999,-0.0008599999999999,0.0001623285048262,2,5,High,96315.5,62.73431874,3189.0,265.3843156,0.6595209063595022,0.305999806631279,USDT,0,1,-0.00072
2025-11-15 03:00:00,0.99914,0.99931,0.99913,0.99928,1603240.50884552,0.00072,-0.00072,0.0001561400337703,3,5,High,96309.9,70.84575539,3177.49,763.74527233,0.6275239026970791,0.2406601792098345,USDT,0,1,-0.0007599999999999
2025-11-15 04:00:00,0.99927,0.99937,0.99918,0.99924,1264280.57429968,0.0007599999999999,-0.0007599999999999,0.0001478977075041,4,5,High,96074.7,28.50261724,3169.9,2624.93919599,0.5776408294466777,0.2782587231480831,USDT,0,1,-0.00068
2025-11-15 05:00:00,0.99923,0.99936,0.99923,0.99932,584119.79224238,0.00068,-0.00068,0.0001425746689732,5,5,High,96263.1,25.45813143,3177.05,203.63987889,0.5394610863581524,0.2553867498549237,USDT,0,1,-0.00077
2025-11-15 06:00:00,0.99932,0.99938,0.99922,0.99923,753097.90201626,0.00077,-0.00077,0.0001377116289737,6,5,High,96029.9,299.02726863,3173.64,77.02748236,0.4913573410674506,0.1846873929070313,USDT,0,1,-0.00068
2025-11-15 07:00:00,0.99922,0.99939,0.99922,0.99932,2557636.22765641,0.00068,-0.00068,0.0001318980722007,7,5,High,96250.0,18.26167006,3174.2,117.81192598,0.4459636128931259,0.1066597934637113,USDT,0,1,-0.00072
2025-11-15 08:00:00,0.99931,0.99938,0.99922,0.99928,1330013.87183915,0.00072,-0.00072,0.0001285256417246,8,5,High,95834.9,229.994576,3140.73,1022.42125424,0.3981149147249906,0.0375165852176453,USDT,2,1,-0.0007099999999999
2025-11-15 09:00:00,0.99926,0.99932,0.99917,0.99929,5605601.81798479,0.0007099999999999,-0.0007099999999999,0.0001176944890582,9,5,High,95780.1,55.76464841,3150.43,158.86269898,0.3196210430118599,0.0649658432927973,USDT,2,1,-0.00085
2025-11-15 10:00:00,0.99928,0.99929,0.99914,0.99915,1195647.69490145,0.00085,-0.00085,0.0001122682798824,10,5,High,95900.0,23.56058605,3166.47,203.57724129,0.2358435388911264,0.0382333510379317,USDT,2,1,-0.00078
2025-11-15 11:00:00,0.99915,0.99926,0.99915,0.99922,1592284.76352926,0.00078,-0.00078,9.415432137201297e-05,11,5,High,95575.5,13.92764335,3149.94,174.45601305,0.1965033583165122,0.16078023221291,USDT,2,1,-0.00075
2025-11-15 12:00:00,0.99923,0.99925,0.99922,0.99925,591043.11156005,0.00075,-0.00075,8.812047090468425e-05,12,5,High,95728.8,23.40359441,3159.92,177.92912428,0.2635644569085884,0.2952827864507722,USDT,0,1,-0.0007
2025-11-15 13:00:00,0.99925,0.99932,0.99922,0.9993,746604.5624628,0.0007,-0.0007,8.484854367309135e-05,13,5,High,96287.7,33.68497778,3189.25,401.00989139,0.2447119086073819,0.2236733393796779,USDT,0,1,-0.0006599999999999
2025-11-15 14:00:00,0.9993,0.99939,0.9993,0.99934,1480118.08348212,0.0006599999999999,-0.0006599999999999,8.498934290186667e-05,14,5,High,96196.7,25.66827415,3176.13,727.82162128,0.3442350173590166,0.3090977351387429,USDT,0,1,-0.0006699999999999
2025-11-15 15:00:00,0.99935,0.9994,0.99925,0.99933,1243928.16897187,0.0006699999999999,-0.0006699999999999,8.607378028903692e-05,15,5,High,96216.1,46.36802672,3183.72,135.01249509,0.4363764627387919,0.3734257140577138,USDT,0,1,-0.0007899999999999
2025-11-15 16:00:00,0.99938,0.99938,0.99919,0.99921,989946.55868743,0.0007899999999999,-0.0007899999999999,8.530316779503308e-05,16,5,High,96074.0,108.07368955,3182.63,438.13284332,0.4027028183248169,0.3351565677561056,USDT,0,1,-0.00078
2025-11-15 17:00:00,0.99921,0.99922,0.9992,0.99922,539020.66808469,0.00078,-0.00078,8.426042274803132e-05,17,5,High,96166.6,49.47321365,3212.91,2000.54194098,0.3931566925042077,0.2815091394526675,USDT,0,1,-0.0007899999999999
2025-11-15 18:00:00,0.99921,0.99922,0.99917,0.99921,1502958.95732259,0.0007899999999999,-0.0007899999999999,8.177270549171144e-05,18,5,High,95985.1,14.71249365,3205.74,311.84828332,0.4855861292602728,0.2605536771281673,USDT,0,1,-0.00075
2025-11-15 19:00:00,0.99921,0.99925,0.99921,0.99925,2335477.94676722,0.00075,-0.00075,8.085480815091581e-05,19,5,High,95939.8,18.40616031,3196.62,479.15462629,0.4967508167123626,0.2311619411006748,USDT,0,1,-0.00078
2025-11-15 20:00:00,0.99925,0.99925,0.99922,0.99922,1198723.4361785,0.00078,-0.00078,7.931660097066547e-05,20,5,High,95223.0,32.46879736,3169.77,1050.00380763,0.7168101748681703,0.3150549282486491,USDT,0,1,-0.00072
2025-11-15 21:00:00,0.99923,0.99928,0.99922,0.99928,1248097.32297491,0.00072,-0.00072,7.097151909630924e-05,21,5,High,95180.1,19.06100616,3155.53,786.04323032,0.5973277061953232,0.3080619918137225,USDT,0,1,-0.00097
2025-11-15 22:00:00,0.99928,0.99928,0.99894,0.99903,5121859.11477603,0.00097,-0.00097,7.908787078598655e-05,22,5,High,95551.6,20.7130343,3169.67,241.13261327,0.5281279356890837,0.2392977160403971,USDT,0,1,-0.00072
2025-11-15 23:00:00,0.99907,0.99931,0.99907,0.99928,936204.14470303,0.00072,-0.00072,7.476412183747494e-05,23,5,High,95537.9,15.53725811,3167.37,836.48454644,0.3913308964644021,0.0427136668709497,USDT,0,1,-0.0006599999999999
2025-11-16 00:00:00,0.99929,0.99937,0.99916,0.99934,871125.53278711,0.0006599999999999,-0.0006599999999999,7.47156445283545e-05,0,6,High,95380.1,23.5823026,3152.61,678.05372181,0.2001477531411684,-0.1374095648378241,USDT,2,1,-0.0006599999999999
2025-11-16 01:00:00,0.99934,0.99935,0.99925,0.99934,614564.18334275,0.0006599999999999,-0.0006599999999999,7.36902546081444e-05,1,6,High,95240.1,32.55912434,3150.5,606.91728831,0.0447029428648948,-0.207944206390055,USDT,2,1,-0.0007399999999999
2025-11-16 02:00:00,0.99934,0.99935,0.99915,0.99926,1574185.35816991,0.0007399999999999,-0.0007399999999999,6.96562470610428e-05,2,6,High,95888.8,20.83022666,3199.17,366.25427387,0.138837339519704,-0.1472365599220357,USDT,2,1,-0.00087
2025-11-16 03:00:00,0.99925,0.99925,0.99904,0.99913,698563.24108502,0.00087,-0.00087,7.417175524681191e-05,3,6,High,95766.5,8.55636689,3200.0,544.58079148,0.1326002460279158,-0.2356302088170958,USDT,2,1,-0.0007599999999999
2025-11-16 04:00:00,0.99913,0.99926,0.99912,0.99924,182173.76036466,0.0007599999999999,-0.0007599999999999,7.417175524681191e-05,4,6,High,95750.0,4.15125088,3191.96,462.81115753,0.1403870023607193,-0.2394382303532887,USDT,2,1,-0.00073
2025-11-16 05:00:00,0.99924,0.99927,0.99917,0.99927,268962.94214746,0.00073,-0.00073,7.28595532088448e-05,5,6,High,95865.1,17.31547659,3201.66,206.71513166,0.0939832291072913,-0.2235209991274172,USDT,2,1,-0.00075
2025-11-16 06:00:00,0.99926,0.99927,0.99922,0.99925,145224.99197609,0.00075,-0.00075,7.274010715857707e-05,6,6,High,95750.1,11.88466595,3198.77,494.37849336,0.1034912589472092,-0.2199458502390957,USDT,2,1,-0.00077
2025-11-16 07:00:00,0.99924,0.99943,0.99922,0.99923,4099350.49468675,0.00077,-0.00077,7.13025804025709e-05,7,6,High,96000.0,4.37895255,3215.2,338.6760685,0.0381894626399434,-0.2224360361472327,USDT,2,1,-0.0007899999999999
2025-11-16 08:00:00,0.99923,0.99924,0.99913,0.99921,793246.82818587,0.0007899999999999,-0.0007899999999999,7.131147234504958e-05,8,6,High,96052.9,31.67936081,3215.97,607.83746067,0.0168433249582683,-0.2220106663209057,USDT,2,1,-0.00078
2025-11-16 09:00:00,0.99921,0.99924,0.99918,0.99922,527907.53676025,0.00078,-0.00078,7.076701926439006e-05,9,6,High,96486.0,46.02772186,3244.44,1340.8604067,-0.0086895972041867,-0.1959843038634944,USDT,2,1,-0.00094
2025-11-16 10:00:00,0.99922,0.99924,0.99906,0.99906,1294896.03370927,0.00094,-0.00094,7.782249405409607e-05,10,6,High,96375.2,37.74317594,3234.01,1463.83992899,-0.146069312168709,-0.3869490583943538,USDT,2,1,-0.00077
2025-11-16 11:00:00,0.99906,0.99926,0.99906,0.99923,874915.02334065,0.00077,-0.00077,7.775379202972058e-05,11,6,High,95550.0,45.24352963,3165.23,2493.54584294,-0.1496267044808832,-0.4107336360315928,USDT,2,1,-0.00072
2025-11-16 12:00:00,0.99923,0.99938,0.99841,0.99928,5375818.3484261,0.00072,-0.00072,7.820333030407513e-05,12,6,High,95643.0,151.36196343,3164.65,137.91648542,-0.1585381717969798,-0.4270642232153944,USDT,2,1,-0.0006199999999999
2025-11-16 13:00:00,0.99927,0.99939,0.99915,0.99938,920053.12528832,0.0006199999999999,-0.0006199999999999,8.251372306364853e-05,13,6,High,95396.0,40.09294773,3151.45,729.44935924,-0.2759730042484351,-0.4916327101390281,USDT,2,1,-0.0007099999999999
2025-11-16 14:00:00,0.99937,0.99939,0.99922,0.99929,1012031.55432596,0.0007099999999999,-0.0007099999999999,8.054164464932525e-05,14,6,High,95483.3,15.85261329,3170.55,1047.6892141,-0.3688576615389966,-0.4949774961803392,USDT,2,1,-0.0008599999999999
2025-11-16 15:00:00,0.99929,0.9993,0.99714,0.99914,6198779.35553784,0.0008599999999999,-0.0008599999999999,8.064841391977356e-05,15,6,High,94430.1,84.6222399,3103.03,2370.05414515,-0.2049438313889724,-0.2740693754342335,USDT,2,1,-0.0008
2025-11-16 16:00:00,0.99913,0.9992,0.99899,0.9992,5062728.42116456,0.0008,-0.0008,8.079316946991325e-05,16,6,High,94154.7,149.00242075,3060.66,5171.8477966,-0.1117621358179156,-0.1618636573664849,USDT,2,1,-0.0007899999999999
2025-11-16 17:00:00,0.9992,0.99928,0.99913,0.99921,1503840.57808231,0.0007899999999999,-0.0007899999999999,8.08816903087374e-05,17,6,High,94290.1,108.84804826,3077.81,2999.20450977,-0.0703874245608578,-0.1157062347690431,USDT,2,1,-0.00072
2025-11-16 18:00:00,0.99921,0.99941,0.9992,0.99928,2356445.86377243,0.00072,-0.00072,8.134289561951533e-05,18,6,High,93950.3,102.00184525,3058.06,2876.83913531,-0.1122004182580599,-0.1513129526571407,USDT,2,1,-0.0006199999999999
2025-11-16 19:00:00,0.99928,0.99939,0.99922,0.99938,549250.86294713,0.0006199999999999,-0.0006199999999999,8.660149445397206e-05,19,6,High,93962.4,80.23801677,3089.17,1361.63765075,-0.2468778607301432,-0.245641239041893,USDT,2,1,-0.00063
2025-11-16 20:00:00,0.99937,0.99939,0.99932,0.99937,309516.25259845,0.00063,-0.00063,9.045376752258586e-05,20,6,High,94065.4,54.07154623,3087.42,741.42739791,-0.3258195634682235,-0.3072243205670912,USDT,2,1,-0.0008299999999999
2025-11-16 21:00:00,0.99937,0.99941,0.99906,0.99917,1690668.37140189,0.0008299999999999,-0.0008299999999999,9.142887471423e-05,21,6,High,93402.9,89.13679644,3070.86,757.18700146,-0.2082499890507273,-0.2344259195240955,USDT,2,1,-0.00082
2025-11-16 22:00:00,0.99917,0.99932,0.99904,0.99918,1948321.24940354,0.00082,-0.00082,8.087833052727036e-05,22,6,High,94110.3,146.36706632,3088.79,1100.09457371,-0.1416633686928639,-0.1889568901896675,USDT,2,1,-0.0008
2025-11-16 23:00:00,0.99918,0.99926,0.99902,0.9992,2375463.8932157,0.0008,-0.0008,8.112881152238969e-05,23,6,High,94190.1,63.48070681,3093.51,1309.03783914,-0.1195490696966697,-0.1662568827787616,USDT,2,1,-0.0007899999999999
2025-11-17 00:00:00,0.9992,0.99932,0.99912,0.99921,1583687.22656914,0.0007899999999999,-0.0007899999999999,7.875733230873177e-05,0,0,High,95230.0,128.86649787,3133.38,728.18643509,-0.1402899025317276,-0.1697753895006261,USDT,2,1,-0.0007
2025-11-17 01:00:00,0.99921,0.99936,0.99911,0.9993,1483363.25407785,0.0007,-0.0007,7.6923404409952e-05,1,0,High,94742.2,78.09923455,3112.95,478.35171645,-0.1654674459851126,-0.1954647793204303,USDT,2,1,-0.0009299999999999
2025-11-17 02:00:00,0.9993,0.99931,0.99907,0.99907,3113216.21119022,0.0009299999999999,-0.0009299999999999,8.392111548535439e-05,2,0,High,94912.0,19.08411647,3147.31,643.25285339,-0.1503207132334373,-0.1967652408666726,USDT,2,1,-0.00094
2025-11-17 03:00:00,0.99907,0.9991,0.99897,0.99906,2216800.66860941,0.00094,-0.00094,8.8603292711896e-05,3,0,High,95399.9,60.68879082,3173.43,333.70671698,-0.1373284029485271,-0.1843368598549896,USDT,2,1,-0.00095
2025-11-17 04:00:00,0.99905,0.99906,0.99901,0.99905,5301181.41028091,0.00095,-0.00095,9.553814020087716e-05,4,0,High,95042.5,20.13612701,3182.22,264.84925589,-0.1364950043334801,-0.2308891809417748,USDT,2,1,-0.00095
2025-11-17 05:00:00,0.99905,0.99906,0.99905,0.99905,4080540.98068162,0.00095,-0.00095,0.0001007759748285,5,0,High,95090.1,68.80835477,3182.06,608.99357574,-0.1638010514712243,-0.2947832473932699,USDT,2,1,-0.00094
2025-11-17 06:00:00,0.99905,0.99906,0.99896,0.99906,2618887.87376595,0.00094,-0.00094,0.0001048109063417,6,0,High,95205.3,43.99612942,3193.23,373.71320243,-0.1936508705698649,-0.35656122362678,USDT,2,1,-0.00099
2025-11-17 07:00:00,0.99905,0.99906,0.99901,0.99901,1375825.84958406,0.00099,-0.00099,0.0001115884974129,7,0,High,95620.1,51.53309025,3195.93,385.76566739,-0.2606863373649063,-0.427539316098095,USDT,1,1,-0.0009799999999999
2025-11-17 08:00:00,0.99902,0.99902,0.99817,0.99902,6113001.37890239,0.0009799999999999,-0.0009799999999999,0.0001168766226788,8,0,High,95543.8,26.68202953,3188.41,256.9689269,-0.3148809912193572,-0.4834209345707512,USDT,1,1,-0.00099
2025-11-17 09:00:00,0.99902,0.99902,0.99896,0.99901,3007731.69862672,0.00099,-0.00099,0.0001218330706448,9,0,High,95603.5,53.67959885,3192.54,750.47214728,-0.4120730964469329,-0.5862569937579244,USDT,1,1,-0.0009799999999999
2025-11-17 10:00:00,0.99901,0.99903,0.99898,0.99902,1876692.55420424,0.0009799999999999,-0.0009799999999999,0.0001237392946674,10,0,High,95570.1,98.63796499,3194.23,259.23461247,-0.4044786398668772,-0.5921482044340545,USDT,1,1,-0.00094
2025-11-17 11:00:00,0.99903,0.99906,0.99902,0.99906,6417676.1931895,0.00094,-0.00094,0.0001252360090882,11,0,High,95479.9,31.56041265,3201.21,243.31201465,-0.4570907556742009,-0.6284138653759785,USDT,1,1,-0.0008099999999999
2025-11-17 12:00:00,0.99906,0.99926,0.99905,0.99919,15991327.23189028,0.0008099999999999,-0.0008099999999999,0.0001230227680172,12,0,High,95226.7,39.80103922,3182.14,268.3701948,-0.5195390264341601,-0.6464568148173861,USDT,1,1,-0.00092
2025-11-17 13:00:00,0.99919,0.99926,0.99905,0.99908,10407062.20863223,0.00092,-0.00092,0.0001149850336887,13,0,High,93810.0,126.38591722,3117.54,1032.79094073,-0.5699959502075701,-0.7007831082652646,USDT,2,1,-0.0009
2025-11-17 14:00:00,0.99909,0.99913,0.99894,0.9991,17623989.90764962,0.0009,-0.0009,0.0001114431030562,14,0,High,94671.5,219.7048028,3149.44,1871.06921316,-0.6609645638915257,-0.7709184462315146,USDT,1,1,-0.0009
2025-11-17 15:00:00,0.9991,0.99915,0.9991,0.9991,11226883.53363269,0.0009,-0.0009,0.0001117807118319,15,0,High,93826.3,151.83140691,3116.28,1397.29537889,-0.6167444667153741,-0.7671688973098817,USDT,2,1,-0.0009099999999999
2025-11-17 16:00:00,0.9991,0.9996,0.99898,0.99909,42192313.32165992,0.0009099999999999,-0.0009099999999999,0.000111504045556,16,0,High,94210.1,136.12550937,3131.66,1922.57400459,-0.5869345118951432,-0.7704670215835215,USDT,2,1,-0.0008099999999999
2025-11-17 17:00:00,0.99909,0.99959,0.99907,0.99919,57870927.86514865,0.0008099999999999,-0.0008099999999999,0.000111002513361,17,0,High,92690.1,160.39561584,3055.63,1467.83773377,-0.5471012084403671,-0.7506097908036669,USDT,2,1,-0.00095
2025-11-17 18:00:00,0.99918,0.99918,0.9987,0.99905,11677489.56679931,0.00095,-0.00095,0.0001078612904266,18,0,High,92460.1,320.22756826,3023.2,4297.33603309,-0.3764359682358961,-0.5632029073997478,USDT,2,1,-0.00116
2025-11-17 19:00:00,0.99905,0.99908,0.99867,0.99884,15603086.94940693,0.00116,-0.00116,0.0001088543768705,19,0,Medium,91549.8,313.58105774,2978.68,6388.29802098,0.0437348266693202,-0.113332278325686,USDT,2,1,-0.00112
2025-11-17 20:00:00,0.99884,0.99891,0.99878,0.99888,22620251.46189466,0.00112,-0.00112,0.0001024261841036,20,0,Medium,91860.0,406.75973152,3003.1,4838.67242007,0.2691364448557958,0.1443653904088894,USDT,2,1,-0.0013499999999999
2025-11-17 21:00:00,0.99884,0.99892,0.99854,0.99865,6127399.51854746,0.0013499999999999,-0.0013499999999999,0.000133491979899,21,0,Medium,91830.3,331.85344394,3004.64,2798.14764851,0.4796656870346141,0.3756361318629567,USDT,0,1,-0.00111
2025-11-17 22:00:00,0.99866,0.99889,0.99864,0.99889,3059355.27560438,0.00111,-0.00111,0.0001353872599127,22,0,Medium,92149.1,118.76734789,3019.63,1620.9820787,0.534920931720558,0.4526040494677024,USDT,0,1,-0.00119
2025-11-17 23:00:00,0.99888,0.99888,0.99872,0.99881,3318327.8405244,0.00119,-0.00119,0.0001398284404384,23,0,Medium,92101.3,108.50332231,3025.5,1731.88006185,0.598087454723404,0.5354942927195077,USDT,0,1,-0.00124
2025-11-18 00:00:00,0.99881,0.99888,0.99873,0.99876,3724848.87601561,0.00124,-0.00124,0.0001451211388096,0,1,Medium,92054.4,97.23569877,3030.48,718.44153114,0.6251441686295879,0.5814334908915473,USDT,0,1,-0.0012299999999999
2025-11-18 01:00:00,0.99875,0.9988,0.99868,0.99877,2900890.04504191,0.0012299999999999,-0.0012299999999999,0.000139968293518,1,1,Medium,91655.6,111.45380304,3015.05,720.36663407,0.6812667656639939,0.6744612652459704,USDT,0,1,-0.00121
2025-11-18 02:00:00,0.99875,0.99887,0.99867,0.99879,3197382.59413637,0.00121,-0.00121,0.0001447780660452,2,1,Medium,90740.1,156.96728171,2983.74,1397.98695233,0.7067877236674805,0.699387855139134,USDT,0,1,-0.0011799999999999
2025-11-18 03:00:00,0.99878,0.99884,0.99874,0.99882,3263473.48607084,0.0011799999999999,-0.0011799999999999,0.000147308583737,3,1,Medium,90743.9,366.07281439,3022.0,6483.96338927,0.7189327119307594,0.7072078065155519,USDT,0,1,-0.00112
2025-11-18 04:00:00,0.99881,0.99893,0.9987,0.99888,2707111.94716974,0.00112,-0.00112,0.000147402633063,4,1,Medium,90002.1,254.85391243,3002.72,1426.99505398,0.7016506301595302,0.7073294889131176,USDT,0,1,-0.00121
2025-11-18 05:00:00,0.9989,0.99894,0.99872,0.99879,2653981.69913082,0.00121,-0.00121,0.0001502823429774,5,1,Medium,90125.4,63.71141259,3008.62,589.22953674,0.7154333448780832,0.7154343510873192,USDT,0,1,-0.0012199999999999
2025-11-18 06:00:00,0.99879,0.9988,0.99867,0.99878,3015493.8097524,0.0012199999999999,-0.0012199999999999,0.0001524272218901,6,1,Medium,89538.6,59.91737524,2986.25,964.9354465,0.7241786926609715,0.7240013861981078,USDT,0,1,-0.00121
2025-11-18 07:00:00,0.99878,0.99882,0.99861,0.99879,2156113.58471961,0.00121,-0.00121,0.0001546852812456,7,1,Medium,90380.0,76.7037386,3021.77,1281.91737561,0.7430338984059479,0.7380200405090579,USDT,0,1,-0.0012499999999999
2025-11-18 08:00:00,0.9988,0.9988,0.99872,0.99875,2061236.33392539,0.0012499999999999,-0.0012499999999999,0.0001577692086264,8,1,Medium,91126.8,80.7241705,3057.32,2358.26624127,0.7540216845328777,0.7274864543741891,USDT,0,1,-0.0011499999999999
2025-11-18 09:00:00,0.99875,0.99894,0.9987,0.99885,8077197.95665347,0.0011499999999999,-0.0011499999999999,0.000157198641997,9,1,Medium,91329.3,166.45936108,3057.2,661.1465406,0.7676293395008892,0.7369674497829954,USDT,0,1,-0.0011299999999999
2025-11-18 10:00:00,0.99884,0.99888,0.9987,0.99887,2220550.26998442,0.0011299999999999,-0.0011299999999999,0.0001557659894858,10,1,Medium,91485.9,167.52407766,3062.72,669.62662501,0.7813698312496618,0.7490585532063755,USDT,0,1,-0.00121
2025-11-18 11:00:00,0.99887,0.99887,0.9987,0.99879,7963174.27396722,0.00121,-0.00121,0.0001540133393506,11,1,Medium,91410.1,46.78971984,3052.27,247.94876278,0.7844288305649658,0.7488590845112166,USDT,0,1,-0.0011799999999999
2025-11-18 12:00:00,0.99879,0.99888,0.99878,0.99882,6414520.90121954,0.0011799999999999,-0.0011799999999999,0.0001413265311544,12,1,Medium,91339.2,99.45387643,3046.38,878.70961365,0.73771567785651,0.6830797469640507,USDT,0,1,-0.00109
2025-11-18 13:00:00,0.99883,0.99895,0.99878,0.99891,7026694.98019251,0.00109,-0.00109,0.0001350301898698,13,1,Medium,91390.0,100.18505169,3045.25,456.55194626,0.7046379363697428,0.6475823383121431,USDT,0,1,-0.0011799999999999
2025-11-18 14:00:00,0.99891,0.99891,0.9988,0.99882,3739927.09769941,0.0011799999999999,-0.0011799999999999,0.0001264560128693,14,1,Medium,91307.6,162.68902336,3054.79,1394.9042839,0.6514427887778038,0.5642169681022942,USDT,0,1,-0.0009
2025-11-18 15:00:00,0.99882,0.99915,0.9988,0.9991,21171004.6777399,0.0009,-0.0009,0.0001264560128693,15,1,High,92873.7,278.14022303,3105.12,7167.21408,0.6206330468621756,0.5549199591055269,USDT,0,1,-0.00077
2025-11-18 16:00:00,0.9991,0.99933,0.99901,0.99923,20173151.97665823,0.00077,-0.00077,0.0001399372271363,16,1,High,93439.9,282.14555928,3150.13,3988.25332207,0.641915141488894,0.6363651070654537,USDT,0,1,-0.0006699999999999
2025-11-18 17:00:00,0.99924,0.99934,0.99921,0.99933,6780724.72754816,0.0006699999999999,-0.0006699999999999,0.0001559490580222,17,1,High,93186.3,75.653698,3133.74,2256.60199229,0.6706529601093939,0.7546002552102041,USDT,0,1,-0.0005899999999999
2025-11-18 18:00:00,0.99933,0.99942,0.99928,0.99941,7715343.02865631,0.0005899999999999,-0.0005899999999999,0.0001877165416321,18,1,High,93278.5,62.24836881,3159.23,1739.01715052,0.7067170187025531,0.8508086011118389,USDT,0,1,-0.0003999999999999
2025-11-18 19:00:00,0.99941,0.99961,0.9994,0.9996,22131775.52773002,0.0003999999999999,-0.0003999999999999,0.0002368172872457,19,1,High,93139.8,76.67760043,3143.41,2739.39458804,0.7210204872192544,0.8703139653610825,USDT,0,1,-0.00046
2025-11-18 20:00:00,0.9996,0.99965,0.9994,0.99954,28079421.90584959,0.00046,-0.00046,0.0002681657366647,20,1,High,92785.1,61.82516001,3120.47,2578.53344755,0.7280458957520501,0.8734683333789242,USDT,0,1,-0.0004699999999999
2025-11-18 21:00:00,0.99953,0.99955,0.99953,0.99953,4206794.77242435,0.0004699999999999,-0.0004699999999999,0.0002852760549682,21,1,High,92440.0,43.9727423,3097.06,2092.42560544,0.7460244093523787,0.8465898138026189,USDT,0,1,-0.0004699999999999
2025-11-18 22:00:00,0.99953,0.99955,0.99953,0.99953,10673891.57792351,0.0004699999999999,-0.0004699999999999,0.0003052627165064,22,1,High,93100.0,56.72258891,3123.0,719.88228607,0.7763504102176803,0.8543632300487928,USDT,0,1,-0.0005899999999999
2025-11-18 23:00:00,0.99953,0.99954,0.9985,0.99941,13820526.8203307,0.0005899999999999,-0.0005899999999999,0.0003125465182797,23,1,High,92966.1,42.27094917,3122.0,224.16154047,0.8079486531178985,0.8588908534021544,USDT,0,1,-0.00065
2025-11-19 00:00:00,0.99942,0.99945,0.99935,0.99935,880269.75768551,0.00065,-0.00065,0.0003130761355779,0,2,High,92384.5,60.12574706,3099.1,869.90098924,0.8357372734841074,0.8564354739209049,USDT,0,1,-0.00078
2025-11-19 01:00:00,0.99935,0.99935,0.99922,0.99922,1210533.44863861,0.00078,-0.00078,0.0003083402858624,1,2,High,92378.1,28.28497525,3102.49,215.08031011,0.8505340552480756,0.8517230206705169,USDT,0,1,-0.00085
2025-11-19 02:00:00,0.99922,0.99922,0.99914,0.99915,1694952.14009664,0.00085,-0.00085,0.0003023384105508,2,2,High,92517.1,39.10103426,3112.68,195.90411415,0.8426219010572977,0.848796541385908,USDT,0,1,-0.00087
2025-11-19 03:00:00,0.99915,0.99915,0.99913,0.99913,154953.22583638,0.00087,-0.00087,0.0002966662595692,3,2,High,92450.0,0.44402261,3112.92,6.30606564,0.833744489643345,0.8370437780018926,USDT,0,1,-0.00085
2025-11-19 04:00:00,0.99913,0.99918,0.99907,0.99915,731217.98907119,0.00085,-0.00085,0.0002927576902814,4,2,High,91417.6,163.13604941,3065.0,2164.66065942,0.8335868739286244,0.8372712731402988,USDT,0,1,-0.00085
2025-11-19 05:00:00,0.99915,0.99925,0.99912,0.99915,914296.68752315,0.00085,-0.00085,0.0002842811299947,5,2,High,90350.0,301.17253046,3014.79,2039.43106658,0.7749439451035932,0.7789632469439703,USDT,0,1,-0.0008099999999999
2025-11-19 06:00:00,0.99914,0.99923,0.99913,0.99919,6331590.39781802,0.0008099999999999,-0.0008099999999999,0.000274240717283,6,2,High,90924.4,120.54526916,3040.0,759.92116352,0.7351587265227545,0.7371132089807227,USDT,0,1,-0.0006099999999999
2025-11-19 07:00:00,0.99919,0.9994,0.99918,0.99939,2028029.48801165,0.0006099999999999,-0.0006099999999999,0.0002671738835652,7,2,High,91852.2,97.1747273,3082.85,997.90058793,0.6851502972995455,0.6937177808782659,USDT,0,1,-0.00072
2025-11-19 08:00:00,0.99939,0.9995,0.99922,0.99928,8734444.07695864,0.00072,-0.00072,0.0002519140496421,8,2,High,91418.0,47.06875854,3077.63,222.99562923,0.637291693374579,0.6763163275986563,USDT,0,1,-0.00072
2025-11-19 09:00:00,0.99928,0.9995,0.99922,0.99928,10859082.89959817,0.00072,-0.00072,0.0002411551307824,9,2,High,91385.8,153.09666828,3083.77,306.44293356,0.5964581741641213,0.6581105146217824,USDT,0,1,-0.00087
2025-11-19 10:00:00,0.99927,0.9993,0.99909,0.99913,2255152.94697528,0.00087,-0.00087,0.0002305506954871,10,2,High,91259.9,53.75542346,3088.88,723.106736,0.5862486601050294,0.6470762441551787,USDT,0,1,-0.0008399999999999
2025-11-19 11:00:00,0.99914,0.9992,0.99913,0.99916,2027754.26181542,0.0008399999999999,-0.0008399999999999,0.0002116802175308,11,2,High,91366.0,23.22726969,3080.97,699.45016138,0.5763182298315199,0.6251972917266007,USDT,0,1,-0.00077
2025-11-19 12:00:00,0.99916,0.99923,0.99914,0.99923,7648141.3815469,0.00077,-0.00077,0.0001917406914421,12,2,High,91701.0,72.14709999,3097.75,507.77181641,0.5575135061981394,0.5834853801408535,USDT,0,1,-0.0007599999999999
2025-11-19 13:00:00,0.99923,0.99924,0.99923,0.99924,3741237.24156402,0.0007599999999999,-0.0007599999999999,0.0001768683904412,13,2,High,91315.4,51.70055082,3065.22,369.63429546,0.5332884120435195,0.526815722223971,USDT,0,1,-0.0006899999999999
2025-11-19 14:00:00,0.99923,0.9994,0.99918,0.99931,26437088.01360369,0.0006899999999999,-0.0006899999999999,0.0001482848805444,14,2,High,91669.7,67.41475709,3059.18,1207.68866529,0.508430201231825,0.4558252999052305,USDT,0,1,-0.0007
2025-11-19 15:00:00,0.99931,0.99935,0.99921,0.9993,14034826.97822785,0.0007,-0.0007,0.0001424526364239,15,2,High,89881.5,297.83167018,2971.18,5986.47503746,0.5208038469787267,0.3929567417774306,USDT,0,1,-0.0008399999999999
2025-11-19 16:00:00,0.9993,0.99931,0.99912,0.99916,5714086.83735999,0.0008399999999999,-0.0008399999999999,0.0001446829367094,16,2,High,89846.9,275.80371931,2948.15,2608.76131839,0.6070549193181088,0.4743490289220622,USDT,0,1,-0.0007399999999999
2025-11-19 17:00:00,0.99917,0.99932,0.99901,0.99926,40748137.3400984,0.0007399999999999,-0.0007399999999999,0.0001447311350409,17,2,High,89444.8,348.22329421,2920.77,3489.01494848,0.5765768101179911,0.4244984033526935,USDT,0,1,-0.00117
2025-11-19 18:00:00,0.99926,0.99927,0.99882,0.99883,22749374.26708469,0.00117,-0.00117,0.0001708970365526,18,2,Medium,89135.3,299.07687215,2895.57,4364.56333507,0.6636222837527168,0.5758035852041866,USDT,0,1,-0.0011999999999999
2025-11-19 19:00:00,0.99883,0.99896,0.998,0.9988,25291209.14863529,0.0011999999999999,-0.0011999999999999,0.0001817467580429,19,2,Medium,88777.9,507.09761092,2878.16,7939.37525556,0.7078122548145174,0.6537116617390133,USDT,0,1,-0.00119
2025-11-19 20:00:00,0.99879,0.99882,0.99871,0.99881,1024285.07305161,0.00119,-0.00119,0.0001899651951373,20,2,Medium,89477.1,293.47439132,2943.68,5206.27295062,0.718042430982181,0.6737487272645436,USDT,0,1,-0.00119
2025-11-19 21:00:00,0.9988,0.99882,0.9988,0.99881,4592987.41265051,0.00119,-0.00119,0.0001937048217581,21,2,Medium,90508.7,218.76457796,2988.74,7117.63735707,0.6856716564125099,0.6680110039828898,USDT,0,1,-0.00111
2025-11-19 22:00:00,0.99881,0.99891,0.9988,0.99889,2107088.13007693,0.00111,-0.00111,0.0001870668910859,22,2,Medium,90373.2,91.95419055,2981.64,1670.43284259,0.6418307874485369,0.6536566784351181,USDT,0,1,-0.0011299999999999
2025-11-19 23:00:00,0.9989,0.99899,0.9988,0.99887,1805748.1157978,0.0011299999999999,-0.0011299999999999,0.000187066891086,23,2,Medium,91427.7,173.40160508,3022.4,2332.8707115,0.5463288053500814,0.6061232791533633,USDT,0,1,-0.001
2025-11-20 00:00:00,0.99888,0.99903,0.99884,0.999,2848494.79614039,0.001,-0.001,0.0001826594994933,0,3,Medium,91800.1,161.92481793,3016.46,1241.01705039,0.478063796114703,0.5846363160490079,USDT,0,1,-0.0009599999999999
2025-11-20 01:00:00,0.99901,0.99906,0.99897,0.99904,1854708.04979682,0.0009599999999999,-0.0009599999999999,0.0001818185112029,1,3,High,92448.9,56.47027267,3041.94,520.15703959,0.4198930474368788,0.5691946304720751,USDT,0,1,-0.001
2025-11-20 02:00:00,0.99903,0.99906,0.99894,0.999,1127758.00102296,0.001,-0.001,0.0001828394203249,2,3,Medium,92510.6,78.75594932,3041.31,529.82542436,0.3657097378137891,0.5653177809037807,USDT,0,1,-0.00094
2025-11-20 03:00:00,0.99901,0.99906,0.99893,0.99906,1479036.34560863,0.00094,-0.00094,0.0001829052974292,3,3,High,92396.4,110.00376383,3037.03,240.88938675,0.3437623267006313,0.5764020771245847,USDT,0,1,-0.0009799999999999
2025-11-20 04:00:00,0.99906,0.9991,0.99899,0.99902,3413211.81388573,0.0009799999999999,-0.0009799999999999,0.0001832076314826,4,3,High,92872.5,66.68808197,3051.02,611.77898454,0.2882750347051475,0.5600825479139163,USDT,0,1,-0.00095
2025-11-20 05:00:00,0.99901,0.9991,0.99899,0.99905,19349255.49784787,0.00095,-0.00095,0.0001829701607141,5,3,High,92532.7,33.21126953,3032.56,1148.89608163,0.2772423780027024,0.558869652172556,USDT,0,1,-0.00102
2025-11-20 06:00:00,0.99905,0.99906,0.9988,0.99898,1572324.718848,0.00102,-0.00102,0.0001828973736197,6,3,Medium,91864.9,35.02704794,3018.1,747.50689708,0.2635751663316118,0.551855025539479,USDT,0,1,-0.00107
2025-11-20 07:00:00,0.99899,0.99901,0.99889,0.99893,10269121.76343467,0.00107,-0.00107,0.000172727480762,7,3,Medium,92255.1,19.56408681,3037.01,386.59549415,0.1953616985644949,0.5000478423028071,USDT,0,1,-0.00107
2025-11-20 08:00:00,0.99894,0.99894,0.99893,0.99893,539423.15489467,0.00107,-0.00107,0.0001680574220414,8,3,Medium,92000.1,28.20566584,3028.13,158.63119571,0.1645000807736988,0.4574940563441781,USDT,2,1,-0.00097
2025-11-20 09:00:00,0.99893,0.99905,0.9989,0.99903,14610519.10079372,0.00097,-0.00097,0.0001604612915589,9,3,High,91795.0,29.00177979,3008.63,500.78975374,0.1592991934674624,0.4155408419399049,USDT,2,1,-0.00107
2025-11-20 10:00:00,0.99903,0.99905,0.99881,0.99893,22601609.7723849,0.00107,-0.00107,0.0001605064448625,10,3,Medium,91705.0,70.97593227,3011.8,497.3644682,0.1461425320104824,0.3937543712226008,USDT,2,1,-0.0010299999999999
2025-11-20 11:00:00,0.99894,0.99897,0.99884,0.99897,1925548.93687495,0.0010299999999999,-0.0010299999999999,0.0001583148349282,11,3,Medium,91873.0,59.32539572,3021.15,307.04559284,0.1351934536534088,0.3588619575337194,USDT,2,1,-0.0010099999999999
2025-11-20 12:00:00,0.99897,0.999,0.99896,0.99899,7774076.03175733,0.0010099999999999,-0.0010099999999999,0.0001518383723115,12,3,Medium,91767.8,51.0535725,3025.24,1193.34632813,0.1142759479821416,0.282220901109942,USDT,2,1,-0.001
2025-11-20 13:00:00,0.999,0.999,0.99899,0.999,9922896.3265054,0.001,-0.001,0.0001436273105984,13,3,Medium,91471.9,42.21391454,2996.47,2555.91421147,0.1160987430037272,0.2153270555791399,USDT,2,1,-0.001
2025-11-20 14:00:00,0.999,0.9992,0.99845,0.999,38647405.11518919,0.001,-0.001,0.0001274470620499,14,3,Medium,91008.6,217.50347847,2998.14,1558.67625176,0.0915564132831528,0.1112440073985718,USDT,2,1,-0.00117
2025-11-20 15:00:00,0.99895,0.99901,0.99875,0.99883,5650398.224041,0.00117,-0.00117,0.0001122811881814,15,3,Medium,89755.2,273.87030723,2952.94,1486.8052537,0.3066752933935797,0.2404985724245527,USDT,2,1,-0.0011999999999999
2025-11-20 16:00:00,0.99882,0.99922,0.99873,0.9988,53345044.02204007,0.0011999999999999,-0.0011999999999999,0.0001092787620179,16,3,Medium,87769.5,845.5303591,2860.71,6276.59270526,0.5086237179220839,0.4379108050476373,USDT,2,1,-0.00114
2025-11-20 17:00:00,0.9988,0.99886,0.99875,0.99886,10337284.52348402,0.00114,-0.00114,8.870954886659483e-05,17,3,Medium,87151.5,1228.49613057,2830.97,5359.30472019,0.8142917767899649,0.75032925000583,USDT,0,1,-0.00111
2025-11-20 18:00:00,0.99886,0.99891,0.99885,0.99889,16085520.37760278,0.00111,-0.00111,8.645074832639346e-05,18,3,Medium,86438.3,422.84618947,2813.3,3215.21598155,0.7364589034658625,0.6782543632498536,USDT,0,1,-0.0014699999999999
2025-11-20 19:00:00,0.99889,0.99889,0.99839,0.99853,21827113.18623731,0.0014699999999999,-0.0014699999999999,0.0001171738458321,19,3,Medium,86801.0,289.3332926,2844.33,3551.5093585,0.7637021968794242,0.7000145840275057,USDT,0,1,-0.00151
2025-11-20 20:00:00,0.99853,0.9986,0.9984,0.99849,3023184.53856817,0.00151,-0.00151,0.0001456693695311,20,3,Medium,86300.0,613.04328449,2833.15,4876.94593384,0.806476906320398,0.7476153158259601,USDT,0,1,-0.00151
2025-11-20 21:00:00,0.99849,0.9985,0.9984,0.99849,4818629.55102824,0.00151,-0.00151,0.000168340149101,21,3,Medium,87199.9,118.93714018,2876.27,3532.85988199,0.8240775252962793,0.7623401700431315,USDT,0,1,-0.00124
2025-11-20 22:00:00,0.9985,0.99879,0.99849,0.99876,4335179.33396874,0.00124,-0.00124,0.0001707225692591,22,3,Medium,87975.8,91.58242122,2883.01,912.35187484,0.829123530944712,0.7703399621419064,USDT,0,1,-0.00119
2025-11-20 23:00:00,0.99875,0.99882,0.99872,0.99881,3292720.7768914,0.00119,-0.00119,0.0001715229101255,23,3,Medium,86503.0,208.53458259,2830.0,1722.22743799,0.8182728279031936,0.7684725154018061,USDT,0,1,-0.0012699999999999
2025-11-21 00:00:00,0.99882,0.99882,0.9987,0.99873,3321333.5089415,0.0012699999999999,-0.0012699999999999,0.0001729287362713,0,4,Medium,87120.6,157.55718893,2857.76,689.87975451,0.821611359334553,0.7734495724773237,USDT,0,1,-0.0012699999999999
2025-11-21 01:00:00,0.99873,0.99874,0.99872,0.99873,1410179.68184323,0.0012699999999999,-0.0012699999999999,0.0001720333427474,1,4,Medium,86993.2,76.49935634,2858.81,370.00140622,0.819632469637047,0.7716072258047936,USDT,0,1,-0.00126
2025-11-21 02:00:00,0.99874,0.99874,0.9987,0.99874,2491464.43462496,0.00126,-0.00126,0.0001714848833565,2,4,Medium,85399.9,218.22921927,2783.63,2587.56130238,0.807133027290085,0.7584283820313974,USDT,0,1,-0.00124
2025-11-21 03:00:00,0.99874,0.99878,0.9987,0.99876,1941848.43342803,0.00124,-0.00124,0.0001668587661123,3,4,Medium,85777.0,139.22815095,2806.55,684.99259143,0.7887956951161538,0.7402105467930151,USDT,0,1,-0.00129
2025-11-21 04:00:00,0.99875,0.99878,0.9987,0.99871,1824046.8665097,0.00129,-0.00129,0.0001646053691066,4,4,Medium,85942.4,91.12064909,2816.1,704.93832233,0.7812409448838005,0.73177963534927,USDT,0,1,-0.0012699999999999
2025-11-21 05:00:00,0.99871,0.9988,0.9987,0.99873,2006147.02294096,0.0012699999999999,-0.0012699999999999,0.0001589435229281,5,4,Medium,86047.9,64.60081554,2806.44,368.20183629,0.7635657290666287,0.7128896629459733,USDT,0,1,-0.0012999999999999
2025-11-21 06:00:00,0.99872,0.99873,0.99862,0.9987,940941.85847096,0.0012999999999999,-0.0012999999999999,0.0001567583758794,6,4,Medium,85500.0,63.12583191,2787.62,1304.83919434,0.7548411033404276,0.7030383545862882,USDT,0,1,-0.00156
2025-11-21 07:00:00,0.9987,0.99879,0.9983,0.99844,16152921.52691306,0.00156,-0.00156,0.0001711337937549,7,4,Medium,83929.4,993.21189358,2717.57,9394.52167984,0.7842379616458957,0.7441104455806475,USDT,0,1,-0.00133
2025-11-21 08:00:00,0.99845,0.99877,0.9983,0.99867,6602064.68834608,0.00133,-0.00133,0.0001698075423882,8,4,Medium,83549.6,427.58236543,2735.23,1530.00184711,0.7711522137657205,0.7347894595355168,USDT,0,1,-0.0013199999999999
2025-11-21 09:00:00,0.99867,0.9988,0.99861,0.99868,7095932.49090372,0.0013199999999999,-0.0013199999999999,0.0001617566610499,9,4,Medium,82099.1,511.4833352,2678.42,2472.75303924,0.7166737635874643,0.6857758876392851,USDT,2,1,-0.0013699999999999
2025-11-21 10:00:00,0.99867,0.99872,0.99854,0.99863,8351122.90029578,0.0013699999999999,-0.0013699999999999,0.000159625921408,10,4,Medium,82624.9,342.58637953,2694.35,1507.55907402,0.7022110118511566,0.6715443484064347,USDT,2,1,-0.00136
2025-11-21 11:00:00,0.99863,0.99871,0.99853,0.99864,3539218.10489693,0.00136,-0.00136,0.0001537307782348,11,4,Medium,82214.4,142.88148827,2684.84,1148.16886024,0.6648481064426631,0.6345751443948373,USDT,2,1,-0.00138
2025-11-21 12:00:00,0.99863,0.99877,0.9985,0.99862,6504454.3763192,0.00138,-0.00138,0.0001452334452735,12,4,Medium,83167.3,574.26435058,2722.89,3140.40591326,0.6182535491056398,0.5826008460697181,USDT,2,1,-0.0012299999999999
2025-11-21 13:00:00,0.99862,0.99877,0.99851,0.99877,17192464.91630251,0.0012299999999999,-0.0012299999999999,0.0001329044279149,13,4,Medium,84055.9,261.22530148,2738.7,1767.04521912,0.5032736600656706,0.4637114651447031,USDT,2,1,-0.00109
2025-11-21 14:00:00,0.99877,0.99891,0.99876,0.99891,4848736.78112597,0.00109,-0.00109,0.0001253863594387,14,4,Medium,84800.1,429.58234297,2768.78,2736.13634661,0.3026380360757065,0.2485641047162333,USDT,2,1,-0.0011499999999999
2025-11-21 15:00:00,0.99891,0.99916,0.99881,0.99885,47695655.74621434,0.0011499999999999,-0.0011499999999999,0.0001263162582739,15,4,Medium,82836.6,449.589762,2701.64,2410.29682775,0.1502349626918624,0.0911287338497314,USDT,2,1,-0.00114
2025-11-21 16:00:00,0.99886,0.99893,0.99874,0.99886,7310230.46839551,0.00114,-0.00114,0.0001288297382289,16,4,Medium,84814.7,267.39941873,2759.74,3446.05699923,0.0955995288798353,0.0328897868924015,USDT,2,1,-0.0008
2025-11-21 17:00:00,0.99886,0.9992,0.99885,0.9992,57138128.00780935,0.0008,-0.0008,0.0001609280152421,17,4,High,84820.0,377.87895488,2777.4,2558.0498676,0.0070726484701136,-0.0158046532845582,USDT,2,1,-0.0008099999999999
2025-11-21 18:00:00,0.9992,0.99928,0.99905,0.99919,25681724.38295533,0.0008099999999999,-0.0008099999999999,0.0001844380419196,18,4,High,84517.2,470.72789306,2778.33,2090.69941463,-0.0600890211942496,-0.0390374740465469,USDT,2,1,-0.0008099999999999
2025-11-21 19:00:00,0.99919,0.99919,0.99913,0.99919,2426025.73195718,0.0008099999999999,-0.0008099999999999,0.0002010029201672,19,4,High,84165.1,126.70543496,2750.2,2247.39087953,-0.0517688978064935,-0.0307649920439118,USDT,2,1,-0.00072
2025-11-21 20:00:00,0.99918,0.99928,0.99918,0.99928,5588572.31510552,0.00072,-0.00072,0.0002183730188575,20,4,High,84525.5,131.71980806,2734.83,867.04234586,-0.0215576888996798,-0.0394212174252676,USDT,2,1,-0.00073
2025-11-21 21:00:00,0.99927,0.99935,0.99927,0.99927,18797669.54456298,0.00073,-0.00073,0.0002287390608828,21,4,High,85127.6,139.03568413,2765.22,975.54117964,0.0888040515930404,0.06657092718553,USDT,2,1,-0.00077
2025-11-21 22:00:00,0.99928,0.99928,0.99922,0.99923,3201509.58080805,0.00077,-0.00077,0.000242383992876,22,4,High,84241.1,51.94612882,2720.9,352.53277557,0.1027783976198177,0.0405159079364748,USDT,2,1,-0.00072
2025-11-21 23:00:00,0.99923,0.99928,0.99922,0.99928,792546.23901811,0.00072,-0.00072,0.0002577238017209,23,4,High,85069.4,100.66798693,2765.39,327.09238567,0.1370834271300016,0.0587085098530877,USDT,2,1,-0.0007599999999999
2025-11-22 00:00:00,0.99928,0.99928,0.9992,0.99924,906267.48081797,0.0007599999999999,-0.0007599999999999,0.0002667952588547,0,5,High,84687.5,154.38729577,2764.58,389.59891412,0.2035817830500787,0.1277568455877602,USDT,2,1,-0.0007599999999999
2025-11-22 01:00:00,0.99924,0.99924,0.99923,0.99924,314265.6812672,0.0007599999999999,-0.0007599999999999,0.0002738530098736,1,5,High,85042.3,110.01096545,2772.66,376.53171406,0.309457771246246,0.2431684472084306,USDT,2,1,-0.00078
2025-11-22 02:00:00,0.99924,0.99924,0.9992,0.99922,665749.24233492,0.00078,-0.00078,0.0002784191267626,2,5,High,84426.4,31.079987,2751.07,212.11694659,0.3396811184866409,0.2678290464967062,USDT,2,1,-0.00077
2025-11-22 03:00:00,0.99921,0.99924,0.99921,0.99923,824504.12072533,0.00077,-0.00077,0.0002824722636161,3,5,High,84404.4,52.5032618,2751.0,143.04999787,0.390553537584778,0.3250137055349191,USDT,2,1,-0.00077
2025-11-22 04:00:00,0.99923,0.99924,0.99923,0.99923,468737.95269334,0.00077,-0.00077,0.0002832715192627,4,5,High,84176.5,222.1216545,2745.35,267.62248851,0.4752014522769822,0.4342225527835102,USDT,2,1,-0.00087
2025-11-22 05:00:00,0.99924,0.99924,0.99913,0.99913,4851549.08285888,0.00087,-0.00087,0.0002802367011971,5,5,High,84236.5,53.18327917,2741.56,136.7010316,0.6017622668241829,0.5572799835974928,USDT,2,1,-0.00085
2025-11-22 06:00:00,0.99914,0.99923,0.99912,0.99915,2458730.57657422,0.00085,-0.00085,0.0002751728705701,6,5,High,84600.1,87.98630605,2764.04,143.02565463,0.7278400828692867,0.6833408358123411,USDT,2,1,-0.00075
2025-11-22 07:00:00,0.99917,0.99925,0.99916,0.99925,1201379.99002663,0.00075,-0.00075,0.0002513442122777,7,5,High,84525.4,11.76232613,2755.0,180.69487676,0.7927891705435164,0.6893769927694131,USDT,2,1,-0.0006899999999999
2025-11-22 08:00:00,0.99925,0.99938,0.99924,0.99931,9206286.22686336,0.0006899999999999,-0.0006899999999999,0.0002442320113422,8,5,High,83961.6,97.2679517,2729.42,345.98393959,0.7702049877231003,0.6696261336748043,USDT,2,1,-0.0007
2025-11-22 09:00:00,0.99932,0.99932,0.99925,0.9993,4386227.76926162,0.0007,-0.0007,0.0002341357837224,9,5,High,83840.6,102.94548054,2723.28,249.08358848,0.7014502520531156,0.5625814716079233,USDT,2,1,-0.0006899999999999
2025-11-22 10:00:00,0.9993,0.99932,0.99929,0.99931,3901517.15827408,0.0006899999999999,-0.0006899999999999,0.000216190670009,10,5,High,83689.5,194.63238323,2711.41,278.08816946,0.5835944820121627,0.38969687538575,USDT,2,1,-0.0007099999999999
2025-11-22 11:00:00,0.99932,0.99932,0.99927,0.99929,1599458.28835947,0.0007099999999999,-0.0007099999999999,0.0001927823545702,11,5,High,84046.8,37.70666031,2733.38,304.42078836,0.3977962288438172,0.1662228934627908,USDT,2,1,-0.0006599999999999
2025-11-22 12:00:00,0.9993,0.99934,0.99928,0.99934,471541.52020572,0.0006599999999999,-0.0006599999999999,0.0001603523068762,12,5,High,83844.6,84.57057877,2719.67,210.78157152,0.1416901875784555,-0.0267159991790379,USDT,2,1,-0.0006899999999999
2025-11-22 13:00:00,0.99934,0.99934,0.9993,0.99931,1755914.53189284,0.0006899999999999,-0.0006899999999999,0.0001367790718435,13,5,High,83912.8,59.63210582,2717.27,70.76953966,0.057813152933157,-0.1262172973101297,USDT,2,1,-0.0006599999999999
2025-11-22 14:00:00,0.99931,0.99934,0.9993,0.99934,559029.99180648,0.0006599999999999,-0.0006599999999999,0.0001247141659555,14,5,High,84431.0,27.10287427,2743.8,236.65972249,0.1663512123332717,-0.0330076604815904,USDT,2,1,-0.0006099999999999
2025-11-22 15:00:00,0.99934,0.99939,0.99933,0.99939,956116.04083323,0.0006099999999999,-0.0006099999999999,0.0001020194639077,15,5,High,84242.5,27.16176399,2737.59,604.27259342,-0.3706406195351061,-0.4316832314134325,USDT,2,1,-0.0006199999999999
2025-11-22 16:00:00,0.99939,0.99939,0.99933,0.99938,1838216.52827423,0.0006199999999999,-0.0006199999999999,6.674090070985832e-05,16,5,High,84677.8,38.47180939,2753.45,630.27898441,-0.2397659817590042,-0.4588222880233202,USDT,2,1,-0.0006199999999999
2025-11-22 17:00:00,0.99937,0.99944,0.99935,0.99938,4533207.01165276,0.0006199999999999,-0.0006199999999999,6.94700436013823e-05,17,5,High,84564.9,46.31106426,2749.53,341.83647311,-0.1547145295549462,-0.3811740393495341,USDT,2,1,-0.0006
2025-11-22 18:00:00,0.99938,0.9994,0.99936,0.9994,726130.65002499,0.0006,-0.0006,7.212986477691283e-05,18,5,High,84580.1,24.22275164,2751.11,178.22808802,-0.0902970463117461,-0.2657209815414475,USDT,2,1,-0.0005899999999999
2025-11-22 19:00:00,0.9994,0.99941,0.99939,0.99941,638863.68278459,0.0005899999999999,-0.0005899999999999,7.430718654626382e-05,19,5,High,84555.8,41.06891539,2750.06,178.85565823,-0.0858790111285835,-0.2106936627133272,USDT,2,1,-0.0006
2025-11-22 20:00:00,0.99941,0.99941,0.99938,0.9994,5353882.28286602,0.0006,-0.0006,7.771067672305423e-05,20,5,High,84413.6,21.04063132,2739.4,546.95558952,-0.0765518178053844,-0.2216882157059013,USDT,2,1,-0.0006
2025-11-22 21:00:00,0.9994,0.9994,0.99939,0.9994,550385.67582706,0.0006,-0.0006,8.052364852881615e-05,21,5,High,84363.1,17.42245305,2745.0,92.98532733,-0.0527662401421502,-0.1987747126960367,USDT,2,1,-0.0006199999999999
2025-11-22 22:00:00,0.9994,0.99943,0.99937,0.99938,5346292.0989193,0.0006199999999999,-0.0006199999999999,8.080998468351431e-05,22,5,High,85046.2,39.94301245,2788.09,608.60272544,0.0122513403034282,-0.1285657053336983,USDT,2,1,-0.0006399999999999
2025-11-22 23:00:00,0.99937,0.99941,0.99935,0.99936,173758.03325739,0.0006399999999999,-0.0006399999999999,8.139966706598849e-05,23,5,High,84679.9,17.39289258,2767.09,235.39060551,0.0636139919985472,-0.078934460642406,USDT,2,1,-0.0006599999999999
2025-11-23 00:00:00,0.99936,0.99939,0.99934,0.99934,1246947.94701603,0.0006599999999999,-0.0006599999999999,8.032429741344957e-05,0,6,High,84878.9,29.11239065,2771.19,219.13095401,0.1168338590662044,-0.0190979848350317,USDT,2,1,-0.0006
2025-11-23 01:00:00,0.99935,0.9994,0.99928,0.9994,426368.38996706,0.0006,-0.0006,8.07202630749444e-05,1,6,High,85802.9,135.9809156,2804.33,358.87958225,0.2948842375376682,0.1541722367397091,USDT,2,1,-0.0006
2025-11-23 02:00:00,0.9994,0.99941,0.99938,0.9994,336411.70514055,0.0006,-0.0006,7.949911129663715e-05,2,6,High,85971.2,233.12026406,2818.75,1138.19068915,0.359985150898504,0.2480846255962702,USDT,2,1,-0.0006099999999999
2025-11-23 03:00:00,0.9994,0.99941,0.99933,0.99939,727242.07362849,0.0006099999999999,-0.0006099999999999,7.776660548603336e-05,3,6,High,86248.8,27.63381573,2822.66,375.22687877,0.3875252513889308,0.298793421575392,USDT,2,1,-0.0006599999999999
2025-11-23 04:00:00,0.99939,0.9994,0.9993,0.99934,461287.4110332,0.0006599999999999,-0.0006599999999999,7.461495363275618e-05,4,6,High,86532.5,67.59448009,2826.01,999.56637197,0.3201136039523979,0.2674216829316201,USDT,2,1,-0.0006199999999999
2025-11-23 05:00:00,0.99935,0.9994,0.99933,0.99938,362934.69874152,0.0006199999999999,-0.0006199999999999,6.050362309015495e-05,5,6,High,86295.8,23.60940972,2823.4,216.86857187,0.3317540652935362,0.2830575086870081,USDT,2,1,-0.0006199999999999
2025-11-23 06:00:00,0.99938,0.99945,0.99929,0.99938,2572081.6623375,0.0006199999999999,-0.0006199999999999,4.3663734841856505e-05,6,6,High,85861.0,45.53100447,2809.6,239.68064383,0.4397879485467568,0.428659026388913,USDT,2,1,-0.0006
2025-11-23 07:00:00,0.99939,0.99941,0.99933,0.9994,401223.50345407,0.0006,-0.0006,3.7971671378497535e-05,7,6,High,85735.5,30.37767875,2792.37,206.97244937,0.5001656786387922,0.4955566860507625,USDT,2,1,-0.0006
2025-11-23 08:00:00,0.9994,0.99941,0.99939,0.9994,1331202.99019743,0.0006,-0.0006,3.686048905469333e-05,8,6,High,86104.0,23.4697092,2809.91,120.57870008,0.4938666080750989,0.490620220821061,USDT,2,1,-0.00055
2025-11-23 09:00:00,0.9994,0.99945,0.99939,0.99945,783896.60322851,0.00055,-0.00055,3.7626597915836026e-05,9,6,High,86354.5,37.68466965,2814.95,180.83305156,0.5122975086425968,0.4934541378275158,USDT,2,1,-0.0006099999999999
2025-11-23 10:00:00,0.99945,0.99945,0.99939,0.99939,6938551.70580853,0.0006099999999999,-0.0006099999999999,3.519871129040285e-05,10,6,High,86048.2,56.21843937,2807.01,151.05642536,0.45522039958208,0.4302341522509331,USDT,2,1,-0.00056
2025-11-23 11:00:00,0.99939,0.99945,0.99918,0.99944,2155659.32370189,0.00056,-0.00056,3.2258017782639404e-05,11,6,High,86241.3,146.54376871,2813.5,99.56730802,0.4398740191034475,0.4107859772608905,USDT,2,1,-0.00058
2025-11-23 12:00:00,0.99945,0.99945,0.99941,0.99942,1097562.9193471,0.00058,-0.00058,3.171430438394195e-05,12,6,High,86491.6,142.09779789,2833.88,491.53235906,0.4199637077372372,0.3903838410532448,USDT,2,1,-0.00056
2025-11-23 13:00:00,0.99942,0.99945,0.99927,0.99944,3040705.98029156,0.00056,-0.00056,2.903957820867948e-05,13,6,High,86882.1,27.33561145,2842.12,267.02577945,0.3850947603198381,0.3273855000635103,USDT,2,1,-0.00055
2025-11-23 14:00:00,0.99944,0.99945,0.99935,0.99945,818829.48249238,0.00055,-0.00055,2.9142329409144296e-05,14,6,High,86536.7,69.77932343,2812.86,983.77962738,0.3833664488425237,0.283068929128609,USDT,2,1,-0.0006
2025-11-23 15:00:00,0.99945,0.99945,0.99939,0.9994,654954.75495798,0.0006,-0.0006,2.911434231795376e-05,15,6,High,87049.2,36.21037167,2835.47,368.80513768,0.3728722082953406,0.2792114326263711,USDT,2,1,-0.0006
2025-11-23 16:00:00,0.9994,0.99941,0.99935,0.9994,806313.53533231,0.0006,-0.0006,2.8889469540704495e-05,16,6,High,86684.6,62.35034819,2798.72,706.45484226,0.3499121579759065,0.2571215671627732,USDT,2,1,-0.0005899999999999
2025-11-23 17:00:00,0.99941,0.99941,0.9994,0.99941,260671.85440125,0.0005899999999999,-0.0005899999999999,2.8729119720316647e-05,17,6,High,86699.5,31.46645933,2790.84,528.03126222,0.3370423731298905,0.2233137940450366,USDT,2,1,-0.0006
2025-11-23 18:00:00,0.99941,0.99941,0.99935,0.9994,586453.39604704,0.0006,-0.0006,2.8729119720316647e-05,18,6,High,86962.5,28.79592509,2807.42,381.11607779,0.3462549967572448,0.2393845776755195,USDT,2,1,-0.0005199999999999
2025-11-23 19:00:00,0.9994,0.9995,0.9994,0.99948,3393278.70987327,0.0005199999999999,-0.0005199999999999,3.309790047036877e-05,19,6,High,87300.0,79.38761281,2821.18,555.37500024,0.4898272504810854,0.3206847850689362,USDT,2,1,-0.0004999999999999
2025-11-23 20:00:00,0.9995,0.9995,0.99949,0.9995,1188886.7526955,0.0004999999999999,-0.0004999999999999,3.86525774065638e-05,20,6,High,87472.4,236.10385354,2826.92,426.68890127,0.6070198018530765,0.401694230322554,USDT,2,1,-0.0004999999999999
2025-11-23 21:00:00,0.9995,0.9995,0.99928,0.9995,1908959.68246395,0.0004999999999999,-0.0004999999999999,4.308527104169529e-05,21,6,High,87958.9,116.81511379,2841.85,819.88775696,0.7384570270483126,0.5415718886596421,USDT,0,1,-0.0003999999999999
2025-11-23 22:00:00,0.9995,0.9996,0.99949,0.9996,1118693.07763474,0.0003999999999999,-0.0003999999999999,5.73683117182495e-05,22,6,High,87967.8,54.27026732,2836.65,1173.56103745,0.7732593014242448,0.5444931391722242,USDT,0,1,-0.00041
2025-11-23 23:00:00,0.99959,0.9996,0.99953,0.99959,979446.86702273,0.00041,-0.00041,6.560200598587343e-05,23,6,High,86777.4,334.85691253,2801.0,784.09712589,0.6991392402443182,0.3411882167267097,USDT,2,1,-0.0004999999999999
2025-11-24 00:00:00,0.99957,0.99967,0.99947,0.9995,675724.76354796,0.0004999999999999,-0.0004999999999999,6.426282086766975e-05,0,0,High,86703.7,304.3680897,2787.29,734.19536166,0.6596457966884308,0.1255463057778373,USDT,2,1,-0.0004999999999999
2025-11-24 01:00:00,0.9995,0.99958,0.99946,0.9995,925983.34301618,0.0004999999999999,-0.0004999999999999,6.507520733447059e-05,1,0,High,87007.6,115.21077647,2804.99,192.69641653,0.6636264214073551,0.0773841887718218,USDT,2,1,-0.0003999999999999
2025-11-24 02:00:00,0.9995,0.99961,0.99942,0.9996,3035577.03927379,0.0003999999999999,-0.0003999999999999,7.215120998534177e-05,2,0,High,87450.0,69.89351194,2837.62,1197.35383922,0.6833819580677387,0.1939458606859853,USDT,2,1,-0.00058
2025-11-24 03:00:00,0.99959,0.9996,0.9994,0.99942,2040787.05392775,0.00058,-0.00058,7.13521071118508e-05,3,0,High,87433.6,43.65687985,2856.34,288.12121913,0.6324233680397414,0.1488583903476801,USDT,2,1,-0.0005199999999999
2025-11-24 04:00:00,0.99941,0.99949,0.99934,0.99948,1582567.61136098,0.0005199999999999,-0.0005199999999999,6.762937146633846e-05,4,0,High,86699.3,60.89788213,2823.85,233.12195231,0.6379106767269819,0.1950260115772189,USDT,2,1,-0.0006599999999999
2025-11-24 05:00:00,0.99948,0.99951,0.99931,0.99934,1320257.15494715,0.0006599999999999,-0.0006599999999999,7.001940725387873e-05,5,0,High,87435.8,56.64894467,2865.39,623.99264777,0.4985930963562088,0.0161936883616067,USDT,2,1,-0.0004899999999999
2025-11-24 06:00:00,0.99935,0.99953,0.99934,0.99951,1475237.00649998,0.0004899999999999,-0.0004899999999999,6.908826533253177e-05,6,0,High,86869.4,26.02005904,2837.21,236.21538438,0.4552689061872221,0.0191763290725251,USDT,2,1,-0.0004499999999999
2025-11-24 07:00:00,0.99952,0.99955,0.99941,0.99955,4231303.20417724,0.0004499999999999,-0.0004499999999999,7.02776584427914e-05,7,0,High,86997.2,22.30559512,2828.68,202.31563568,0.4178909895195924,-0.0173202386453133,USDT,2,1,-0.0004999999999999
2025-11-24 08:00:00,0.99955,0.99955,0.99944,0.9995,2664516.20885724,0.0004999999999999,-0.0004999999999999,6.918652587855163e-05,8,0,High,86932.5,44.51782274,2839.14,158.21219043,0.3779297655617242,-0.0285141326171378,USDT,2,1,-0.0005899999999999
2025-11-24 09:00:00,0.9995,0.99951,0.9994,0.99941,4801303.98748013,0.0005899999999999,-0.0005899999999999,7.015381651659992e-05,9,0,High,85915.8,75.16806258,2796.37,388.04317145,0.4096683004510857,0.0151693717475763,USDT,2,1,-0.00065
2025-11-24 10:00:00,0.99941,0.99944,0.99929,0.99935,3019156.73272905,0.00065,-0.00065,7.252061176845674e-05,10,0,High,86040.9,51.84208461,2798.81,1307.03650126,0.4377774664493902,0.0594148804993167,USDT,2,1,-0.0006099999999999
2025-11-24 11:00:00,0.99935,0.99941,0.99934,0.99939,2111847.88719788,0.0006099999999999,-0.0006099999999999,7.401037922297055e-05,11,0,High,86217.2,25.35819649,2802.73,138.16497097,0.4689274854739152,0.0915203550258735,USDT,2,1,-0.00058
2025-11-24 12:00:00,0.9994,0.9996,0.9994,0.99942,12386080.78802323,0.00058,-0.00058,7.401037922297055e-05,12,0,High,85973.5,32.7467035,2802.28,749.61682776,0.4685919630927368,0.1285632413308127,USDT,2,1,-0.0005199999999999
2025-11-24 13:00:00,0.99943,0.99952,0.99942,0.99948,1669141.54141806,0.0005199999999999,-0.0005199999999999,7.389279348065137e-05,13,0,High,86090.7,40.22600666,2813.87,730.99945975,0.4361216747950783,0.144277128560623,USDT,2,1,-0.00053
2025-11-24 14:00:00,0.99948,0.9995,0.99947,0.99947,31272272.97040022,0.00053,-0.00053,7.381920727800969e-05,14,0,High,86042.0,161.48038587,2828.33,935.59631895,0.4125836003197332,0.1420036049281022,USDT,2,1,-0.00068
2025-11-24 15:00:00,0.99947,0.99948,0.99931,0.99932,9470458.79625283,0.00068,-0.00068,7.861113245446886e-05,15,0,High,86562.6,90.91959122,2844.29,2335.03227012,0.4368448397273034,0.0672027288702177,USDT,2,1,-0.00019
2025-11-24 16:00:00,0.99932,0.9999,0.99931,0.99981,77065239.63988249,0.00019,-0.00019,0.0001045270577309,16,0,High,87212.2,161.73328623,2858.58,1250.29115771,0.4020297395282372,0.249610895308197,USDT,2,1,-0.0004999999999999
2025-11-24 17:00:00,0.99981,0.99981,0.99947,0.9995,7065231.16545492,0.0004999999999999,-0.0004999999999999,0.0001035003325663,17,0,High,88343.4,219.80749411,2940.13,3333.34766329,0.3709782210782115,0.1702741260286593,USDT,2,1,-0.00041
2025-11-24 18:00:00,0.9995,0.9996,0.99949,0.99959,4662839.34493735,0.00041,-0.00041,0.000104047613129,18,0,High,88698.4,266.19806569,2955.52,2718.89522478,0.4214289608858292,0.239590564776389,USDT,2,1,-0.0003199999999999
2025-11-24 19:00:00,0.9996,0.9997,0.99959,0.99968,3452847.03207076,0.0003199999999999,-0.0003199999999999,0.0001108261139666,19,0,High,88310.2,115.11812085,2958.0,1145.87846953,0.4911459676445886,0.3715647412608599,USDT,0,1,-0.00024
2025-11-24 20:00:00,0.99969,0.99976,0.99918,0.99976,5705608.49659901,0.00024,-0.00024,0.0001228400338396,20,0,High,89137.6,91.65819351,2974.33,813.4135692,0.5969441828498137,0.5055615894400505,USDT,0,1,-0.00021
2025-11-24 21:00:00,0.99976,0.99982,0.99964,0.99979,5039147.81749349,0.00021,-0.00021,0.0001353149841229,21,0,High,88783.3,89.31651029,2958.56,1504.85647717,0.670746606556048,0.5846457873859077,USDT,0,1,-0.0003699999999999
2025-11-24 22:00:00,0.99979,0.9998,0.99963,0.99963,2809359.20143345,0.0003699999999999,-0.0003699999999999,0.0001361897387036,22,0,High,88646.6,47.81944977,2960.96,456.5911718,0.6741266934483137,0.608923134509432,USDT,0,1,-0.0003699999999999
2025-11-24 23:00:00,0.99964,0.99964,0.99963,0.99963,1507426.3489367,0.0003699999999999,-0.0003699999999999,0.0001372656105028,23,0,High,88275.0,53.03642049,2951.88,672.22636066,0.698827953265169,0.654413870948587,USDT,0,1,-0.0003199999999999
2025-11-25 00:00:00,0.99963,0.9997,0.99963,0.99968,728067.59489131,0.0003199999999999,-0.0003199999999999,0.0001406448657487,0,1,High,88072.5,64.17305441,2942.79,1033.21139345,0.7087492486232477,0.6837302311243112,USDT,0,1,-0.00033
2025-11-25 01:00:00,0.99969,0.9997,0.99963,0.99967,777758.21300249,0.00033,-0.00033,0.0001431301222127,1,1,High,87741.6,46.35012312,2919.01,900.85791172,0.7086451188644329,0.6978676804522833,USDT,0,1,-0.00036
2025-11-25 02:00:00,0.99967,0.99968,0.99963,0.99964,452859.00155534,0.00036,-0.00036,0.0001440787827987,2,1,High,87886.3,44.79667168,2929.29,847.56773497,0.7137008691500827,0.723790422202825,USDT,0,1,-0.00033
2025-11-25 03:00:00,0.99965,0.9998,0.99963,0.99967,12300523.85157498,0.00033,-0.00033,0.0001438743161274,3,1,High,87735.1,17.17082195,2911.31,416.38719952,0.7293911986880621,0.7272039430865785,USDT,0,1,-0.0004999999999999
2025-11-25 04:00:00,0.99967,0.99967,0.99949,0.9995,1738274.46482231,0.0004999999999999,-0.0004999999999999,0.0001434910238084,4,1,High,88339.0,54.89028356,2938.16,638.2916176,0.6957277026884391,0.6966891191386382,USDT,0,1,-0.00048
2025-11-25 05:00:00,0.99949,0.99955,0.99943,0.99952,2679708.30198716,0.00048,-0.00048,0.0001363598978426,5,1,High,88075.1,40.64997579,2929.94,194.36325158,0.7187002292333705,0.6966578064173476,USDT,0,1,-0.00029
2025-11-25 06:00:00,0.99951,0.99971,0.9995,0.99971,7629962.98191623,0.00029,-0.00029,0.0001391739345512,6,1,High,87991.2,29.93710668,2923.9,88.95674768,0.7177638250509422,0.6980818157120597,USDT,0,1,-0.0003999999999999
2025-11-25 07:00:00,0.99971,0.99972,0.9994,0.9996,3864352.81766807,0.0003999999999999,-0.0003999999999999,0.0001392422557903,7,1,High,87396.6,115.60330355,2902.94,327.16502927,0.7168332978232416,0.7082122259744347,USDT,0,1,-0.0003199999999999
2025-11-25 08:00:00,0.99965,0.99969,0.99944,0.99968,4452831.66042727,0.0003199999999999,-0.0003199999999999,0.0001400595111626,8,1,High,87000.2,159.41247728,2871.57,992.79244448,0.6843166303338848,0.6803381216193457,USDT,0,1,-0.0002999999999999
2025-11-25 09:00:00,0.99968,0.99978,0.99965,0.9997,7009781.77449527,0.0002999999999999,-0.0002999999999999,0.0001373131141033,9,1,High,87195.7,95.70952501,2891.17,258.0757522,0.6317864694375304,0.6368027162826828,USDT,0,1,-0.00031
2025-11-25 10:00:00,0.9997,0.99974,0.99966,0.99969,5335939.66427153,0.00031,-0.00031,0.0001286038462711,10,1,High,87400.0,33.24547123,2898.37,334.9895178,0.5664383297155614,0.5684821267942642,USDT,0,1,-0.0003499999999999
2025-11-25 11:00:00,0.99969,0.99969,0.99965,0.99965,2103344.42599752,0.0003499999999999,-0.0003499999999999,0.0001203550002588,11,1,High,87336.0,47.31986228,2890.75,179.20522154,0.5027065058556931,0.4898320048888676,USDT,0,1,-0.00039
2025-11-25 12:00:00,0.99966,0.99972,0.99953,0.99961,10251532.72899096,0.00039,-0.00039,0.0001129030621798,12,1,High,87506.9,26.15134279,2926.2,4256.0962581,0.4218364107503919,0.3942374908499018,USDT,2,1,-0.0004899999999999
2025-11-25 13:00:00,0.99961,0.99965,0.9995,0.99951,31316000.16814458,0.0004899999999999,-0.0004899999999999,0.0001113935118984,13,1,High,87040.3,62.79753375,2905.51,924.50208454,0.3806267889654429,0.3178877440834767,USDT,2,1,-0.00056
2025-11-25 14:00:00,0.99952,0.99957,0.99932,0.99944,16637254.80792163,0.00056,-0.00056,0.0001133642327882,14,1,High,86747.0,133.64762905,2880.75,1769.10800942,0.3633393016109691,0.2706939466309871,USDT,2,1,-0.0006199999999999
2025-11-25 15:00:00,0.99943,0.99956,0.99934,0.99938,10122488.32067895,0.0006199999999999,-0.0006199999999999,0.0001068386295022,15,1,High,86934.8,99.66976188,2893.88,1449.13282655,0.2975355106055441,0.099794279505821,USDT,2,1,-0.00065
2025-11-25 16:00:00,0.99937,0.99946,0.99928,0.99935,9656771.45402891,0.00065,-0.00065,0.0001135685963958,16,1,High,87094.1,94.74856975,2929.11,613.10016688,0.4581370983550276,0.2496959290539507,USDT,2,1,-0.00055
2025-11-25 17:00:00,0.99935,0.9999,0.99925,0.99945,42611606.44899321,0.00055,-0.00055,0.0001160576755684,17,1,High,87601.1,151.66265636,2936.3,1200.39458097,0.5049817337360571,0.2424655091919181,USDT,2,1,-0.0005399999999999
2025-11-25 18:00:00,0.99945,0.99952,0.99944,0.99946,14457251.13799748,0.0005399999999999,-0.0005399999999999,0.0001197824114273,18,1,High,87200.1,86.51926353,2922.9,817.54513092,0.556469360558159,0.248395846886748,USDT,2,1,-0.0005399999999999
2025-11-25 19:00:00,0.99946,0.9995,0.9994,0.99946,11498855.40762586,0.0005399999999999,-0.0005399999999999,0.0001217951475693,19,1,High,86861.5,83.18457258,2921.18,1162.1064784,0.5718590225244865,0.2142924668332082,USDT,2,1,-0.00046
2025-11-25 20:00:00,0.99946,0.99956,0.99946,0.99954,5391696.30250185,0.00046,-0.00046,0.0001166811585221,20,1,High,87394.7,44.24954004,2929.41,932.62631529,0.5155763559670562,0.0933005622712805,USDT,2,1,-0.00048
2025-11-25 21:00:00,0.99954,0.99957,0.99952,0.99952,14904364.94363413,0.00048,-0.00048,0.0001084467076784,21,1,High,87000.0,31.118504,2931.41,687.19490874,0.4272189882103572,-0.0579963503281191,USDT,2,1,-0.00058
2025-11-25 22:00:00,0.99953,0.99956,0.99941,0.99942,2378515.54583808,0.00058,-0.00058,0.0001118487591708,22,1,High,87636.1,36.19217462,2969.15,1012.00211706,0.3871662404828603,-0.2242760847550352,USDT,2,1,-0.00046
2025-11-25 23:00:00,0.99942,0.99955,0.99941,0.99954,1166727.66958848,0.00046,-0.00046,0.0001109633377263,23,1,High,87326.3,47.22555257,2959.04,1098.0420548,0.3691383971376736,-0.2730989219565749,USDT,2,1,-0.0004399999999999
2025-11-26 00:00:00,0.99955,0.99956,0.99951,0.99956,1266469.42059441,0.0004399999999999,-0.0004399999999999,0.0001078839620884,0,2,High,87532.5,20.13846148,2953.36,458.07654591,0.3203566069850782,-0.32087596690924,USDT,2,1,-0.0003999999999999
2025-11-26 01:00:00,0.99956,0.9996,0.99951,0.9996,10725305.60129235,0.0003999999999999,-0.0003999999999999,0.0001055008757459,1,2,High,87883.0,66.87989946,2968.34,985.31118781,0.3072727047120629,-0.264124721656533,USDT,2,1,-0.0005199999999999
2025-11-26 02:00:00,0.99958,0.99961,0.99945,0.99948,11455356.41649172,0.0005199999999999,-0.0005199999999999,0.000104618007708,2,2,High,87673.9,22.56732793,2955.67,258.59468514,0.25376590047577,-0.302642353623499,USDT,2,1,-0.0004499999999999
2025-11-26 03:00:00,0.99948,0.9996,0.99946,0.99955,3097966.83028033,0.0004499999999999,-0.0004499999999999,0.00010110978393,3,2,High,87089.2,52.91306958,2926.16,640.35988833,0.2141007361734789,-0.2900916300292697,USDT,2,1,-0.0004199999999999
2025-11-26 04:00:00,0.99955,0.99958,0.9995,0.99958,975587.18867996,0.0004199999999999,-0.0004199999999999,0.00010110978393,4,2,High,87202.5,45.48029837,2931.22,579.51384541,0.2864967377710634,-0.2765170129438228,USDT,2,1,-0.00043
2025-11-26 05:00:00,0.99958,0.9996,0.9995,0.99957,2078631.93980172,0.00043,-0.00043,0.0001011590439579,5,2,High,87464.8,22.78724169,2942.58,123.72741979,0.3464927443127443,-0.2627709430052987,USDT,2,1,-0.00041
2025-11-26 06:00:00,0.99959,0.9996,0.9995,0.99959,2451059.24805677,0.00041,-0.00041,9.538537396165588e-05,6,2,High,87769.4,22.58232795,2946.4,482.87332195,0.2479963103646027,-0.2565352235149288,USDT,2,1,-0.00041
2025-11-26 07:00:00,0.99959,0.99961,0.99958,0.99959,3475762.21326127,0.00041,-0.00041,9.512767926795658e-05,7,2,High,87900.0,34.93342523,2941.87,170.38859101,0.2660587348870201,-0.2216320958906537,USDT,2,1,-0.0003999999999999
2025-11-26 08:00:00,0.9996,0.99962,0.9995,0.9996,7741651.45059035,0.0003999999999999,-0.0003999999999999,9.127121552388676e-05,8,2,High,87394.8,12.77570048,2912.55,310.02153118,0.3617240294148316,-0.1191948864157819,USDT,2,1,-0.0003699999999999
2025-11-26 09:00:00,0.9996,0.99965,0.99952,0.99963,2659198.74929485,0.0003699999999999,-0.0003699999999999,8.677703396519291e-05,9,2,High,86788.7,31.22970455,2904.44,302.59654249,0.3147160419496156,-0.049551327048305,USDT,2,1,-0.0004699999999999
2025-11-26 10:00:00,0.99964,0.99965,0.9995,0.99953,1300464.94724933,0.0004699999999999,-0.0004699999999999,7.999886774954665e-05,10,2,High,86941.0,19.60823979,2913.26,110.34278368,0.3102562984839359,0.0559389350331305,USDT,2,1,-0.0002999999999999
2025-11-26 11:00:00,0.99953,0.99974,0.9995,0.9997,797550.26842696,0.0002999999999999,-0.0002999999999999,8.393838320182713e-05,11,2,High,87069.7,12.48371668,2914.0,512.31910206,0.2263514593618227,0.1046273431030157,USDT,2,1,-7.999999999996898e-05
2025-11-26 12:00:00,0.9997,1.0,0.99964,0.99992,6150688.1735575,7.999999999996898e-05,-7.999999999996898e-05,0.0001152116829346,12,2,High,86637.1,78.86665314,2901.52,620.83307446,-0.1163680557189529,-0.0964105604215046,USDT,2,1,-0.00041
2025-11-26 13:00:00,0.99977,0.99978,0.99954,0.99959,11072741.47165827,0.00041,-0.00041,0.0001154504410922,13,2,High,87080.7,58.86625242,2933.0,195.2709699,-0.1323900543767155,-0.1081853351974669,USDT,2,1,-0.0003999999999999
2025-11-26 14:00:00,0.99959,0.99961,0.9995,0.9996,4228414.21394622,0.0003999999999999,-0.0003999999999999,0.0001138068220897,14,2,High,86843.7,78.11555059,2907.53,1994.62060841,-0.2180477844846799,-0.2403539306187371,USDT,2,1,-0.00039
2025-11-26 15:00:00,0.99961,0.99972,0.99958,0.99961,18096191.52194257,0.00039,-0.00039,0.0001083873889688,15,2,High,86895.4,97.71537349,2925.63,6670.48852403,-0.3137417494009647,-0.4171865144074498,USDT,2,1,-0.00031
2025-11-26 16:00:00,0.99961,0.99971,0.99959,0.99969,24486631.09396056,0.00031,-0.00031,0.00010176343696,16,2,High,87800.4,168.21507925,2946.89,3262.45297354,-0.2933793071373275,-0.4183517681279539,USDT,2,1,-0.0001799999999999
2025-11-26 17:00:00,0.99969,1.0002,0.9996,0.99982,48635014.19365409,0.0001799999999999,-0.0001799999999999,0.00010984095881,17,2,High,89863.5,390.29543359,3026.88,3218.22131827,0.2316223651724881,0.0437569461787146,USDT,2,1,-0.00036
2025-11-26 18:00:00,0.99982,1.0,0.99956,0.99964,31852239.03963322,0.00036,-0.00036,0.0001067088345111,18,2,High,90135.5,325.98692338,3033.55,3383.88230142,0.2245061548114958,0.0639512126771142,USDT,2,1,-0.0002199999999999
2025-11-26 19:00:00,0.99965,0.9998,0.99963,0.99978,5641986.87776444,0.0002199999999999,-0.0002199999999999,0.0001088069357887,19,2,High,89988.2,65.60915118,3032.99,1059.97671696,0.3237179626742923,0.1863378073980315,USDT,2,1,-0.0002199999999999
2025-11-26 20:00:00,0.99978,0.9998,0.99962,0.99978,6517283.84741961,0.0002199999999999,-0.0002199999999999,0.0001130016993602,20,2,High,89900.0,99.22687491,3026.11,676.05848669,0.4040613467559765,0.2724672232231528,USDT,2,1,-0.0001999999999999
2025-11-26 21:00:00,0.9998,0.99982,0.99972,0.9998,3590448.11432129,0.0001999999999999,-0.0001999999999999,0.0001165809726701,21,2,High,90182.1,137.06808792,3021.3,293.85703446,0.4632101296295065,0.33501763419491,USDT,0,1,-0.0002299999999999
2025-11-26 22:00:00,0.99981,0.99987,0.99965,0.99977,6008208.39587773,0.0002299999999999,-0.0002299999999999,0.0001106371533907,22,2,High,90365.8,101.95916767,3026.3,906.17140417,0.52640081163518,0.4410256196691967,USDT,0,1,-0.0001999999999999
2025-11-26 23:00:00,0.99977,0.99981,0.99976,0.9998,1064326.48593164,0.0001999999999999,-0.0001999999999999,0.0001124528886874,23,2,High,90535.7,49.1946046,3026.95,892.66061582,0.5634714354365261,0.4975385862803016,USDT,0,1,-0.0002199999999999
2025-11-27 00:00:00,0.9998,0.99981,0.99962,0.99978,1277598.97666629,0.0002199999999999,-0.0002199999999999,0.00011312427436,0,3,High,90448.9,37.26817707,3036.07,811.01147206,0.5853440052621155,0.5320858150708871,USDT,0,1,-0.0002499999999999
2025-11-27 01:00:00,0.9998,0.99982,0.99967,0.99975,4115915.67867007,0.0002499999999999,-0.0002499999999999,0.000113424143074,1,3,High,91118.0,74.96451745,3053.07,529.92367115,0.5900674146010232,0.551075850203968,USDT,0,1,-0.0002699999999999
2025-11-27 02:00:00,0.99976,0.99979,0.99963,0.99973,1438851.63251796,0.0002699999999999,-0.0002699999999999,0.0001061855089878,2,3,High,91337.4,316.43679186,3036.84,1903.22198736,0.5894984476760945,0.5779092694846473,USDT,0,1,-0.0001999999999999
2025-11-27 03:00:00,0.99973,0.9998,0.99973,0.9998,552071.63834324,0.0001999999999999,-0.0001999999999999,0.0001047901629973,3,3,High,91133.2,98.28795664,3034.49,232.0236388,0.5960713486779053,0.5831157946467586,USDT,0,1,-0.00021
2025-11-27 04:00:00,0.99979,0.9998,0.99977,0.99979,812400.58971212,0.00021,-0.00021,0.0001036402641252,4,3,High,91270.3,25.06792903,3039.87,182.24298036,0.596796318597567,0.585461910771211,USDT,0,1,-0.0002199999999999
2025-11-27 05:00:00,0.99979,0.9998,0.99962,0.99978,805970.56403927,0.0002199999999999,-0.0002199999999999,0.0001007930510031,5,3,High,90967.3,53.0808282,3022.62,412.95194924,0.592428890983501,0.585065097806497,USDT,0,1,-0.00021
2025-11-27 06:00:00,0.99979,0.9998,0.99978,0.99979,1179583.6810521,0.00021,-0.00021,9.85759105715021e-05,6,3,High,91265.1,30.43639065,3028.2,591.34494976,0.5929438108848445,0.5856126498380411,USDT,0,1,-0.0001999999999999
2025-11-27 07:00:00,0.9998,0.9998,0.99979,0.9998,701865.07878071,0.0001999999999999,-0.0001999999999999,9.585617245202592e-05,7,3,High,91407.1,69.42768563,3032.79,217.56624565,0.5950005677681214,0.5816339800991706,USDT,0,1,-0.0001999999999999
2025-11-27 08:00:00,0.9998,0.9998,0.99979,0.9998,1669815.05013133,0.0001999999999999,-0.0001999999999999,9.286112429766856e-05,8,3,High,91500.0,91.06808196,3027.44,804.41113154,0.581588537494456,0.5532976180404545,USDT,0,1,-0.00021
2025-11-27 09:00:00,0.9998,0.9998,0.99979,0.99979,3131989.74711577,0.00021,-0.00021,9.058585486411176e-05,9,3,High,91526.9,23.75778493,3027.33,537.49065992,0.5562442621243343,0.5215008673744824,USDT,0,1,-0.00021
2025-11-27 10:00:00,0.9998,0.99981,0.9997,0.99979,12091244.37196721,0.00021,-0.00021,7.873547715169414e-05,10,3,High,91627.3,212.40519151,3034.5,138.32086195,0.4894717906089331,0.4352060950112533,USDT,0,1,-0.00021
2025-11-27 11:00:00,0.9998,0.9998,0.99976,0.99979,2017105.64480122,0.00021,-0.00021,7.818479595687156e-05,11,3,High,91413.6,36.55936343,3029.78,90.08305131,0.4788158619329197,0.4198470676890157,USDT,0,1,-0.00021
2025-11-27 12:00:00,0.99979,0.99981,0.9997,0.99979,3799544.60616485,0.00021,-0.00021,7.060299291591558e-05,12,3,High,90970.0,30.87802233,2991.44,1094.92625285,0.8314201170023053,0.7965169246081406,USDT,0,1,-0.00024
2025-11-27 13:00:00,0.99979,0.9998,0.9997,0.99976,4482097.6807994,0.00024,-0.00024,6.153678056489667e-05,13,3,High,90843.3,92.74920083,2995.65,412.56223754,0.7843507311310889,0.7416448487973986,USDT,0,1,-0.0002499999999999
2025-11-27 14:00:00,0.99974,0.99981,0.99972,0.99975,13915937.55273868,0.0002499999999999,-0.0002499999999999,5.140771948986844e-05,14,3,High,90790.4,40.62365559,2997.0,253.5947278,0.6843569535203147,0.6110216100919712,USDT,0,1,-0.0002699999999999
2025-11-27 15:00:00,0.99976,0.99977,0.99973,0.99973,906364.16787375,0.0002699999999999,-0.0002699999999999,4.020779360542648e-05,15,3,High,90954.4,32.9395352,3010.22,513.59268265,0.4113756579319165,0.3231138960273826,USDT,0,1,-0.00021
2025-11-27 16:00:00,0.99974,0.9998,0.99973,0.99979,2425851.91085396,0.00021,-0.00021,3.6475125531654074e-05,16,3,High,91465.0,75.9965948,3021.57,383.3115652,0.1664157883396706,-0.0001497962976403,USDT,2,1,-0.0001799999999999
2025-11-27 17:00:00,0.9998,0.99983,0.99979,0.99982,18167963.41048358,0.0001799999999999,-0.0001799999999999,3.6475125531654074e-05,17,3,High,91483.5,30.10005752,3019.94,186.90541537,0.3385079496784593,-0.0260634172615918,USDT,2,1,-0.00021
2025-11-27 18:00:00,0.99982,0.99983,0.99978,0.99979,13780528.31601479,0.00021,-0.00021,2.2518108653251307e-05,18,3,High,91798.0,45.8995221,3037.51,209.5093342,0.1635895445755248,0.1286717451967484,USDT,2,1,-0.00021
2025-11-27 19:00:00,0.99978,0.9998,0.99977,0.99979,3769753.29778364,0.00021,-0.00021,2.258638810132593e-05,19,3,High,91518.8,45.53852227,3031.68,137.57625955,0.185270357582443,0.1371553198776986,USDT,2,1,-0.00019
2025-11-27 20:00:00,0.9998,0.99991,0.99979,0.99981,1206401.10572716,0.00019,-0.00019,2.330873444385622e-05,20,3,High,91455.7,49.55077498,3039.59,489.10617235,0.235191793792098,0.179312069335784,USDT,2,1,-0.00016
2025-11-27 21:00:00,0.99981,0.99984,0.99979,0.99984,687813.99507909,0.00016,-0.00016,2.5872457515518627e-05,21,3,High,91450.1,13.5819191,3033.91,121.05937743,0.3773298219656855,0.2193131410019858,USDT,2,1,-0.0001299999999999
2025-11-27 22:00:00,0.99985,0.99988,0.99979,0.99987,349688.66274837,0.0001299999999999,-0.0001299999999999,3.097158585459264e-05,22,3,High,91334.4,18.39871489,3010.97,285.36691752,0.3372017259747245,0.0622628768161133,USDT,2,1,-0.0002199999999999
2025-11-27 23:00:00,0.99986,0.99988,0.99977,0.99978,2428921.03147446,0.0002199999999999,-0.0002199999999999,3.0924756743187466e-05,23,3,High,91281.4,6.67328904,3014.85,115.33741801,0.4114828921497137,0.0684088720112714,USDT,2,1,-0.0002499999999999
2025-11-28 00:00:00,0.99978,0.99982,0.9997,0.99975,894912.94036446,0.0002499999999999,-0.0002499999999999,3.185110286223561e-05,0,4,High,91185.8,30.20038906,3013.43,87.43702531,0.4677748309541882,0.1116425008060048,USDT,2,1,-0.00024
2025-11-28 01:00:00,0.99975,0.9998,0.99969,0.99976,746431.00051734,0.00024,-0.00024,3.1412980791953286e-05,1,4,High,90783.6,17.87352364,2998.67,392.11078591,0.479042048211418,0.2800085387324741,USDT,2,1,-0.0002799999999999
2025-11-28 02:00:00,0.99976,0.99979,0.99968,0.99972,1089119.42263017,0.0002799999999999,-0.0002799999999999,3.225801776399751e-05,2,4,High,91088.8,44.87207137,3013.01,209.43140501,0.5401349919143819,0.4095690484412546,USDT,0,1,-0.00024
2025-11-28 03:00:00,0.99972,0.99977,0.99971,0.99976,370967.35380727,0.00024,-0.00024,3.2570992695005334e-05,3,4,High,91205.0,17.82633568,3009.34,161.56703223,0.5552542272048819,0.4169748716243969,USDT,0,1,-0.0002299999999999
2025-11-28 04:00:00,0.99975,0.99977,0.99972,0.99977,538055.9116393,0.0002299999999999,-0.0002299999999999,3.2693127406726005e-05,4,4,High,91455.9,11.21365613,3017.7,39.95222751,0.5361292951257849,0.4261162485803912,USDT,0,1,-0.0002199999999999
2025-11-28 05:00:00,0.99976,0.99981,0.99976,0.99978,6322573.68554023,0.0002199999999999,-0.0002199999999999,3.2693127406726005e-05,5,4,High,91605.6,34.20731522,3025.14,180.69360363,0.5251279664506735,0.4239914559439353,USDT,0,1,-0.00026
2025-11-28 06:00:00,0.99978,0.9998,0.99966,0.99974,1838258.04872376,0.00026,-0.00026,3.3876908469675835e-05,6,4,High,91298.5,42.83079022,3011.03,181.81803944,0.5106299793459607,0.4356124229176357,USDT,0,1,-0.0002299999999999
2025-11-28 07:00:00,0.99971,0.99979,0.9996,0.99977,1146229.71265296,0.0002299999999999,-0.0002299999999999,3.374026966445955e-05,7,4,High,90915.5,36.82185316,3002.25,253.31387919,0.5048741079663137,0.4273177039559686,USDT,0,1,-0.0001299999999999
2025-11-28 08:00:00,0.99977,0.9999,0.99976,0.99987,6908265.95452998,0.0001299999999999,-0.0001299999999999,3.819998861725201e-05,8,4,High,91647.7,19.68511631,3062.0,406.54120463,0.5427417147051502,0.5709651659800522,USDT,0,1,-0.00016
2025-11-28 09:00:00,0.99987,0.99987,0.99983,0.99984,5663143.90329126,0.00016,-0.00016,3.9882072539727136e-05,9,4,High,91589.9,57.02456677,3054.34,484.4635958,0.5705936870124079,0.6169899040729876,USDT,0,1,-0.00012
2025-11-28 10:00:00,0.99984,0.99996,0.99983,0.99988,6894475.69401858,0.00012,-0.00012,4.427966130978207e-05,10,4,High,91809.8,18.39416052,3059.7,215.62326327,0.6427842315985711,0.6918409633696796,USDT,0,1,-0.00016
2025-11-28 11:00:00,0.99989,0.99989,0.9998,0.99984,9033081.83623881,0.00016,-0.00016,4.546060565560329e-05,11,4,High,91461.4,69.74946943,3035.59,204.47346844,0.648132323581477,0.7039123850073128,USDT,0,1,-0.0001299999999999
2025-11-28 12:00:00,0.99985,0.99987,0.99978,0.99987,2814287.43580416,0.0001299999999999,-0.0001299999999999,4.818442829727937e-05,12,4,High,91466.5,13.43660916,3035.47,590.96436003,0.656381046070624,0.7382067207704768,USDT,0,1,-5.999999999994898e-05
2025-11-28 13:00:00,0.99987,0.99994,0.99978,0.99994,3465333.55359575,5.999999999994898e-05,-5.999999999994898e-05,5.589197655624537e-05,13,4,High,92328.2,82.9689589,3072.85,457.6716232,0.754489251810909,0.8010666368918693,USDT,0,1,-9.99999999995449e-06
2025-11-28 14:00:00,0.99995,1.00003,0.99981,0.99999,14428726.38920272,9.99999999995449e-06,-9.99999999995449e-06,6.654517915994535e-05,14,4,High,92213.2,346.45910021,3065.99,1744.7386003,0.8051269080268546,0.8172452844756172,USDT,0,1,8.000000000008001e-05
2025-11-28 15:00:00,0.99999,1.00024,0.99996,1.00008,19190795.00209779,8.000000000008001e-05,8.000000000008001e-05,8.379473713095616e-05,15,4,High,92357.1,96.9657455,3075.13,3520.29226998,0.8338210937860581,0.8284384821295392,USDT,0,1,0.0001899999999999
2025-11-28 16:00:00,1.00008,1.0002,1.00006,1.00019,12690289.52686641,0.0001899999999999,0.0001899999999999,0.0001113479661466,16,4,High,90940.7,302.50700354,3026.29,914.03161071,0.4103693014214304,0.5834624644042249,USDT,0,1,0.00025
2025-11-28 17:00:00,1.00019,1.0004,1.00009,1.00025,25459961.70775917,0.00025,0.00025,0.0001386163509596,17,4,High,90627.1,195.53619156,3034.04,979.45443047,0.0660838849018546,0.4760919392592932,USDT,2,1,0.00017
2025-11-28 18:00:00,1.00025,1.0004,1.00004,1.00017,11534400.91888459,0.00017,0.00017,0.0001512053024135,18,4,High,90781.9,27.55694518,3042.8,844.0681724,-0.0453682079294045,0.4788334171369919,USDT,2,1,8.000000000008001e-05
2025-11-28 19:00:00,1.00017,1.00017,0.99997,1.00008,4366102.76612572,8.000000000008001e-05,8.000000000008001e-05,0.0001554370882559,19,4,High,91166.3,66.9047578,3050.18,324.29569966,-0.0653762276384933,0.4995218126230025,USDT,2,1,0.00015
2025-11-28 20:00:00,1.00007,1.00019,1.00006,1.00015,14500222.41780743,0.00015,0.00015,0.0001631700233541,20,4,High,91214.7,37.97363489,3057.0,252.60338599,-0.0843104956354481,0.5387954922574294,USDT,2,1,5.000000000010552e-05
2025-11-28 21:00:00,1.00015,1.00018,0.99991,1.00005,9054886.49632268,5.000000000010552e-05,5.000000000010552e-05,0.0001652205377264,21,4,High,90902.9,22.64730953,3036.84,469.06878838,-0.1158375280634079,0.5357451685852395,USDT,2,1,0.0001599999999999
2025-11-28 22:00:00,1.00005,1.00017,0.99995,1.00016,3199648.618562,0.0001599999999999,0.0001599999999999,0.0001724246317171,22,4,High,91095.7,13.92405764,3039.94,182.34994334,-0.1443474643120738,0.525456538623832,USDT,2,1,0.0
2025-11-28 23:00:00,1.00016,1.00019,0.99999,1.0,970079.41044647,0.0,0.0,0.0001702380047476,23,4,High,90912.7,9.11824681,3032.32,60.26085646,-0.164782691917845,0.5032886949519705,USDT,2,1,0.00017
2025-11-29 00:00:00,1.0,1.00017,0.99999,1.00017,710236.84231582,0.00017,0.00017,0.0001721049351274,0,5,High,90923.3,23.54099354,3036.69,102.50562962,-0.2231891016199451,0.4578505091008057,USDT,2,1,0.0001599999999999
2025-11-29 01:00:00,1.00017,1.00017,1.00013,1.00016,343961.44463349,0.0001599999999999,0.0001599999999999,0.0001721470343886,1,5,High,90904.0,21.30571276,3039.19,630.9154963,-0.3267860797936191,0.3985570687171215,USDT,2,1,0.0001599999999999
2025-11-29 02:00:00,1.00016,1.00017,1.00014,1.00016,432840.01562068,0.0001599999999999,0.0001599999999999,0.0001679754769871,2,5,High,90793.0,20.01197217,3031.27,480.02277793,-0.4107734350784076,0.3137527174372128,USDT,2,1,2.999999999997449e-05
2025-11-29 03:00:00,1.00017,1.00017,1.00003,1.00003,821654.17982861,2.999999999997449e-05,2.999999999997449e-05,0.0001610630446355,3,5,High,90689.9,18.7528991,3022.5,402.17217914,-0.4398529485479177,0.2283605534315088,USDT,2,1,7.00000000000145e-05
2025-11-29 04:00:00,1.00003,1.00007,1.00003,1.00007,246107.99138256,7.00000000000145e-05,7.00000000000145e-05,0.0001541315079357,4,5,High,90865.7,7.87105409,3042.82,181.21640761,-0.44722969750372,0.1653473360824852,USDT,2,1,9.9999999999989e-05
2025-11-29 05:00:00,1.00007,1.00015,1.00003,1.0001,9679678.51141415,9.9999999999989e-05,9.9999999999989e-05,0.0001470482519623,5,5,High,90762.5,5.15774802,3033.51,140.40533377,-0.4402192184133416,0.1011755453092564,USDT,2,1,-4.000000000004e-05
2025-11-29 06:00:00,1.00009,1.00009,0.99994,0.99996,3370052.35625293,4.000000000004e-05,-4.000000000004e-05,0.0001349798696723,6,5,High,90585.7,27.03208658,3008.94,1000.81489266,-0.4256024698336779,-0.0076489174309992,USDT,2,1,0.0001599999999999
2025-11-29 07:00:00,0.99998,1.00016,0.99996,1.00016,650376.64202114,0.0001599999999999,0.0001599999999999,0.0001251195080859,7,5,High,90583.8,15.38527936,3006.51,450.7477998,-0.5444872384032622,-0.2991499486516795,USDT,2,1,0.00017
2025-11-29 08:00:00,1.00016,1.00017,1.00004,1.00017,550316.1812375,0.00017,0.00017,0.0001214160114044,8,5,High,90631.6,7.41382751,3008.55,97.53362228,-0.5415623895127868,-0.2916720902106195,USDT,2,1,0.00011
2025-11-29 09:00:00,1.00017,1.00022,1.0001,1.00011,443751.08001957,0.00011,0.00011,0.0001121819174731,9,5,High,90600.0,4.42908503,3002.44,277.89603113,-0.526119892899748,-0.2559871948022954,USDT,2,1,0.00021
2025-11-29 10:00:00,1.00011,1.00024,1.0001,1.00021,2086865.05977417,0.00021,0.00021,0.0001076957267695,10,5,High,90598.0,4.91405769,2998.91,192.50940211,-0.4991440256480196,-0.2579952442716514,USDT,2,1,0.0001199999999998
2025-11-29 11:00:00,1.00021,1.00022,1.00011,1.00012,405624.59532999,0.0001199999999998,0.0001199999999998,9.417740736043927e-05,11,5,High,90674.0,27.23174791,3001.45,136.54866603,-0.4909360530205712,-0.2915664912429748,USDT,2,1,0.0001299999999999
2025-11-29 12:00:00,1.00012,1.00019,1.0001,1.00013,559419.06724521,0.0001299999999999,0.0001299999999999,8.082791704008554e-05,12,5,High,90700.0,13.645098,2999.25,103.90907337,-0.4781258650575596,-0.3289748176958305,USDT,2,1,0.00015
2025-11-29 13:00:00,1.00013,1.00019,1.0001,1.00015,287526.44193183,0.00015,0.00015,7.272640809141124e-05,13,5,High,90820.5,9.30602883,3000.82,97.02275266,-0.3219628000560379,-0.2092219213508828,USDT,2,1,8.999999999992347e-05
2025-11-29 14:00:00,1.00016,1.00021,1.00002,1.00009,4997593.16907493,8.999999999992347e-05,8.999999999992347e-05,6.780192805781248e-05,14,5,High,90693.6,12.80743108,2989.0,367.62017722,-0.1201016049915132,-0.0437253378024863,USDT,2,1,0.0
2025-11-29 15:00:00,1.00009,1.0001,0.99999,1.0,3431714.82946803,0.0,0.0,7.178873997709378e-05,15,5,High,91090.5,25.31867762,3008.45,440.46669255,-0.1200533179321476,0.0768343196184177,USDT,2,1,-9.99999999995449e-06
2025-11-29 16:00:00,1.0,1.0,0.99994,0.99999,916542.25380848,9.99999999995449e-06,-9.99999999995449e-06,7.465864345540813e-05,16,5,High,91028.5,23.45520578,3005.03,162.38096953,-0.2210083666575006,0.1282581063540666,USDT,2,1,0.0001199999999998
2025-11-29 17:00:00,0.99999,1.00012,0.99998,1.00012,4081092.84404183,0.0001199999999998,0.0001199999999998,6.852350701500579e-05,17,5,High,90500.4,14.03476573,2970.82,817.39147902,-0.1596394295069768,0.051421798960367,USDT,2,1,0.0001999999999999
2025-11-29 18:00:00,1.00012,1.0002,1.00011,1.0002,1111218.88135402,0.0001999999999999,0.0001999999999999,7.00258751287274e-05,18,5,High,90717.0,33.48117644,2996.76,380.47700242,-0.1773017904334803,-0.0523064007779275,USDT,2,1,0.0002699999999999
2025-11-29 19:00:00,1.0002,1.0003,1.00018,1.00027,4163926.75908121,0.0002699999999999,0.0002699999999999,7.733678464986949e-05,19,5,High,90665.9,16.26342099,2989.52,112.58439951,-0.2032638602227464,-0.1337452071148168,USDT,2,1,0.00015
2025-11-29 20:00:00,1.00028,1.00028,1.00014,1.00015,676482.08156841,0.00015,0.00015,7.733678464986949e-05,20,5,High,90999.9,12.2526599,2999.17,241.82824908,-0.2486092465755412,-0.2053736495463492,USDT,2,1,0.00015
2025-11-29 21:00:00,1.00015,1.00015,1.00013,1.00015,1318155.59769739,0.00015,0.00015,7.644146192052192e-05,21,5,High,90997.5,14.14843061,2995.46,413.6954427,-0.1964110859882893,-0.1797240722594711,USDT,2,1,0.00014
2025-11-29 22:00:00,1.00015,1.00015,1.00014,1.00014,106506.97945022,0.00014,0.00014,7.607085750416709e-05,22,5,High,90812.4,5.26565799,2989.99,111.54628229,-0.2575067340322022,-0.2390792411989918,USDT,2,1,0.00014
2025-11-29 23:00:00,1.00015,1.00015,1.00014,1.00014,503638.75667871,0.00014,0.00014,7.195887512480554e-05,23,5,High,90833.6,14.95641311,2990.01,114.05579439,-0.2073356368380344,-0.1724693086501074,USDT,2,1,0.00018
2025-11-30 00:00:00,1.00014,1.00019,1.00014,1.00018,177761.59363149,0.00018,0.00018,7.227162932215168e-05,0,6,High,90857.2,3.89002399,2998.13,365.96376453,-0.2176988986271829,-0.24771678697,USDT,2,1,0.00017
2025-11-30 01:00:00,1.00016,1.00019,1.00014,1.00017,381306.97573901,0.00017,0.00017,7.252061175635169e-05,1,6,High,90947.4,19.17025393,3006.57,169.20221418,-0.201774794011483,-0.3157734541742645,USDT,2,1,0.00017
2025-11-30 02:00:00,1.00017,1.00017,1.00014,1.00017,199017.19458732,0.00017,0.00017,7.276625272275304e-05,2,6,High,90794.3,12.65507699,2991.74,46.86380467,-0.1999538262483137,-0.396548022339915,USDT,2,1,8.000000000008001e-05
2025-11-30 03:00:00,1.00017,1.00017,1.00007,1.00008,1888233.86579983,8.000000000008001e-05,8.000000000008001e-05,7.063762391329856e-05,3,6,High,90902.6,16.74795743,3001.9,111.79067566,-0.2567928954365242,-0.3417757684256368,USDT,2,1,7.00000000000145e-05
2025-11-30 04:00:00,1.00008,1.00012,1.00006,1.00007,82982.81026701,7.00000000000145e-05,7.00000000000145e-05,7.063762391329856e-05,4,6,High,90844.0,3.22300985,2998.58,43.96113792,-0.2528532242936372,-0.2980457728115308,USDT,2,1,8.999999999992347e-05
2025-11-30 05:00:00,1.0001,1.00011,1.00004,1.00009,319008.60790722,8.999999999992347e-05,8.999999999992347e-05,7.082843119638598e-05,5,6,High,90830.1,2.84941602,2993.67,304.66163953,-0.2603259644340467,-0.3094236179078736,USDT,2,1,9.9999999999989e-05
2025-11-30 06:00:00,1.00009,1.00019,1.00007,1.0001,354223.56547875,9.9999999999989e-05,9.9999999999989e-05,6.176157990758106e-05,6,6,High,90894.9,3.64538447,2998.59,63.78923167,-0.4708128608535501,-0.2094171550262232,USDT,2,1,5.999999999994898e-05
2025-11-30 07:00:00,1.00011,1.00015,1.00002,1.00006,406772.96367887,5.999999999994898e-05,5.999999999994898e-05,6.312513451680903e-05,7,6,High,90957.6,10.99022865,3006.34,45.75136362,-0.4892889832627567,-0.2791951528560418,USDT,2,1,8.999999999992347e-05
2025-11-30 08:00:00,1.00008,1.00019,1.00006,1.00009,2943208.00548571,8.999999999992347e-05,8.999999999992347e-05,6.289512779642797e-05,8,6,High,91268.6,89.42581499,3007.53,232.3867335,-0.4609146235529294,-0.3537848810505852,USDT,2,1,5.000000000010552e-05
2025-11-30 09:00:00,1.00009,1.00009,1.00004,1.00005,464747.73601477,5.000000000010552e-05,5.000000000010552e-05,6.465067783104147e-05,9,6,High,91366.3,26.86600614,3010.91,340.49324152,-0.5331587243489467,-0.3992219014120114,USDT,2,1,5.000000000010552e-05
2025-11-30 10:00:00,1.00004,1.00011,1.00001,1.00005,4425343.11244111,5.000000000010552e-05,5.000000000010552e-05,6.338289440732389e-05,10,6,High,91241.7,3.92732008,3010.04,10.89734934,-0.525446325016375,-0.4596900525700632,USDT,2,1,4.000000000004e-05
2025-11-30 11:00:00,1.00006,1.00008,1.00001,1.00004,3517168.52112222,4.000000000004e-05,4.000000000004e-05,6.518646609096898e-05,11,6,High,91059.4,30.78407238,3003.01,77.32095134,-0.5513253491756144,-0.4725108743323485,USDT,2,1,0.00021
2025-11-30 12:00:00,1.00003,1.00024,1.0,1.00021,2874458.01528029,0.00021,0.00021,6.814307198807628e-05,12,6,High,91296.3,14.71821215,3010.28,14.50587176,-0.3834253857099958,-0.3592720836011711,USDT,2,1,
2025-11-01 11:00:00,0.99977,0.99977,0.99977,0.99977,346.42238,0.0002299999999999,-0.0002299999999999,0.0006505804264688,11,5,High,110000.0,51.7243341,3875.03,193.92417537,0.0860052958632787,0.2345619736530958,DAI,1,1,-0.0010299999999999
2025-11-01 12:00:00,0.99855,0.99987,0.99849,0.99897,7613.15175211,0.0010299999999999,-0.0010299999999999,0.0006505804264688,12,5,Medium,109974.6,56.15133019,3875.21,287.29251338,0.0892699463607732,0.2453936875615154,DAI,1,1,-0.0009599999999999
2025-11-01 13:00:00,0.99985,0.99986,0.99904,0.99904,968.25037846,0.0009599999999999,-0.0009599999999999,0.0006510091107802,13,5,High,109884.0,14.38834818,3868.3,193.32009432,0.0924366514435534,0.2478667380470798,DAI,1,1,-0.0010299999999999
2025-11-01 14:00:00,0.99985,0.99987,0.99889,0.99897,3352.21242969,0.0010299999999999,-0.0010299999999999,0.0006510637894791,14,5,Medium,109839.0,7.64907322,3871.25,1336.40209475,0.1031627245308746,0.2474900016708706,DAI,1,1,-0.0010299999999999
2025-11-01 15:00:00,0.99897,0.99897,0.99897,0.99897,0.0,0.0010299999999999,-0.0010299999999999,0.0006511055258535,15,5,Medium,109839.0,0.04949835,3870.09,0.90986037,0.1073606345904087,0.2470761597814435,DAI,1,1,-0.0010299999999999
2025-11-01 16:00:00,0.99897,0.99897,0.99897,0.99897,0.0,0.0010299999999999,-0.0010299999999999,0.0006509185260354,16,5,Medium,109839.0,0.0,3870.09,0.0,0.1185556312539187,0.2718008850448307,DAI,1,1,-0.0010299999999999
2025-11-01 17:00:00,0.99897,0.99897,0.99897,0.99897,0.0,0.0010299999999999,-0.0010299999999999,0.0006509456610372,17,5,Medium,109839.0,0.0,3870.09,0.0,0.1317015577604522,0.3202118094700183,DAI,1,1,-0.0010299999999999
2025-11-01 18:00:00,0.99897,0.99897,0.99897,0.99897,0.0,0.0010299999999999,-0.0010299999999999,0.0006509658376129,18,5,Medium,109839.0,0.0,3870.09,0.0,0.1416332205634416,0.326308270056635,DAI,1,1,-0.0010299999999999
2025-11-01 19:00:00,0.99897,0.99897,0.99897,0.99897,0.0,0.0010299999999999,-0.0010299999999999,0.0006195789535726,19,5,Medium,109839.0,0.0,3870.09,0.0,0.1790822903892383,0.2304756709182286,DAI,1,1,-0.0010299999999999
2025-11-01 20:00:00,0.99897,0.99897,0.99897,0.99897,0.0,0.0010299999999999,-0.0010299999999999,0.0006087924612456,20,5,Medium,109839.0,0.0,3870.09,0.0,0.1069898520386581,0.2205228770072834,DAI,1,1,-0.0001299999999999
2025-11-01 21:00:00,0.99985,0.99987,0.99985,0.99987,823.12679999,0.0001299999999999,-0.0001299999999999,0.0006156839015815,21,5,High,109826.5,44.61257134,3867.65,417.3593551,-0.0188118645301136,0.2089581649715126,DAI,1,1,-0.0001499999999999
2025-11-01 22:00:00,0.99456,0.99985,0.99456,0.99985,772.99067,0.0001499999999999,-0.0001499999999999,0.0006397609098242,22,5,High,109947.5,23.62271114,3871.74,174.84271544,-0.0035227266077519,0.241992323194173,DAI,1,1,-0.0006699999999999
2025-11-01 23:00:00,0.99911,0.99933,0.99911,0.99933,1149.96205056,0.0006699999999999,-0.0006699999999999,0.0006205571071129,23,5,High,110018.0,11.88022025,3872.37,269.57729877,0.1546148702359036,0.3908046211440992,DAI,1,1,-0.0014999999999999
2025-11-02 00:00:00,0.99955,0.99966,0.9985,0.9985,2587.50495,0.0014999999999999,-0.0014999999999999,0.0006006729318143,0,6,Medium,109859.7,112.47099259,3864.53,101.38775798,0.0629377774094293,0.3032391848233237,DAI,1,-1,-0.0028399999999999
2025-11-02 01:00:00,0.99954,0.99954,0.99716,0.99716,1142.952,0.0028399999999999,-0.0028399999999999,0.0006892117688481,1,6,Medium,109930.0,9.00525156,3869.28,50.70326499,0.1556463793694768,0.4653935603867656,DAI,1,-1,-0.00034
2025-11-02 02:00:00,0.99912,0.99966,0.99912,0.99966,386.12135481,0.00034,-0.00034,0.0006020567104589,2,6,High,109940.0,30.65369933,3880.16,131.15420068,-0.0015191069119264,0.3371977207756449,DAI,1,1,-0.00034
2025-11-02 03:00:00,0.99966,0.99966,0.99966,0.99966,0.0,0.00034,-0.00034,0.0006143641404748,3,6,High,109994.2,22.26868841,3879.22,48.1384875,-0.0135346924260376,0.4191880957389017,DAI,1,-1,-0.00312
2025-11-02 04:00:00,0.99688,0.99688,0.99688,0.99688,3.0,0.00312,-0.00312,0.0007560383731922,4,6,Medium,110600.0,68.4765293,3906.83,253.81794601,-0.4921535968950369,-0.2115012909139366,DAI,1,-1,-0.00224
2025-11-02 05:00:00,0.9996,0.99987,0.99776,0.99776,551.77305495,0.00224,-0.00224,0.0007899338396438,5,6,Medium,110400.8,129.66097891,3901.76,260.28200457,-0.5527182968376215,-0.3979844496399689,DAI,1,-1,-0.00224
2025-11-02 06:00:00,0.99776,0.99776,0.99776,0.99776,0.0,0.00224,-0.00224,0.0008211602563852,6,6,Medium,110599.9,93.11148075,3901.91,70.00465659,-0.610684627706431,-0.5277354600795314,DAI,1,-1,-0.00224
2025-11-02 07:00:00,0.99776,0.99776,0.99776,0.99776,0.0,0.00224,-0.00224,0.0008524788024905,7,6,Medium,110886.8,52.26427383,3906.75,73.08137584,-0.6271193821124234,-0.593478903061432,DAI,1,-1,-0.00224
2025-11-02 08:00:00,0.99776,0.99776,0.99776,0.99776,0.0,0.00224,-0.00224,0.0008729356600956,8,6,Medium,110739.1,140.46637065,3893.02,247.53691718,-0.6694486312332567,-0.6218373258347382,DAI,1,-1,-0.00126
2025-11-02 09:00:00,0.99911,0.99912,0.99874,0.99874,3391.76556398,0.00126,-0.00126,0.0008427130100996,9,6,Medium,110629.9,124.98888875,3871.32,326.68188156,-0.6271691586769919,-0.6288699138268746,DAI,1,-1,-0.0021099999999999
2025-11-02 10:00:00,0.99861,0.99861,0.99789,0.99789,14.27397377,0.0021099999999999,-0.0021099999999999,0.0008517551146675,10,6,Medium,110370.1,21.51760005,3859.17,303.28982329,-0.649913933047568,-0.5494331324981034,DAI,1,-1,-0.0008899999999999
2025-11-02 11:00:00,0.99898,0.99937,0.99898,0.99911,1552.86747999,0.0008899999999999,-0.0008899999999999,0.0008264774868269,11,6,High,110979.9,139.00172463,3890.0,210.20865756,-0.5310288482849012,-0.5276043320525908,DAI,1,-1,-0.0001999999999999
2025-11-02 12:00:00,0.99907,0.99997,0.99522,0.9998,14048.46962442,0.0001999999999999,-0.0001999999999999,0.0008556800837912,12,6,High,110690.1,327.31387735,3875.01,234.06656125,-0.4156945959902052,-0.5185769242180962,DAI,1,-1,-0.00209
2025-11-02 13:00:00,0.99793,0.99793,0.99791,0.99791,17.719728,0.00209,-0.00209,0.0008683967194311,13,6,Medium,110496.8,102.85375284,3867.57,245.54540019,-0.4269147944547447,-0.469324333530979,DAI,1,1,-0.00209
2025-11-02 14:00:00,0.99791,0.99791,0.99791,0.99791,0.0,0.00209,-0.00209,0.0008796020798296,14,6,Medium,110370.1,13.42285053,3851.04,540.04079827,-0.4280807045811304,-0.3618404314184916,DAI,1,1,-0.0008399999999999
2025-11-02 15:00:00,0.99784,0.99916,0.99784,0.99916,564.90475,0.0008399999999999,-0.0008399999999999,0.0008836370820385,15,6,High,110100.0,42.2167543,3853.0,350.1974271,-0.4262473400221058,-0.3754267005729966,DAI,1,1,-0.0006899999999999
2025-11-02 16:00:00,0.99829,0.99984,0.99829,0.99931,2226.66625269,0.0006899999999999,-0.0006899999999999,0.0008918727243961,16,6,High,110010.8,40.24258811,3863.68,200.47891466,-0.4316043888868698,-0.3875432286495345,DAI,1,1,-0.00097
2025-11-02 17:00:00,0.99786,0.99998,0.99454,0.99903,29507.10086999,0.00097,-0.00097,0.0008928849188226,17,6,High,110070.0,9.19425964,3858.66,145.9539828,-0.4318195570048665,-0.3925765525973072,DAI,1,1,-0.0024699999999999
2025-11-02 18:00:00,0.99856,0.99894,0.99753,0.99753,1591.5257,0.0024699999999999,-0.0024699999999999,0.0009188035698668,18,6,Medium,110317.1,22.22589792,3863.31,67.01853769,-0.4207936821766071,-0.3341477794155753,DAI,1,1,-0.0001299999999999
2025-11-02 19:00:00,0.99739,0.99987,0.99633,0.99987,9828.25098464,0.0001299999999999,-0.0001299999999999,0.0009525218244675,19,6,High,110148.6,11.55236777,3855.0,225.08676334,-0.418479055235565,-0.3760338028454258,DAI,1,-1,-0.0019099999999999
2025-11-02 20:00:00,0.99895,0.99895,0.99809,0.99809,110.34979386,0.0019099999999999,-0.0019099999999999,0.0009558966501652,20,6,Medium,110000.0,25.98760135,3858.7,157.19773051,-0.3853578378900649,-0.3424145306787112,DAI,1,-1,-0.0001499999999999
2025-11-02 21:00:00,0.99961,1.00038,0.9991,0.99985,17345.07882302,0.0001499999999999,-0.0001499999999999,0.00095474558414,21,6,High,110022.1,21.26170822,3861.25,484.96592255,-0.3619311335184801,-0.3604585162821712,DAI,1,-1,-0.0003499999999999
2025-11-02 22:00:00,0.99984,1.00015,0.99965,0.99965,10572.2748615,0.0003499999999999,-0.0003499999999999,0.0009441290749389,22,6,High,109774.5,17.58443032,3850.0,74.17243843,-0.3711312646518717,-0.4087019737475005,DAI,1,-1,-0.0004199999999999
2025-11-02 23:00:00,0.99985,1.00078,0.99958,0.99958,17176.96497833,0.0004199999999999,-0.0004199999999999,0.0009540143065497,23,6,High,110589.6,28.60232852,3907.44,1372.83588823,-0.3023050724954659,-0.296396691590681,DAI,1,-1,-0.00016
2025-11-03 00:00:00,0.99959,0.99984,0.99957,0.99984,3447.58438995,0.00016,-0.00016,0.0009867358536749,0,0,High,109789.2,10.63900954,3865.66,1001.5113538,-0.3753781392796845,-0.3143669181341569,DAI,1,-1,0.00085
2025-11-03 01:00:00,0.99984,1.00128,0.99984,1.00085,11078.22748659,0.00085,0.00085,0.0010305113406403,1,0,High,109669.9,30.86210334,3836.75,467.1397304,-0.5660365761141734,-0.4540217120291626,DAI,1,-1,0.00075
2025-11-03 02:00:00,0.99971,1.00076,0.99909,1.00075,19921.34332122,0.00075,0.00075,0.001091942740841,2,0,High,108994.2,41.34472293,3798.24,1163.85273867,-0.6307032835243415,-0.5749075278177018,DAI,1,-1,0.00075
2025-11-03 03:00:00,1.00075,1.00075,1.00075,1.00075,229.54426568,0.00075,0.00075,0.001148224527354,3,0,High,107991.4,71.22118011,3736.01,1347.1238042,-0.6532051243703466,-0.6343070713705103,DAI,1,-1,-0.00031
2025-11-03 04:00:00,0.99987,0.99989,0.99969,0.99969,563.10479782,0.00031,-0.00031,0.0010744542767161,4,0,High,107800.0,115.37407453,3746.05,789.74911479,-0.5983394633139438,-0.5742181527774054,DAI,1,-1,2.999999999997449e-05
2025-11-03 05:00:00,0.9999,1.00003,0.9999,1.00003,989.575277,2.999999999997449e-05,2.999999999997449e-05,0.0010590147868847,5,0,High,107586.9,436.3600078,3731.15,1729.98951548,-0.5949781248485588,-0.5587575671859741,DAI,1,-1,2.999999999997449e-05
2025-11-03 06:00:00,1.00003,1.00003,1.00003,1.00003,0.0,2.999999999997449e-05,2.999999999997449e-05,0.0010343610188861,6,0,High,107400.0,92.30251574,3716.32,1176.48769305,-0.5849915256372116,-0.5396301381550135,DAI,1,-1,-0.00014
2025-11-03 07:00:00,0.99986,0.99986,0.99986,0.99986,324.3497,0.00014,-0.00014,0.0009949931723602,7,0,High,107500.0,531.75610561,3713.76,675.96016112,-0.5560765921922736,-0.5029781145756432,DAI,1,-1,-0.00026
2025-11-03 08:00:00,0.99983,0.99983,0.99961,0.99974,3405.71702803,0.00026,-0.00026,0.0009432497594463,8,0,High,107535.0,542.47397704,3715.24,2327.30360213,-0.5225749533717801,-0.4642495200245316,DAI,1,-1,-0.0002299999999999
2025-11-03 09:00:00,0.99968,0.99977,0.99948,0.99977,10675.20757456,0.0002299999999999,-0.0002299999999999,0.0009365694415474,9,0,High,107145.9,30.09925707,3703.7,569.1683047,-0.5005267022881913,-0.4484660345713094,DAI,1,1,-0.0004899999999999
2025-11-03 10:00:00,0.99967,0.99967,0.99951,0.99951,4801.7651,0.0004899999999999,-0.0004899999999999,0.0008783230893443,10,0,High,106880.0,34.98372652,3674.34,704.55626435,-0.4464619802995586,-0.4000790787200187,DAI,1,1,-0.0007099999999999
2025-11-03 11:00:00,0.99929,0.99929,0.99929,0.99929,10.66806,0.0007099999999999,-0.0007099999999999,0.0008757539195094,11,0,High,107760.1,12.50982744,3709.99,538.53952885,-0.418528855366321,-0.362132345698544,DAI,1,1,-0.0003999999999999
2025-11-03 12:00:00,0.99972,0.99974,0.9996,0.9996,208.69146799,0.0003999999999999,-0.0003999999999999,0.0008736413883066,12,0,High,107723.1,50.24382542,3707.71,774.3146963,-0.449736507540332,-0.3808122164194247,DAI,1,1,1.0000000000065512e-05
2025-11-03 13:00:00,0.99983,1.00006,0.99956,1.00001,8179.72602,1.0000000000065512e-05,1.0000000000065512e-05,0.0008122160596394,13,0,High,107886.0,41.69565069,3719.01,1327.21746231,-0.4079036320573663,-0.350207037964928,DAI,1,1,-0.0002999999999999
2025-11-03 14:00:00,0.9997,0.99978,0.99945,0.9997,3263.01544998,0.0002999999999999,-0.0002999999999999,0.0007312227946134,14,0,High,108020.0,88.72677812,3732.11,934.36961535,-0.3432317503383691,-0.3095688781421926,DAI,1,1,-9.9999999999989e-05
2025-11-03 15:00:00,0.99971,0.9999,0.99956,0.9999,8236.99277205,9.9999999999989e-05,-9.9999999999989e-05,0.0007254432677905,15,0,High,105713.4,207.93746852,3590.01,5001.37639741,-0.3174341739147439,-0.2862746272049599,DAI,1,1,1.0000000000065512e-05
2025-11-03 16:00:00,0.99979,1.00001,0.99969,1.00001,11789.17461943,1.0000000000065512e-05,1.0000000000065512e-05,0.000724148550498,16,0,High,106649.9,152.56157124,3619.1,2458.44523062,-0.3147026429402282,-0.2835555596456886,DAI,1,1,-0.00024
2025-11-03 17:00:00,0.99977,0.99986,0.99905,0.99976,36793.30417776,0.00024,-0.00024,0.0007097330586162,17,0,High,107424.8,106.36080772,3666.01,1807.4582969,-0.2777739489827514,-0.2446036452713089,DAI,1,1,0.0
2025-11-03 18:00:00,0.99965,1.00007,0.99965,1.0,14502.39470657,0.0,0.0,0.0005330577299675,18,0,High,106937.9,44.30489414,3632.04,2291.7064274,-0.113958290024237,-0.1128785396474037,DAI,1,1,-0.00019
2025-11-03 19:00:00,0.99981,0.99981,0.99968,0.99981,4437.5105732,0.00019,-0.00019,0.000533045495244,19,0,High,107020.0,90.72680042,3629.52,1090.94455575,-0.1203127911483959,-0.1132526969017176,DAI,1,1,-0.0005399999999999
2025-11-03 20:00:00,0.99969,0.99969,0.99925,0.99946,1986.27376523,0.0005399999999999,-0.0005399999999999,0.0003928232998785,20,0,High,106589.9,77.92971469,3588.2,4729.40210598,0.1990611391937554,0.2025017573505485,DAI,0,1,-0.00039
2025-11-03 21:00:00,0.99973,0.9998,0.99866,0.99961,17841.05173648,0.00039,-0.00039,0.0003970069177653,21,0,High,106840.2,92.63652786,3598.99,4935.95729756,0.2420502158121491,0.2525615314777801,DAI,0,1,4.000000000004e-05
2025-11-03 22:00:00,0.99841,1.00007,0.9981,1.00004,33646.82825418,4.000000000004e-05,4.000000000004e-05,0.0003950176569158,22,0,High,106387.3,97.75640335,3588.0,1342.71578384,0.2814685247149279,0.2767961925876462,DAI,0,1,-0.00029
2025-11-03 23:00:00,0.99977,0.99977,0.99953,0.99971,1860.50803397,0.00029,-0.00029,0.0003913188403112,23,0,High,106538.3,40.68737549,3601.99,1272.78465884,0.4675884380870985,0.4365649437768713,DAI,0,1,-0.0003699999999999
2025-11-04 00:00:00,0.99963,0.9997,0.99959,0.99963,38344.68441885,0.0003699999999999,-0.0003699999999999,0.0003951643851668,0,1,High,106424.5,50.97338013,3615.46,5879.23467042,0.5757311416313857,0.5304363281837292,DAI,0,1,-0.00039
2025-11-04 01:00:00,0.99962,0.99962,0.99961,0.99961,81.85694,0.00039,-0.00039,0.0003426111900335,1,1,High,107030.3,36.77150279,3642.03,3711.54341331,0.4026486782164708,0.3878391574834018,DAI,0,1,-0.0002799999999999
2025-11-04 02:00:00,0.99961,0.99972,0.99961,0.99972,1066.09574801,0.0002799999999999,-0.0002799999999999,0.0002837124488335,2,1,High,106500.0,24.78099922,3625.01,1394.68723278,0.1563794711734109,0.1994851578084474,DAI,1,1,-0.0002799999999999
2025-11-04 03:00:00,0.99972,0.99972,0.99972,0.99972,0.0,0.0002799999999999,-0.0002799999999999,0.0001993971893743,3,1,High,107134.8,47.10078924,3642.17,950.90093061,-0.085137803251509,0.0189337261476722,DAI,1,1,-0.00053
2025-11-04 04:00:00,0.99961,0.99961,0.99947,0.99947,6224.14291991,0.00053,-0.00053,0.0002075840147707,4,1,High,106732.5,35.45998958,3624.0,647.83777768,-0.0303304680130193,0.0836480589549953,DAI,1,1,-0.0003999999999999
2025-11-04 05:00:00,0.99941,0.99981,0.9993,0.9996,5675.03176944,0.0003999999999999,-0.0003999999999999,0.0002007738651505,5,1,High,104210.5,162.2551426,3492.78,5334.89402899,0.0365187315965484,0.074574676646046,DAI,1,1,-0.0003999999999999
2025-11-04 06:00:00,0.9996,0.9996,0.9996,0.9996,0.0,0.0003999999999999,-0.0003999999999999,0.0001919876015017,6,1,High,104700.0,98.68401335,3512.85,1732.02155108,0.0581558751658858,0.0501670069383761,DAI,1,1,-0.0003199999999999
2025-11-04 07:00:00,0.99968,0.99968,0.99968,0.99968,50.59524804,0.0003199999999999,-0.0003199999999999,0.0001895260106043,7,1,High,104428.3,62.84485626,3492.06,2845.74778428,0.0426097651419446,0.0216933523887403,DAI,1,1,-0.0003199999999999
2025-11-04 08:00:00,0.99968,0.99968,0.99968,0.99968,0.0,0.0003199999999999,-0.0003199999999999,0.0001894571765309,8,1,High,104000.1,137.11708093,3493.82,1673.60141508,0.0446997662674836,0.0212954098923677,DAI,1,1,-0.00039
2025-11-04 09:00:00,0.99968,0.99968,0.99923,0.99961,8096.92630876,0.00039,-0.00039,0.0001898392722155,9,1,High,103831.0,62.22494476,3490.67,259.05400182,0.0751234927339533,0.0371048214154204,DAI,1,1,-0.00033
2025-11-04 10:00:00,0.99961,0.99967,0.99961,0.99967,755.14015093,0.00033,-0.00033,0.0001857490710374,10,1,High,103812.9,49.77337812,3483.85,533.97642405,0.1025402633948504,0.0865686125625194,DAI,1,1,-0.00051
2025-11-04 11:00:00,0.99985,0.99985,0.99949,0.99949,39.48755599,0.00051,-0.00051,0.000170216720342,11,1,High,104540.0,79.03220041,3529.21,681.18876884,0.3022713364284919,0.3075293459065353,DAI,0,1,-0.00038
2025-11-04 12:00:00,0.99966,0.99966,0.99962,0.99962,151.2391,0.00038,-0.00038,0.0001696922833084,12,1,High,103852.0,203.7839082,3509.26,668.23036244,0.368419813707144,0.3895077251817555,DAI,0,1,-0.0002999999999999
2025-11-04 13:00:00,0.99969,0.99973,0.99969,0.9997,3222.33894425,0.0002999999999999,-0.0002999999999999,0.0001574525463363,13,1,High,103849.9,146.40402752,3505.58,449.60085669,0.2785394958384582,0.279909963913914,DAI,0,1,-0.00039
2025-11-04 14:00:00,0.99967,0.99986,0.99953,0.99961,6541.83595801,0.00039,-0.00039,0.0001585206748275,14,1,High,104499.2,254.6617572,3554.67,1747.97457623,0.310486041366972,0.3219949516462386,DAI,0,1,-0.00048
2025-11-04 15:00:00,0.9998,0.99988,0.99948,0.99952,19136.09269382,0.00048,-0.00048,0.000156246159373,15,1,High,103160.1,90.61916749,3504.65,2135.21388456,0.3697203995068738,0.3500530289022399,DAI,0,1,-0.00033
2025-11-04 16:00:00,0.99973,0.99973,0.99967,0.99967,8965.12072608,0.00033,-0.00033,0.0001395898495125,16,1,High,102199.9,201.14612183,3427.76,3110.83855253,0.3001262678219263,0.2781978480029857,DAI,0,1,-0.0005199999999999
2025-11-04 17:00:00,0.99967,0.99967,0.99948,0.99948,5342.47243068,0.0005199999999999,-0.0005199999999999,0.0001430712551771,17,1,High,101080.1,420.27149492,3372.31,5531.36378672,0.3583553358370197,0.3374991971125851,DAI,0,1,-0.00036
2025-11-04 18:00:00,0.9998,0.9998,0.99924,0.99964,2960.46771015,0.00036,-0.00036,0.0001227042810162,18,1,High,101290.9,533.9250473,3302.78,9026.70410231,0.2628399407582658,0.2102585523544788,DAI,0,1,-0.00033
2025-11-04 19:00:00,0.9995,1.00038,0.99937,0.99967,49073.20452049,0.00033,-0.00033,0.0001174664614485,19,1,High,100395.0,245.62292,3229.0,2307.15622914,0.1529077380566557,0.0840920812333225,DAI,0,1,-0.00033
2025-11-04 20:00:00,0.99967,0.99967,0.99966,0.99967,11569.52298956,0.00033,-0.00033,0.0001116380019449,20,1,High,100689.9,360.71873098,3213.33,12109.05417974,0.2010575529660055,0.0913278183776725,DAI,0,1,-0.0003199999999999
2025-11-04 21:00:00,0.99981,0.99981,0.99967,0.99968,12877.01653163,0.0003199999999999,-0.0003199999999999,0.0001116663962791,21,1,High,100280.0,355.23885432,3213.41,6317.3988635,0.1838976984100598,0.0638917828391495,DAI,0,1,-0.0002199999999999
2025-11-04 22:00:00,0.99978,1.00041,0.99978,0.99978,12176.58257689,0.0002199999999999,-0.0002199999999999,7.978117717794334e-05,22,1,High,101247.9,317.82969263,3244.98,3758.83573284,-0.0793587163013677,-0.2145851104474656,DAI,1,1,-0.00019
2025-11-04 23:00:00,0.99998,0.99998,0.99981,0.99981,53.01481111,0.00019,-0.00019,8.624094155336539e-05,23,1,High,101537.3,65.43872358,3288.88,1836.22260165,-0.2110332656915055,-0.3411096111664971,DAI,1,1,-0.00011
2025-11-05 00:00:00,0.99987,0.99989,0.99987,0.99989,198.5617078,0.00011,-0.00011,0.0001002813072297,0,2,High,100599.1,85.94906438,3240.0,3763.8723119,-0.3167388035376935,-0.4375169740625869,DAI,1,1,-5.999999999994898e-05
2025-11-05 01:00:00,0.99997,1.0,0.99986,0.99994,1075.65189885,5.999999999994898e-05,-5.999999999994898e-05,0.0001160084954409,1,2,High,100672.7,202.71347282,3245.0,2106.81882956,-0.384106580267131,-0.4972619204029905,DAI,1,1,-0.00021
2025-11-05 02:00:00,0.99987,0.9999,0.99967,0.99979,12767.67994912,0.00021,-0.00021,0.0001183514478888,2,2,High,101669.2,87.21525653,3321.83,975.46327681,-0.464024707713745,-0.5683060224203175,DAI,1,1,-0.00033
2025-11-05 03:00:00,0.99986,0.99986,0.99967,0.99967,3527.17456,0.00033,-0.00033,0.0001178029551066,3,2,High,102118.5,161.02326972,3331.91,1072.50722493,-0.570518090304109,-0.6441212253095085,DAI,1,1,-0.00036
2025-11-05 04:00:00,0.99979,0.99979,0.99964,0.99964,781.74678568,0.00036,-0.00036,0.0001105052625147,4,2,High,101947.2,88.19761593,3329.05,2235.61079141,-0.4822131125382237,-0.580932826834303,DAI,1,1,-0.00024
2025-11-05 05:00:00,0.9998,1.00018,0.99976,0.99976,2114.19031166,0.00024,-0.00024,0.0001108457277584,5,2,High,101770.0,88.03287002,3325.98,950.97976891,-0.4740827873607344,-0.576493682729051,DAI,1,1,-5.999999999994898e-05
2025-11-05 06:00:00,0.99985,0.99994,0.99985,0.99994,124.0,5.999999999994898e-05,-5.999999999994898e-05,0.0001216545060429,6,2,High,102059.5,19.24400584,3334.9,1826.61851188,-0.4257755676880911,-0.5374196344856411,DAI,1,1,7.00000000000145e-05
2025-11-05 07:00:00,0.99994,1.00007,0.99994,1.00007,4926.34026,7.00000000000145e-05,7.00000000000145e-05,0.0001439706089166,7,2,High,102039.9,52.34900043,3333.34,703.37233199,-0.3869171197808005,-0.4944680717883195,DAI,1,1,8.000000000008001e-05
2025-11-05 08:00:00,1.00007,1.00011,1.00007,1.00008,3267.09293325,8.000000000008001e-05,8.000000000008001e-05,0.0001625075249091,8,2,High,101724.2,88.42394202,3300.33,716.80862141,-0.3747442525903799,-0.4915834062512017,DAI,1,1,0.0001899999999999
2025-11-05 09:00:00,1.00008,1.00023,1.00008,1.00019,80.09912,0.0001899999999999,0.0001899999999999,0.0001860789142238,9,2,High,101969.0,31.77896274,3306.28,368.78455269,-0.3088802890701942,-0.4530399904900651,DAI,1,1,0.0001999999999999
2025-11-05 10:00:00,1.00008,1.00026,0.99981,1.0002,17968.88519018,0.0001999999999999,0.0001999999999999,0.0002065937517466,10,2,High,101348.2,70.99568314,3277.46,355.76972463,-0.3099048563686664,-0.4557289531345704,DAI,1,1,0.00042
2025-11-05 11:00:00,1.00041,1.00042,1.00037,1.00042,638.86469842,0.00042,0.00042,0.0002365880661472,11,2,High,102000.0,33.11432423,3321.28,251.76616753,-0.1572870927193125,-0.3428808099164475,DAI,1,1,0.00034
2025-11-05 12:00:00,1.00042,1.00042,1.00034,1.00034,24.53929597,0.00034,0.00034,0.0002562777026379,12,2,High,102655.6,115.46511477,3345.13,945.14486531,-0.0136498827168257,-0.2604015416306693,DAI,1,1,-7.999999999996898e-05
2025-11-05 13:00:00,0.99999,0.99999,0.99992,0.99992,1438.17557,7.999999999996898e-05,-7.999999999996898e-05,0.0002549836596067,13,2,High,102975.1,107.24042454,3359.05,842.94868747,0.0550083371541154,-0.2275812409529523,DAI,1,1,-0.00016
2025-11-05 14:00:00,0.99995,1.00005,0.99968,0.99984,2833.57337321,0.00016,-0.00016,0.0002498749687339,14,2,High,103180.1,195.57519088,3346.31,1860.69407966,0.2040253866948259,-0.1386426114957477,DAI,1,1,-0.0002499999999999
2025-11-05 15:00:00,0.99982,0.99987,0.99973,0.99975,113.93314,0.0002499999999999,-0.0002499999999999,0.000240554914035,15,2,High,103712.9,119.16172206,3397.63,2007.55689389,0.2563207513797561,0.0107574629822545,DAI,0,1,-0.0002499999999999
2025-11-05 16:00:00,0.99975,0.99975,0.99975,0.99975,0.0,0.0002499999999999,-0.0002499999999999,0.0002382301894978,16,2,High,103914.0,98.88904232,3436.3,7026.96539902,0.1994438082463159,0.037797571183515,DAI,1,1,1.999999999990898e-05
2025-11-05 17:00:00,0.99976,1.00042,0.99967,1.00002,25707.45999105,1.999999999990898e-05,1.999999999990898e-05,0.000224749457931,17,2,High,103915.9,122.42103321,3435.31,2377.9772622,0.1911388367332271,0.1696825193839719,DAI,0,1,-0.00014
2025-11-05 18:00:00,1.00002,1.00002,0.99968,0.99986,5911.620756,0.00014,-0.00014,0.0002183269719168,18,2,High,104344.0,185.64710911,3461.32,2514.83653092,0.1336341497203468,0.1309768963493222,DAI,1,1,0.00015
2025-11-05 19:00:00,0.99977,1.00015,0.99975,1.00015,4570.78891028,0.00015,0.00015,0.000218008110472,19,2,High,104090.0,95.07214432,3456.78,1487.53393966,0.1405158281892913,0.1505434860389966,DAI,0,1,1.999999999990898e-05
2025-11-05 20:00:00,0.99989,1.00002,0.99987,1.00002,2637.31256366,1.999999999990898e-05,1.999999999990898e-05,0.0002119470640766,20,2,High,103850.4,119.91405005,3452.57,1308.67452882,0.0983711306765323,0.0961998309846943,DAI,1,1,1.999999999990898e-05
2025-11-05 21:00:00,1.00002,1.00002,1.00002,1.00002,0.0,1.999999999990898e-05,1.999999999990898e-05,0.0002052141864455,21,2,High,103656.2,70.72699249,3442.49,2342.80887363,0.0192985241639394,0.0207843155199245,DAI,1,1,-0.00012
2025-11-05 22:00:00,1.00002,1.00003,0.99962,0.99988,87598.63863706,0.00012,-0.00012,0.0002025664142289,22,2,High,103696.0,75.22173765,3426.4,865.61860736,-0.0391635560028526,-0.0547433719608395,DAI,1,1,-2.000000000002e-05
2025-11-05 23:00:00,1.00004,1.00033,0.99988,0.99998,1353.22358577,2.000000000002e-05,-2.000000000002e-05,0.0002001883171378,23,2,High,103900.0,30.71872142,3424.01,275.95802806,-0.0650533963802874,-0.0842804047075982,DAI,1,1,-0.0002799999999999
2025-11-06 00:00:00,1.00002,1.0003,0.99967,0.99972,4822.27473793,0.0002799999999999,-0.0002799999999999,0.0002058241651414,0,3,High,103672.2,29.81045529,3407.34,507.35343888,-0.1422857458023206,-0.1516560765533993,DAI,1,1,-0.0004699999999999
2025-11-06 01:00:00,0.99985,0.99985,0.99947,0.99953,13928.43174443,0.0004699999999999,-0.0004699999999999,0.0002234884816919,1,3,High,103345.9,55.53847668,3405.58,521.95882015,-0.1896696754868972,-0.2045820527955733,DAI,1,1,-0.0002199999999999
2025-11-06 02:00:00,0.99968,0.99978,0.99968,0.99978,378.73408,0.0002199999999999,-0.0002199999999999,0.0002237877973897,2,3,High,103362.8,35.52644948,3422.92,199.82131232,-0.2493189925756642,-0.2578008571926772,DAI,1,1,-0.0002199999999999
2025-11-06 03:00:00,0.99978,0.99978,0.99978,0.99978,0.0,0.0002199999999999,-0.0002199999999999,0.0002191220955387,3,3,High,103615.0,18.41583719,3432.27,233.11181317,-0.3296788156527424,-0.3367202685558442,DAI,1,1,-0.00014
2025-11-06 04:00:00,0.99978,1.0,0.99978,0.99986,8133.60396,0.00014,-0.00014,0.0002103051612995,4,3,High,104000.0,57.94432719,3452.12,849.24589527,-0.4438871216951372,-0.430049201061063,DAI,1,1,-0.00014
2025-11-06 05:00:00,0.99987,0.9999,0.99974,0.99986,1270.10528818,0.00014,-0.00014,0.0002072945114864,5,3,High,103117.6,80.78133777,3385.38,361.45024436,-0.5380890148827956,-0.4918805057026113,DAI,1,1,-0.00014
2025-11-06 06:00:00,0.99987,0.99987,0.99986,0.99986,310.01848392,0.00014,-0.00014,0.0002082153288979,6,3,High,103320.2,19.60178607,3385.01,840.03238299,-0.5637993936254853,-0.5013987962554396,DAI,1,1,-0.00014
2025-11-06 07:00:00,0.99986,0.99986,0.99986,0.99986,0.0,0.00014,-0.00014,0.0002075106946773,7,3,High,103236.3,39.84864983,3379.85,629.41861726,-0.5545438994330594,-0.4830242283746931,DAI,1,1,-0.00011
2025-11-06 08:00:00,0.99986,0.99989,0.99977,0.99989,5064.85524488,0.00011,-0.00011,0.0002057365699907,8,3,High,103200.0,25.72805383,3384.8,170.05885301,-0.5483352557714923,-0.4652199932585468,DAI,1,1,-0.00011
2025-11-06 09:00:00,0.99989,0.99989,0.99989,0.99989,0.0,0.00011,-0.00011,0.0001986676636481,9,3,High,102869.7,16.68470871,3382.71,206.36072497,-0.4887438231504313,-0.4040886964601948,DAI,1,1,5.000000000010552e-05
2025-11-06 10:00:00,1.00022,1.00023,1.00005,1.00005,1625.4898602,5.000000000010552e-05,5.000000000010552e-05,0.000191855452079,10,3,High,103148.1,41.0234378,3393.3,261.34894343,-0.4185417330708945,-0.3068672387911564,DAI,1,1,-7.999999999996898e-05
2025-11-06 11:00:00,0.99981,0.99992,0.99981,0.99992,1154.983724,7.999999999996898e-05,-7.999999999996898e-05,0.0001593595651794,11,3,High,103172.8,22.52214033,3398.96,352.63503033,-0.1360575352415783,-0.0657240042982024,DAI,1,1,-0.00012
2025-11-06 12:00:00,0.99987,0.99988,0.99978,0.99988,356.08439998,0.00012,-0.00012,0.0001284346955234,12,3,High,102530.0,47.65396799,3347.85,1162.2804321,0.1347652749328145,0.2104414998999333,DAI,0,1,-0.00011
2025-11-06 13:00:00,0.9998,0.99989,0.99975,0.99989,1111.44817701,0.00011,-0.00011,0.0001281529882816,13,3,High,103253.7,44.6546921,3389.28,961.24984014,0.1537355352977795,0.2398116113066928,DAI,0,1,-0.00011
2025-11-06 14:00:00,0.99989,0.99989,0.99989,0.99989,0.0,0.00011,-0.00011,0.0001279372298524,14,3,High,102063.8,141.76549774,3325.45,1036.84898306,0.108640806713815,0.1925526606316424,DAI,0,1,-0.00016
2025-11-06 15:00:00,0.99978,0.99989,0.99978,0.99984,1283.07034406,0.00016,-0.00016,0.0001252909657025,15,3,High,101950.7,160.23180778,3299.04,2459.95247598,0.1527375118694373,0.1911305872141508,DAI,0,1,-0.00014
2025-11-06 16:00:00,0.99985,0.99993,0.99985,0.99986,2081.45322473,0.00014,-0.00014,0.0001222072070255,16,3,High,100813.3,264.35997792,3275.17,3136.38666754,0.1838523490011294,0.2238497608645818,DAI,0,1,-4.000000000004e-05
2025-11-06 17:00:00,1.0,1.00042,0.99996,0.99996,3644.41862396,4.000000000004e-05,-4.000000000004e-05,0.0001199630075819,17,3,High,101744.2,82.10426003,3327.8,1545.66021915,0.0882029909668174,0.1466368887554553,DAI,0,1,7.00000000000145e-05
2025-11-06 18:00:00,0.99991,1.00007,0.99991,1.00007,184.07489537,7.00000000000145e-05,7.00000000000145e-05,0.000125617316261,18,3,High,101687.3,93.6744913,3328.11,7101.32128129,-0.008290377063052,0.0752483216057208,DAI,1,1,0.0001199999999998
2025-11-06 19:00:00,1.00019,1.00019,1.00008,1.00012,427.5146,0.0001199999999998,0.0001199999999998,0.0001230757690499,19,3,High,101355.0,138.75065562,3323.5,892.7167858,-0.2710771372838694,-0.1564237640173342,DAI,1,1,-0.00011
2025-11-06 20:00:00,0.99992,1.0003,0.99989,0.99989,1350.71878,0.00011,-0.00011,0.0001200241521576,20,3,High,100865.9,73.44710667,3304.71,1277.33633425,-0.3052663615098541,-0.2302053518514823,DAI,1,1,7.00000000000145e-05
2025-11-06 21:00:00,0.99989,1.00007,0.99989,1.00007,4977.68050116,7.00000000000145e-05,7.00000000000145e-05,0.0001228400338356,21,3,High,101079.6,32.20116973,3325.74,667.10271084,-0.435461066363775,-0.3612411565026508,DAI,1,1,0.00041
2025-11-06 22:00:00,1.0001,1.00041,1.0001,1.00041,1597.73903885,0.00041,0.00041,0.0001624517765671,22,3,High,101358.8,50.74525697,3320.0,658.76325632,-0.4951308586983807,-0.4110219003690518,DAI,1,1,4.000000000004e-05
2025-11-06 23:00:00,1.0001,1.0003,1.00004,1.00004,68.42801772,4.000000000004e-05,4.000000000004e-05,0.0001640166128019,23,3,High,101290.1,47.65616041,3313.54,377.5404232,-0.559174490764163,-0.4694670441765006,DAI,1,1,-9.00000000000345e-05
2025-11-07 00:00:00,1.00012,1.00012,0.99991,0.99991,2032.4,9.00000000000345e-05,-9.00000000000345e-05,0.0001587810223016,0,4,High,101490.1,64.67874578,3322.76,5307.57000193,-0.5165395814655754,-0.4334757357444407,DAI,1,1,-9.9999999999989e-05
2025-11-07 01:00:00,0.9999,0.99995,0.9999,0.9999,1588.2566802,9.9999999999989e-05,-9.9999999999989e-05,0.0001353792311675,1,4,High,101476.4,27.87131626,3321.47,832.58711391,-0.4736325691954549,-0.3745465658624469,DAI,1,1,-9.9999999999989e-05
2025-11-07 02:00:00,0.99997,0.99997,0.9999,0.9999,55.72557254,9.9999999999989e-05,-9.9999999999989e-05,0.0001315019149017,2,4,High,101817.9,24.17137054,3344.63,441.6287857,-0.4336196609981071,-0.3206234711585372,DAI,1,1,-4.000000000004e-05
2025-11-07 03:00:00,0.99991,0.99996,0.99991,0.99996,332.60680109,4.000000000004e-05,-4.000000000004e-05,0.0001269343091532,3,4,High,101864.9,32.63391218,3345.39,188.02034071,-0.386680763809526,-0.2476502561421309,DAI,1,1,-4.000000000004e-05
2025-11-07 04:00:00,0.99996,0.99996,0.99996,0.99996,0.0,4.000000000004e-05,-4.000000000004e-05,0.0001255134382766,4,4,High,101968.9,42.38297326,3336.79,238.40783442,-0.3609348637651096,-0.2009470632101348,DAI,1,1,-2.000000000002e-05
2025-11-07 05:00:00,0.9999,1.00004,0.9999,0.99998,8909.08284613,2.000000000002e-05,-2.000000000002e-05,0.0001240149593578,5,4,High,102388.7,35.31127579,3364.97,3362.43555401,-0.331693453572875,-0.1617893989007815,DAI,1,1,0.00059
2025-11-07 06:00:00,0.9999,1.00059,0.9999,1.00059,79492.47080717,0.00059,0.00059,0.0001770362895726,6,4,High,101817.9,13.17549352,3346.2,223.99683011,-0.2444880189449664,-0.0644441638749638,DAI,1,1,-0.0003199999999999
2025-11-07 07:00:00,1.00085,1.00106,0.99944,0.99968,19266.76087505,0.0003199999999999,-0.0003199999999999,0.0001862983231727,7,4,High,101973.6,74.39321541,3356.29,639.50269269,-0.1952950835600997,-0.0611167297260561,DAI,1,1,0.00011
2025-11-07 08:00:00,0.99988,1.00011,0.9998,1.00011,1618.43080262,0.00011,0.00011,0.000187024275723,8,4,High,101489.9,12.39253351,3340.36,314.25474307,-0.1841693065721504,-0.0303881002108212,DAI,1,1,0.00011
2025-11-07 09:00:00,1.00011,1.00011,1.00011,1.00011,0.0,0.00011,0.00011,0.0001872798224145,9,4,High,100972.7,65.35199215,3300.39,702.3288907,-0.1843216634409647,-0.0266520337881802,DAI,1,1,-0.0002199999999999
2025-11-07 10:00:00,1.00018,1.00018,0.9997,0.99978,2749.94423998,0.0002199999999999,-0.0002199999999999,0.000192165387704,10,4,High,100768.7,47.20097894,3278.89,701.43043058,-0.1409487313082987,0.0366451095169298,DAI,1,1,-0.0009599999999999
2025-11-07 11:00:00,0.99977,0.99977,0.99904,0.99904,8944.7109969,0.0009599999999999,-0.0009599999999999,0.0002728061370376,11,4,High,100369.4,104.80055889,3260.2,5598.04499983,0.2165690343467255,0.3893923330244035,DAI,0,1,-0.00051
2025-11-07 12:00:00,0.99973,0.99988,0.99732,0.99949,25153.84661079,0.00051,-0.00051,0.0002884287142225,12,4,High,99560.0,773.48918432,3218.51,36707.08261726,0.377072158475924,0.5033775914899644,DAI,0,1,0.00014
2025-11-07 13:00:00,1.00034,1.00057,0.99982,1.00014,8992.09911574,0.00014,0.00014,0.000291218081537,13,4,High,100249.9,85.4981204,3238.34,1253.18726204,0.3778746782203048,0.4433641063742837,DAI,0,1,0.0002599999999999
2025-11-07 14:00:00,0.99981,1.00026,0.99973,1.00026,10345.90331861,0.0002599999999999,0.0002599999999999,0.0002978519109711,14,4,High,100706.7,297.34918851,3284.06,2472.04279296,0.3412878167960946,0.3978563156061931,DAI,0,1,-2.000000000002e-05
2025-11-07 15:00:00,1.00013,1.00021,0.99998,0.99998,4139.90224926,2.000000000002e-05,-2.000000000002e-05,0.0002967428863162,15,4,High,100780.0,496.57292032,3295.06,1538.81474753,0.363675284756645,0.3914429607091943,DAI,0,1,-0.00011
2025-11-07 16:00:00,1.00009,1.00034,0.99946,0.99989,32520.42666141,0.00011,-0.00011,0.000296335102128,16,4,High,101079.8,577.39483104,3308.72,2130.73123374,0.3595593951816852,0.385623804206633,DAI,0,1,-0.0002499999999999
2025-11-07 17:00:00,1.00009,1.00108,0.99975,0.99975,13209.34892789,0.0002499999999999,-0.0002499999999999,0.0002996734333675,17,4,High,102279.9,602.09984856,3383.23,3601.55886307,0.2954892671382654,0.2995018817921224,DAI,0,1,0.00024
2025-11-07 18:00:00,0.99988,1.00032,0.99973,1.00024,2180.38542966,0.00024,0.00024,0.000304369150391,18,4,High,102553.5,218.63978042,3425.75,2502.74950186,0.3337715693661269,0.3470180828773146,DAI,0,1,-0.00029
2025-11-07 19:00:00,0.99971,0.99971,0.99971,0.99971,23.1268,0.00029,-0.00029,0.0003068844729043,19,4,High,103274.2,298.74410228,3441.93,3033.59904335,0.2071515381559651,0.2170345793180033,DAI,0,1,0.00034
2025-11-07 20:00:00,1.00007,1.00034,0.99975,1.00034,4563.9957817,0.00034,0.00034,0.0003166765826053,20,4,High,103714.6,435.85713023,3465.14,20477.60135229,0.2955339452657099,0.3033760982249413,DAI,0,1,-0.0003699999999999
2025-11-07 21:00:00,1.0004,1.00067,0.99901,0.99963,114390.59855345,0.0003699999999999,-0.0003699999999999,0.0003232040679893,21,4,High,103820.6,58.17595854,3468.11,1699.36498054,0.1720344318538674,0.1785083115156853,DAI,0,1,-0.0001799999999999
2025-11-07 22:00:00,0.99972,1.00003,0.99972,0.99982,4376.50456267,0.0001799999999999,-0.0001799999999999,0.0003088122993527,22,4,High,103620.0,78.2429648,3444.25,1488.90007401,0.1581351499565893,0.1706724793198435,DAI,0,1,-0.00017
2025-11-07 23:00:00,1.00018,1.00018,0.99983,0.99983,2044.46410767,0.00017,-0.00017,0.0003083993270537,23,4,High,103279.9,57.73191512,3433.9,1195.80689984,0.1429930494905412,0.156614791679501,DAI,0,1,-0.0003499999999999
2025-11-08 00:00:00,0.99966,0.99987,0.99963,0.99965,4054.83967372,0.0003499999999999,-0.0003499999999999,0.0003131733325677,0,5,High,102645.2,71.16498594,3421.78,784.88570213,0.1142067590309243,0.1144861507071403,DAI,1,1,-0.0003499999999999
2025-11-08 01:00:00,0.99974,0.99974,0.99965,0.99965,2084.67008785,0.0003499999999999,-0.0003499999999999,0.0003175035661098,1,5,High,102932.0,14.05661763,3433.73,478.51556865,0.0806537544117463,0.0729513900647922,DAI,1,1,-0.0002999999999999
2025-11-08 02:00:00,0.99985,1.00012,0.99969,0.9997,8477.48597943,0.0002999999999999,-0.0002999999999999,0.0003199929233815,2,5,High,102757.7,8.83683279,3439.95,1152.2761459,0.0614584826234915,0.0424651850499109,DAI,1,1,-0.00011
2025-11-08 03:00:00,0.9997,0.99989,0.9997,0.99989,406.64688,0.00011,-0.00011,0.0003196182052092,3,5,High,102600.0,21.04921941,3452.4,1167.48858176,0.0623504627461924,0.0441264370905339,DAI,1,1,-9.00000000000345e-05
2025-11-08 04:00:00,0.99985,0.99991,0.99985,0.99991,980.4262,9.00000000000345e-05,-9.00000000000345e-05,0.0003192651775921,4,5,High,102472.6,20.41328788,3457.31,319.96010062,0.0638721716862671,0.051125429806016,DAI,1,1,-0.0001799999999999
2025-11-08 05:00:00,0.99982,0.99982,0.99982,0.99982,5.00214,0.0001799999999999,-0.0001799999999999,0.0003188018215899,5,5,High,102283.6,15.76565919,3429.31,586.63614442,0.0577520538378787,0.0457195235209374,DAI,1,1,0.00055
2025-11-08 06:00:00,1.00057,1.00717,0.99979,1.00055,20832.81108274,0.00055,0.00055,0.0003149853343718,6,5,High,102200.1,60.59468403,3442.1,179.0874046,0.0888017911471154,0.156814633622364,DAI,1,1,0.0006699999999999
2025-11-08 07:00:00,1.00056,1.00091,0.99981,1.00067,3588.18079971,0.0006699999999999,0.0006699999999999,0.0003512462285109,7,5,High,102299.9,28.43681013,3445.93,110.87995068,0.1004527379037086,0.2109011234836019,DAI,1,1,1.0000000000065512e-05
2025-11-08 08:00:00,1.00085,1.00125,1.00001,1.00001,11389.59698386,1.0000000000065512e-05,1.0000000000065512e-05,0.0003494208458806,8,5,High,102415.2,30.06413729,3455.5,103.18151663,0.1162724769287829,0.2323291194339225,DAI,0,1,0.00028
2025-11-08 09:00:00,1.0,1.00036,1.0,1.00028,1353.37318298,0.00028,0.00028,0.0003553073276772,9,5,High,102356.4,35.08373491,3439.35,630.10364498,0.1489516183103042,0.2853407916668464,DAI,0,1,-7.00000000000145e-05
2025-11-08 10:00:00,1.00004,1.00004,0.99993,0.99993,3151.46092679,7.00000000000145e-05,-7.00000000000145e-05,0.0003540930443508,10,5,High,102514.6,31.66490975,3444.54,148.19710086,0.1332273599153283,0.2722722535164991,DAI,0,1,-4.000000000004e-05
2025-11-08 11:00:00,0.99997,0.99997,0.99976,0.99996,1849.46454,4.000000000004e-05,-4.000000000004e-05,0.0002998586623576,11,5,High,101800.1,70.52740816,3411.92,351.92531774,-0.0583099082502189,0.09888634541924,DAI,1,1,-0.0003199999999999
2025-11-08 12:00:00,0.99996,1.00005,0.99964,0.99968,5629.47260485,0.0003199999999999,-0.0003199999999999,0.0002891588876698,12,5,High,102003.8,20.91243497,3406.81,685.16628389,-0.2693676691415979,-0.0933411104177916,DAI,1,1,-7.00000000000145e-05
2025-11-08 13:00:00,0.99993,0.99993,0.99993,0.99993,814.1191885,7.00000000000145e-05,-7.00000000000145e-05,0.0002869732098785,13,5,High,101820.1,19.76771176,3395.92,255.908972,-0.2338765102143291,-0.0230486114453833,DAI,1,1,-9.9999999999989e-05
2025-11-08 14:00:00,0.99991,1.00011,0.9999,0.9999,3022.62255288,9.9999999999989e-05,-9.9999999999989e-05,0.0002800258787206,14,5,High,101867.0,28.54608091,3398.83,274.29045902,-0.1461696132281227,0.1261290746693077,DAI,1,1,-0.00011
2025-11-08 15:00:00,0.99996,1.00038,0.99973,0.99989,7033.93128062,0.00011,-0.00011,0.0002801626727243,15,5,High,101665.5,15.86621852,3374.0,749.87833642,-0.1367244296857741,0.1864659580358755,DAI,1,1,-0.00029
2025-11-08 16:00:00,0.9999,0.99996,0.9997,0.99971,2393.14395165,0.00029,-0.00029,0.0002840235625042,16,5,High,101760.1,42.89038944,3367.58,448.380155,-0.120201181454324,0.2741083726974309,DAI,1,1,0.0001999999999999
2025-11-08 17:00:00,0.99985,1.0002,0.99985,1.0002,5264.81777073,0.0001999999999999,0.0001999999999999,0.0002860969228687,17,5,High,101961.8,61.8401129,3398.0,135.64223921,-0.164217377191731,0.1875884812607431,DAI,1,1,2.999999999997449e-05
2025-11-08 18:00:00,1.00028,1.00028,0.99971,1.00003,5091.46743795,2.999999999997449e-05,2.999999999997449e-05,0.000280123872702,18,5,High,102185.1,26.35371701,3403.4,236.35306927,-0.1757170922958956,0.1812646805136475,DAI,1,1,-0.00012
2025-11-08 19:00:00,0.9999,1.00002,0.99984,0.99988,1051.1638035,0.00012,-0.00012,0.0002760316616993,19,5,High,101950.0,14.41731482,3388.22,281.41691607,-0.1249739913543407,0.2121830823896767,DAI,1,1,-0.0002999999999999
2025-11-08 20:00:00,0.99988,0.99997,0.9997,0.9997,2164.8975748,0.0002999999999999,-0.0002999999999999,0.0002677590848802,20,5,High,102022.2,13.51774721,3396.71,216.95997488,-0.2613947180010306,0.1673430904663614,DAI,1,1,-0.0001499999999999
2025-11-08 21:00:00,0.99982,0.99985,0.99982,0.99985,735.65023994,0.0001499999999999,-0.0001499999999999,0.0002608681159373,21,5,High,102260.0,6.92084021,3406.81,245.73747039,-0.1628666643888804,0.2779893779985045,DAI,1,1,-0.00031
2025-11-08 22:00:00,0.99986,0.99986,0.99969,0.99969,2008.50422162,0.00031,-0.00031,0.0002646815833777,22,5,High,102368.8,16.24510966,3408.97,681.56122528,-0.1414188682621804,0.3122493317632903,DAI,1,1,-0.0001799999999999
2025-11-08 23:00:00,0.9998,0.99982,0.9998,0.99982,352.30078496,0.0001799999999999,-0.0001799999999999,0.0002648529808194,23,5,High,102282.1,14.59672178,3400.21,249.5993871,-0.1195813665887386,0.3336007547598188,DAI,1,1,-0.0002999999999999
2025-11-09 00:00:00,0.9997,0.9997,0.9997,0.9997,1.95128,0.0002999999999999,-0.0002999999999999,0.0002627498810649,0,6,High,101743.8,18.90377797,3383.46,110.5805573,-0.0070016600006371,0.3811200353692546,DAI,0,1,-0.0002999999999999
2025-11-09 01:00:00,0.99984,0.99984,0.9997,0.9997,10.00177,0.0002999999999999,-0.0002999999999999,0.0002606124336622,1,6,High,102020.5,6.80820999,3399.99,205.00033426,0.1321266867909578,0.4402463773694735,DAI,0,1,-0.00016
2025-11-09 02:00:00,0.99982,0.99984,0.99982,0.99984,220.0,0.00016,-0.00016,0.0002567000731123,2,6,High,101600.0,9.46352876,3367.1,124.44522036,0.2556353248705822,0.4950504206276122,DAI,0,1,-9.00000000000345e-05
2025-11-09 03:00:00,0.99986,0.99991,0.99986,0.99991,565.89458456,9.00000000000345e-05,-9.00000000000345e-05,0.0002565659505003,3,6,High,101624.3,36.96430302,3374.51,196.80897782,0.2832093652664975,0.522914895578204,DAI,0,1,-0.00029
2025-11-09 04:00:00,0.99971,0.99971,0.99971,0.99971,8.140024,0.00029,-0.00029,0.0002607958833135,4,6,High,101703.9,14.52309086,3374.67,1600.01014843,0.3363806610295518,0.5938531156228961,DAI,0,1,0.0
2025-11-09 05:00:00,0.99975,1.0,0.99975,1.0,659.72356,0.0,0.0,0.000260032049306,5,6,High,101890.1,16.00646261,3404.38,178.67504454,0.3555893151647115,0.626902670287268,DAI,0,1,-0.0001999999999999
2025-11-09 06:00:00,0.9998,0.9998,0.9998,0.9998,6.19938004,0.0001999999999999,-0.0001999999999999,0.0002263121961906,6,6,High,101682.2,4.69107083,3403.11,193.70739074,0.3434362700342091,0.5653156538565447,DAI,0,1,-0.0001999999999999
2025-11-09 07:00:00,0.9998,0.9998,0.9998,0.9998,0.0,0.0001999999999999,-0.0001999999999999,0.0001584343689833,7,6,High,101887.3,57.65093426,3422.24,389.07401627,0.2633093151664319,0.4195372611580284,DAI,0,1,-0.00021
2025-11-09 08:00:00,0.99979,0.99979,0.99979,0.99979,11.24284687,0.00021,-0.00021,0.0001564344563394,8,6,High,101940.6,14.33802761,3420.52,151.50239364,0.216102406216116,0.3509927935792243,DAI,0,1,-0.0002799999999999
2025-11-09 09:00:00,0.9999,0.9999,0.9997,0.99972,2798.18725088,0.0002799999999999,-0.0002799999999999,0.0001311791561732,9,6,High,101641.2,9.79373222,3400.0,268.59958963,0.0790148403606704,0.143180941158859,DAI,1,1,-0.00031
2025-11-09 10:00:00,0.99972,0.99989,0.99969,0.99969,4854.9564602,0.00031,-0.00031,0.0001330876359412,10,6,High,101840.7,9.73801804,3401.12,158.26335697,0.0175267763806582,0.0588658532365463,DAI,1,1,1.999999999990898e-05
2025-11-09 11:00:00,1.00002,1.00002,1.00002,1.00002,8.15507199,1.999999999990898e-05,1.999999999990898e-05,0.0001361797618446,11,6,High,102210.1,19.47938072,3428.74,240.37082013,0.1186787466098154,0.1332407884357978,DAI,1,1,-0.0003499999999999
2025-11-09 12:00:00,0.99965,0.99965,0.99965,0.99965,249.41366,0.0003499999999999,-0.0003499999999999,0.000137760951325,12,6,High,102090.1,41.63712996,3441.09,1705.51653156,0.0905874486281408,0.0068739806252527,DAI,1,1,-0.0002799999999999
2025-11-09 13:00:00,0.99982,0.99985,0.99972,0.99972,894.24967,0.0002799999999999,-0.0002799999999999,0.0001378299729707,13,6,High,102897.6,26.83271762,3458.44,430.57203291,-0.0256773148034973,-0.076737045308411,DAI,1,1,-0.00011
2025-11-09 14:00:00,0.99969,0.99989,0.99969,0.99989,243.31498053,0.00011,-0.00011,0.0001375977913113,14,6,High,102954.0,141.47315726,3505.63,4768.01444634,0.0448731836858671,0.0195973848217977,DAI,1,1,-0.0002499999999999
2025-11-09 15:00:00,1.00001,1.00002,0.99975,0.99975,282.72466715,0.0002499999999999,-0.0002499999999999,0.0001375240426932,15,6,High,103766.7,135.57047598,3515.0,2060.82542087,-0.0241363663537818,-0.024611263477808,DAI,1,1,-0.0002999999999999
2025-11-09 16:00:00,0.99974,0.99974,0.9997,0.9997,2000.60818489,0.0002999999999999,-0.0002999999999999,0.0001378720263579,16,6,High,103805.0,25.2098592,3527.64,621.9654524,-0.1407265205797556,-0.1526900948816625,DAI,1,1,-0.00039
2025-11-09 17:00:00,0.99961,0.99977,0.99961,0.99961,2017.13220655,0.00039,-0.00039,0.0001173059606571,17,6,High,103594.5,22.05475037,3514.69,902.1122249,-0.2417165782671524,-0.2371619959299031,DAI,1,1,-0.00039
2025-11-09 18:00:00,0.99961,0.99961,0.99961,0.99961,2000.62019226,0.00039,-0.00039,0.000111178632865,18,6,High,104499.9,131.25350157,3542.89,875.4049852,-0.3793718671948748,-0.3308219723460491,DAI,1,1,-0.0003499999999999
2025-11-09 19:00:00,0.99977,0.99977,0.99965,0.99965,3506.64821002,0.0003499999999999,-0.0003499999999999,0.000111459357641,19,6,High,104791.0,165.152401,3580.0,3860.51822803,-0.4193600070637819,-0.3689427110455817,DAI,1,1,-0.00039
2025-11-09 20:00:00,0.9996,0.99968,0.99939,0.99961,6886.89208645,0.00039,-0.00039,0.0001151361827562,20,6,High,104605.0,89.95212093,3578.4,2406.66135202,-0.4969145709824996,-0.4597435132214358,DAI,1,1,-0.00039
2025-11-09 21:00:00,0.99956,0.99961,0.99956,0.99961,435.60828127,0.00039,-0.00039,0.0001173430187866,21,6,High,104510.0,28.72560906,3579.75,1359.26381289,-0.5368850900453453,-0.4984885765261382,DAI,1,1,-0.00036
2025-11-09 22:00:00,0.99961,0.99964,0.99961,0.99964,2009.62480488,0.00036,-0.00036,0.0001188806489536,22,6,High,104699.9,45.98413316,3586.71,574.46746925,-0.5703427834945388,-0.5448168781877754,DAI,1,1,-0.0004199999999999
2025-11-09 23:00:00,0.99966,0.99966,0.99958,0.99958,24.94346,0.0004199999999999,-0.0004199999999999,0.0001225543357756,23,6,High,104729.8,78.70287758,3584.2,914.95645696,-0.6033874604795588,-0.5750913042926761,DAI,1,1,-0.0005899999999999
2025-11-10 00:00:00,0.99977,0.9999,0.99936,0.99941,8150.01943,0.0005899999999999,-0.0005899999999999,0.0001395327347184,0,0,High,106270.0,194.06954563,3635.24,3067.03117652,-0.7165802924289658,-0.680065841560051,DAI,1,1,1.999999999990898e-05
2025-11-10 01:00:00,0.99978,1.00002,0.99978,1.00002,765.13937729,1.999999999990898e-05,1.999999999990898e-05,0.0001517524442894,1,0,High,105765.4,100.89962898,3629.01,4214.60155891,-0.4809000366616672,-0.4683014670250001,DAI,1,1,-7.00000000000145e-05
2025-11-10 02:00:00,0.99998,0.99998,0.99993,0.99993,660.96316019,7.00000000000145e-05,-7.00000000000145e-05,0.0001554306779634,2,0,High,105999.9,23.10541788,3626.39,345.80175057,-0.3272993236135997,-0.3341362535260649,DAI,1,1,-7.00000000000145e-05
2025-11-10 03:00:00,0.99993,0.99993,0.99993,0.99993,0.0,7.00000000000145e-05,-7.00000000000145e-05,0.0001564182427553,3,0,High,106015.7,34.72403469,3626.96,1031.46327325,-0.1794758618469898,-0.1920499177664971,DAI,1,1,-7.00000000000145e-05
2025-11-10 04:00:00,0.99993,0.99993,0.99993,0.99993,0.0,7.00000000000145e-05,-7.00000000000145e-05,0.0001607658302435,4,0,High,106163.4,24.53471141,3618.12,346.58526876,-0.1076987494033708,-0.1474822707614172,DAI,1,1,-0.0003999999999999
2025-11-10 05:00:00,0.9997,0.99971,0.99906,0.9996,8196.27397681,0.0003999999999999,-0.0003999999999999,0.0001546079661221,5,0,High,106050.7,25.182354,3607.35,2280.46000142,-0.0795434738242399,-0.0970061317987458,DAI,1,1,-0.0006
2025-11-10 06:00:00,0.9996,0.9996,0.9994,0.9994,5597.63680785,0.0006,-0.0006,0.0001683401490945,6,0,High,106203.7,92.98052809,3604.71,571.43428449,-0.159841694759122,-0.1397028528792136,DAI,1,1,-0.00034
2025-11-10 07:00:00,0.99959,0.99966,0.99959,0.99966,1322.49948829,0.00034,-0.00034,0.0001678422309576,7,0,High,106416.5,67.20433575,3609.32,2042.45528561,-0.1496570740316855,-0.1253401525796346,DAI,1,1,-0.0005399999999999
2025-11-10 08:00:00,0.99967,0.99967,0.99831,0.99946,15093.29889986,0.0005399999999999,-0.0005399999999999,0.0001746668671868,8,0,High,105920.1,23.1720679,3592.2,937.06156363,-0.1756831055924345,-0.1293671201059547,DAI,1,1,-0.00041
2025-11-10 09:00:00,0.99948,0.99962,0.99948,0.99959,2923.1671199,0.00041,-0.00041,0.0001760167152803,9,0,High,106386.1,77.52319129,3624.01,585.56056089,-0.2040719048368118,-0.1524986225740295,DAI,1,1,-7.00000000000145e-05
2025-11-10 10:00:00,0.99964,1.0001,0.99964,0.99993,9921.27576,7.00000000000145e-05,-7.00000000000145e-05,0.0001824689769147,10,0,High,105994.3,32.20612355,3605.09,487.960908,-0.1675116642016362,-0.1349663844331137,DAI,1,1,-0.00012
2025-11-10 11:00:00,0.99989,0.99989,0.99988,0.99988,520.05431885,0.00012,-0.00012,0.0001739731780096,11,0,High,106200.0,12.32105483,3608.13,307.82536742,0.0236580035989869,0.0780205549041954,DAI,1,1,-0.00029
2025-11-10 12:00:00,0.99979,0.99979,0.99971,0.99971,1869.0056025,0.00029,-0.00029,0.0001736792813024,12,0,High,105900.1,37.32646306,3591.14,469.55045508,-0.0040707255101313,0.0557956678565673,DAI,1,1,-0.00012
2025-11-10 13:00:00,0.99979,0.99988,0.99979,0.99988,1000.19256311,0.00012,-0.00012,0.0001774762690813,13,0,High,106500.0,40.83725382,3614.92,690.41190679,0.0551927653873683,0.1112550460891904,DAI,1,1,-0.0002999999999999
2025-11-10 14:00:00,0.99994,1.00081,0.9997,0.9997,17669.59041268,0.0002999999999999,-0.0002999999999999,0.0001731669003084,14,0,High,104901.9,210.0361918,3540.4,3786.38499428,0.1844552239358831,0.2299713565319106,DAI,0,1,-0.0007599999999999
2025-11-10 15:00:00,0.99959,0.99977,0.99924,0.99924,6513.3163386,0.0007599999999999,-0.0007599999999999,0.0001964393183587,15,0,High,105017.9,114.55555514,3518.72,2216.23925976,0.2464479368776992,0.4267362490019799,DAI,0,1,5.000000000010552e-05
2025-11-10 16:00:00,0.99875,1.00038,0.99875,1.00005,15705.94850245,5.000000000010552e-05,5.000000000010552e-05,0.0002105991280935,16,0,High,105208.7,40.9617566,3529.5,1817.36677632,0.2305081349499158,0.2792547321862695,DAI,0,1,-0.00019
2025-11-10 17:00:00,0.99993,0.99993,0.99981,0.99981,8000.0,0.00019,-0.00019,0.0002111317845206,17,0,High,105944.5,37.41722577,3554.79,1721.76610114,0.2275796670513157,0.2362794983720815,DAI,0,1,-0.0006599999999999
2025-11-10 18:00:00,0.99984,0.99985,0.99934,0.99934,8071.53451,0.0006599999999999,-0.0006599999999999,0.0002230616994001,18,0,High,105520.0,47.05171776,3532.33,439.23337306,0.2119734523457085,0.315040701283596,DAI,0,1,-0.00033
2025-11-10 19:00:00,0.99904,0.99968,0.99904,0.99967,2307.06850999,0.00033,-0.00033,0.0002229430940588,19,0,High,105768.1,39.49139363,3557.13,1166.28443858,0.209226382490772,0.310933098368372,DAI,0,1,-7.00000000000145e-05
2025-11-10 20:00:00,0.99908,1.00001,0.99907,0.99993,9766.04475936,7.00000000000145e-05,-7.00000000000145e-05,0.0002274225461401,20,0,High,106000.7,50.79728822,3571.98,947.22466515,0.2087571148410386,0.2756962643409519,DAI,0,1,-0.0001999999999999
2025-11-10 21:00:00,0.9998,0.9998,0.9998,0.9998,30.58855872,0.0001999999999999,-0.0001999999999999,0.0002273090056686,21,0,High,105589.1,31.33138752,3540.21,1485.8589449,0.1817730198084265,0.2368566553809251,DAI,0,1,-7.999999999996898e-05
2025-11-10 22:00:00,0.9999,0.99992,0.9999,0.99992,18.35677,7.999999999996898e-05,-7.999999999996898e-05,0.0002306100133578,22,0,High,106031.5,42.54510056,3575.01,1070.61703184,0.1808558653653793,0.2191938261230536,DAI,0,1,-0.0001799999999999
2025-11-10 23:00:00,0.9999,0.99992,0.99982,0.99982,223.72332,0.0001799999999999,-0.0001799999999999,0.0002293054257118,23,0,High,105973.3,20.00994455,3565.64,1838.46649065,0.1353648641955208,0.206514121123704,DAI,0,1,-0.0001799999999999
2025-11-11 00:00:00,0.99982,0.99982,0.99982,0.99982,0.0,0.0001799999999999,-0.0001799999999999,0.0002191865726343,0,1,High,106106.0,16.87358103,3584.99,2723.03781163,0.2108879431828583,0.3189928389171713,DAI,0,1,-0.0002999999999999
2025-11-11 01:00:00,0.99983,0.99983,0.99969,0.9997,2053.79068144,0.0002999999999999,-0.0002999999999999,0.0002117063183219,1,1,High,106059.9,81.51559155,3579.05,1399.00597896,0.2342855656619185,0.267464700642696,DAI,0,1,-0.00029
2025-11-11 02:00:00,0.99961,0.99982,0.99961,0.99971,56.10292,0.00029,-0.00029,0.0002077345016805,2,1,High,106655.8,28.34785694,3615.38,594.32245291,0.2084086186455699,0.2171537539297143,DAI,0,1,-0.00029
2025-11-11 03:00:00,0.99971,0.99971,0.99971,0.99971,0.0,0.00029,-0.00029,0.0002032543205953,3,1,High,106470.1,119.09051761,3605.0,630.24726021,0.1965505571247904,0.164164428223377,DAI,1,1,-0.00014
2025-11-11 04:00:00,0.99986,0.99986,0.99986,0.99986,49.51188,0.00014,-0.00014,0.0002005820335274,4,1,High,105703.8,24.2828757,3573.62,698.80947576,0.1598340400382303,0.1087614928119738,DAI,1,1,-0.00031
2025-11-11 05:00:00,0.99988,0.99991,0.99969,0.99969,4996.22664771,0.00031,-0.00031,0.0001991503692321,5,1,High,105273.3,18.12007907,3548.1,757.34054377,0.1699834227881057,0.1397692619042131,DAI,1,1,-0.00043
2025-11-11 06:00:00,0.99957,0.9997,0.99957,0.99957,204.0,0.00043,-0.00043,0.0001900910346369,6,1,High,105250.1,22.58932105,3556.78,238.61645657,0.2683993610985176,0.2394801226314051,DAI,0,1,-0.00031
2025-11-11 07:00:00,0.99967,0.99969,0.99967,0.99969,124.0,0.00031,-0.00031,0.0001897290211046,7,1,High,104731.5,49.05352642,3543.67,944.57046901,0.2851860376234799,0.2690005017834163,DAI,0,1,-0.00031
2025-11-11 08:00:00,0.99969,0.99969,0.99969,0.99969,0.0,0.00031,-0.00031,0.0001812032048538,8,1,High,105125.8,8.22061371,3562.44,157.4637764,0.3190782312925983,0.3323046069337123,DAI,0,1,-0.00041
2025-11-11 09:00:00,0.99959,0.99959,0.99959,0.99959,50.0,0.00041,-0.00041,0.0001812032048538,9,1,High,104950.0,19.44873786,3556.28,551.20101083,0.4086543570570043,0.4427757023120651,DAI,0,1,-0.00021
2025-11-11 10:00:00,0.99979,0.99979,0.99979,0.99979,23.14279999,0.00021,-0.00021,0.0001769544074582,10,1,High,105075.5,30.29579984,3560.0,1524.62206561,0.3684819183607241,0.4008554430847931,DAI,0,1,-0.0002699999999999
2025-11-11 11:00:00,0.99974,0.99974,0.99973,0.99973,784.99951,0.0002699999999999,-0.0002699999999999,0.0001741293039462,11,1,High,105230.0,8.91395779,3573.25,530.39571299,0.3397047754115984,0.3675646293314922,DAI,0,1,-0.0002699999999999
2025-11-11 12:00:00,0.99973,0.99973,0.99973,0.99973,0.0,0.0002699999999999,-0.0002699999999999,0.0001740980899596,12,1,High,104510.0,74.12775336,3540.57,1067.59813207,0.3161924519932876,0.3741098279090545,DAI,0,1,-0.00012
2025-11-11 13:00:00,0.99987,0.99988,0.9997,0.99988,201.32952067,0.00012,-0.00012,0.0001740980899596,13,1,High,104350.1,142.46055354,3529.02,1304.12488922,0.1720309410584757,0.2619721956988455,DAI,0,1,-0.0002999999999999
2025-11-11 14:00:00,0.99971,0.99971,0.9997,0.9997,643.6382,0.0002999999999999,-0.0002999999999999,0.0001740980899596,14,1,High,104620.0,156.00317588,3531.01,4623.61362179,0.1711066442969338,0.2602659613185614,DAI,0,1,-0.0002999999999999
2025-11-11 15:00:00,0.9997,0.9997,0.9997,0.9997,0.0,0.0002999999999999,-0.0002999999999999,0.0001402146387776,15,1,High,103480.1,140.48263522,3482.54,4288.4570543,0.1216318311022894,0.0941944174552277,DAI,1,1,-2.000000000002e-05
2025-11-11 16:00:00,0.9998,0.99998,0.9998,0.99998,1538.0,2.000000000002e-05,-2.000000000002e-05,0.0001342120051219,16,1,High,103341.8,40.53543036,3484.78,2586.66827325,-0.0537918302399635,-0.0034718084973787,DAI,1,1,-0.00026
2025-11-11 17:00:00,0.99973,0.99974,0.99973,0.99974,240.0,0.00026,-0.00026,0.0001334492249966,17,1,High,103308.1,90.6897101,3473.42,4866.85148184,-0.0645131972008902,-0.0028349865293664,DAI,1,1,-0.0002699999999999
2025-11-11 18:00:00,0.99987,0.99987,0.99973,0.99973,55.51146,0.0002699999999999,-0.0002699999999999,0.000102863882198,18,1,High,103368.8,27.9754468,3467.85,507.34799549,-0.0034348188327698,-0.0674086247782277,DAI,1,1,-0.0002699999999999
2025-11-11 19:00:00,0.99966,0.99986,0.99958,0.99973,95.01755373,0.0002699999999999,-0.0002699999999999,0.0001013951589615,19,1,High,103105.1,31.54669075,3455.92,396.82110119,0.0428866376027026,-0.0277814003633089,DAI,1,1,-0.0002499999999999
2025-11-11 20:00:00,0.99973,0.99991,0.99973,0.99975,1326.84999305,0.0002499999999999,-0.0002499999999999,9.460731197033224e-05,20,1,High,102700.0,51.49267101,3435.75,1618.09555087,-0.0266659697721993,-0.071730265486051,DAI,1,1,-2.999999999997449e-05
2025-11-11 21:00:00,0.99958,0.99997,0.99958,0.99997,10249.31616751,2.999999999997449e-05,-2.999999999997449e-05,0.0001042850052443,21,1,High,102596.4,20.54767685,3417.53,1078.28959194,-0.1967189683738827,-0.2564879344100289,DAI,1,1,-0.0004199999999999
2025-11-11 22:00:00,0.99977,0.99977,0.99847,0.99958,1498.36280475,0.0004199999999999,-0.0004199999999999,0.0001044620449761,22,1,High,102960.1,42.17573562,3428.32,518.10634993,-0.170194015378831,-0.1675417117093866,DAI,1,1,-0.0004199999999999
2025-11-11 23:00:00,0.99958,0.99958,0.99958,0.99958,0.0,0.0004199999999999,-0.0004199999999999,0.0001083037863833,23,1,High,103011.5,19.10006142,3414.42,362.55142005,-0.120828353706483,-0.0580614079453281,DAI,1,1,-0.0004199999999999
2025-11-12 00:00:00,0.99958,0.99958,0.99958,0.99958,0.0,0.0004199999999999,-0.0004199999999999,0.0001110783768209,0,2,High,102870.1,18.20386017,3415.38,880.43971109,-0.093028053028065,0.0023511692624067,DAI,1,1,-0.0003999999999999
2025-11-12 01:00:00,0.99971,0.99972,0.9996,0.9996,1025.31266,0.0003999999999999,-0.0003999999999999,0.0001138649085161,1,2,High,103205.1,12.55947647,3446.43,553.85141838,-0.0388305085557647,0.0593496539395453,DAI,1,1,-9.9999999999989e-05
2025-11-12 02:00:00,0.99975,0.9999,0.99975,0.9999,1116.43933,9.9999999999989e-05,-9.9999999999989e-05,0.0001196000278709,2,2,High,103086.3,15.02115789,3425.8,182.27513452,-0.09067942477322,-0.0152578656093148,DAI,1,1,-0.0003699999999999
2025-11-12 03:00:00,0.99976,0.99976,0.99956,0.99963,1230.0,0.0003699999999999,-0.0003699999999999,0.0001212248778698,3,2,High,103254.8,6.08949629,3438.27,110.13355442,-0.0586387667816295,0.0300149379128619,DAI,1,1,-0.00017
2025-11-12 04:00:00,0.99958,0.99983,0.99958,0.99983,122.17855693,0.00017,-0.00017,0.0001199154291365,4,2,High,103148.1,13.05675956,3442.66,243.00025614,-0.1862917640939846,-0.0731990188531415,DAI,1,1,-0.00017
2025-11-12 05:00:00,0.99983,0.99983,0.99983,0.99983,0.0,0.00017,-0.00017,0.0001216165272904,5,2,High,103331.9,12.55726219,3448.92,210.72797444,-0.1915477929460121,-0.0841757007967577,DAI,1,1,-0.00017
2025-11-12 06:00:00,0.99983,0.99983,0.99983,0.99983,0.0,0.00017,-0.00017,0.0001183583357951,6,2,High,103364.1,10.35938993,3439.97,192.49566479,-0.1174445358902946,-0.0331519844824173,DAI,1,1,-0.00017
2025-11-12 07:00:00,0.99983,0.99983,0.99983,0.99983,0.0,0.00017,-0.00017,0.0001192336641501,7,2,High,103117.5,23.618706,3426.24,428.48223293,-0.115675429563377,-0.0397130527527639,DAI,1,1,-0.00014
2025-11-12 08:00:00,0.99986,0.99986,0.99986,0.99986,6.41064,0.00014,-0.00014,0.0001208117172068,8,2,High,104140.1,129.43540169,3469.64,568.6034388,-0.0535758523140764,-0.00639004744161,DAI,1,1,-0.00014
2025-11-12 09:00:00,0.99986,0.99986,0.99986,0.99986,0.0,0.00014,-0.00014,0.0001175073232374,9,2,High,104486.4,178.13555222,3483.89,287.12032821,0.1018040057150571,0.1195233674748093,DAI,1,1,-0.0002299999999999
2025-11-12 10:00:00,0.99974,0.99977,0.99974,0.99977,50.1428,0.0002299999999999,-0.0002299999999999,0.0001173870101198,10,2,High,104880.0,17.46699018,3534.0,441.80742966,0.0883186674518629,0.1082848882927043,DAI,1,1,-0.0004399999999999
2025-11-12 11:00:00,0.99968,0.99973,0.99916,0.99956,518.58011,0.0004399999999999,-0.0004399999999999,0.0001244051061442,11,2,High,104994.2,66.75453517,3549.01,638.90005972,-0.0304001149930729,-0.0011507394328978,DAI,1,1,-0.00029
2025-11-12 12:00:00,0.99985,0.9999,0.99971,0.99971,1935.06196,0.00029,-0.00029,0.0001246553218893,12,2,High,105019.7,42.2422049,3552.15,907.71079839,-0.0485501943515394,-0.0172248320940888,DAI,1,1,-9.9999999999989e-05
2025-11-12 13:00:00,0.99987,0.99996,0.99987,0.9999,2922.70668581,9.9999999999989e-05,-9.9999999999989e-05,0.0001255877486408,13,2,High,105000.1,20.22193262,3577.19,651.31544958,0.002018621313584,0.0436911815536762,DAI,1,1,-0.00072
2025-11-12 14:00:00,0.9999,0.9999,0.99871,0.99928,172225.01164697,0.00072,-0.00072,0.0001586714543791,14,2,High,103900.0,210.22676031,3501.27,4160.82537396,-0.0336533336757045,-0.039288042879702,DAI,1,1,-0.00129
2025-11-12 15:00:00,0.99919,0.99931,0.99847,0.99871,6870.27173417,0.00129,-0.00129,0.0002633438816455,15,2,Medium,102170.9,204.44693865,3428.92,4373.14500334,0.2610707607960768,0.1094258625345803,DAI,0,1,-0.0010099999999999
2025-11-12 16:00:00,0.99843,0.99969,0.9951,0.99899,41772.60537625,0.0010099999999999,-0.0010099999999999,0.0002930323101347,16,2,Medium,101455.6,125.0696624,3398.15,3196.64916224,0.4397167771406013,0.2110956099464315,DAI,0,1,-0.00099
2025-11-12 17:00:00,0.99849,0.99901,0.99811,0.99901,39865.74111715,0.00099,-0.00099,0.0003205554509001,17,2,High,101750.1,56.50745725,3429.21,1461.89306183,0.522198371643618,0.2425028290827389,DAI,0,1,-0.00099
2025-11-12 18:00:00,0.99835,0.99914,0.99835,0.99901,2280.09181,0.00099,-0.00099,0.0003432696578078,18,2,High,101579.2,60.92130645,3426.0,3502.42454049,0.5840812922902082,0.2718779332789734,DAI,0,1,-0.00148
2025-11-12 19:00:00,0.99909,0.99909,0.99826,0.99852,67.89741,0.00148,-0.00148,0.0004058590370703,19,2,Medium,101279.9,60.45986273,3408.56,1520.64519253,0.6603255199285701,0.3332294798828906,DAI,0,1,-0.00148
2025-11-12 20:00:00,0.99852,0.99852,0.99852,0.99852,0.0,0.00148,-0.00148,0.0004537372987012,20,2,Medium,101520.0,88.77477304,3415.37,1104.73361998,0.7125661467330924,0.3786910398530895,DAI,0,1,-0.0007
2025-11-12 21:00:00,0.99941,0.99941,0.99929,0.9993,1171.0,0.0007,-0.0007,0.00044368822289,21,2,High,101890.0,35.04652059,3422.63,823.37783212,0.7554757744201395,0.4351353726278902,DAI,0,1,-0.00077
2025-11-12 22:00:00,0.99924,0.99924,0.99922,0.99923,3273.60826,0.00077,-0.00077,0.0004455350146467,22,2,High,101976.8,74.38454178,3420.0,240.23376426,0.76061865392095,0.4529528046639103,DAI,0,1,-0.0013199999999999
2025-11-12 23:00:00,0.99921,0.99932,0.99868,0.99868,172.36968984,0.0013199999999999,-0.0013199999999999,0.0004713894048613,23,2,Medium,101666.6,44.65851257,3413.51,158.81731762,0.7775878630497202,0.4947180271431105,DAI,0,1,-0.00072
2025-11-13 00:00:00,0.99926,0.99928,0.99926,0.99928,999.50024988,0.00072,-0.00072,0.0004707779562161,0,3,High,101856.9,74.06370179,3410.76,197.07532566,0.7772838446446596,0.5160991873057039,DAI,0,1,-0.0007
2025-11-13 01:00:00,0.99879,0.9993,0.99866,0.9993,1928.84274,0.0007,-0.0007,0.0004692632214606,1,3,High,101953.7,38.14053381,3423.73,672.90705684,0.7732916711747688,0.5221063406375478,DAI,0,1,-0.0013499999999999
2025-11-13 02:00:00,0.99944,0.99944,0.99865,0.99865,1733.96307,0.0013499999999999,-0.0013499999999999,0.0004793607987347,2,3,Medium,102050.1,14.15958699,3433.57,495.74611614,0.7874462504142763,0.5645723872044859,DAI,0,1,-0.00094
2025-11-13 03:00:00,0.99937,0.99937,0.99872,0.99906,2275.9487988,0.00094,-0.00094,0.0004783364894117,3,3,High,102162.8,66.36907038,3454.0,1340.83976567,0.7907493845655268,0.5757066859669709,DAI,0,1,-0.0012999999999999
2025-11-13 04:00:00,0.99905,0.99906,0.99854,0.9987,16064.16574965,0.0012999999999999,-0.0012999999999999,0.0004808761252417,4,3,Medium,102142.0,19.07528105,3484.64,1406.00927866,0.7995970654820014,0.5513048394729048,DAI,0,1,-0.0007599999999999
2025-11-13 05:00:00,0.99913,0.99936,0.99858,0.99924,728.11067,0.0007599999999999,-0.0007599999999999,0.0004656427690916,5,3,High,103129.4,46.84493772,3527.83,1851.71388074,0.8061020930645709,0.5555779214736207,DAI,0,1,-0.00075
2025-11-13 06:00:00,0.9986,0.99925,0.9986,0.99925,10.72458,0.00075,-0.00075,0.0004485168796221,6,3,High,103538.7,64.16510511,3540.05,825.47792381,0.8114475778387128,0.5789002248582659,DAI,0,1,-0.00094
2025-11-13 07:00:00,0.9986,0.99906,0.99821,0.99906,3646.48717999,0.00094,-0.00094,0.0004299542864159,7,3,High,103457.8,23.8729172,3539.25,476.44378898,0.8223891565087406,0.6146461426224107,DAI,0,1,-0.0004999999999999
2025-11-13 08:00:00,0.99925,0.9995,0.99893,0.9995,7582.25649998,0.0004999999999999,-0.0004999999999999,0.0004112703455188,8,3,High,103650.0,28.59391656,3522.06,238.57637844,0.8200617051217083,0.6617121005805288,DAI,0,1,-0.0011299999999999
2025-11-13 09:00:00,0.99887,0.99887,0.99887,0.99887,8.07611765,0.0011299999999999,-0.0011299999999999,0.0003880936313166,9,3,Medium,102767.0,84.22936217,3484.5,2205.65561448,0.795378346515802,0.6756636764824826,DAI,0,1,-0.0005899999999999
2025-11-13 10:00:00,0.99906,0.99949,0.99906,0.99941,229.33065,0.0005899999999999,-0.0005899999999999,0.0003687218424549,10,3,High,102907.8,23.2872014,3504.23,138.73865335,0.7612463670955549,0.6596672494277905,DAI,0,1,-0.0005699999999999
2025-11-13 11:00:00,0.99931,0.99943,0.99931,0.99943,212.84356,0.0005699999999999,-0.0005699999999999,0.0003627948575952,11,3,High,102923.7,28.92579187,3503.49,103.94809969,0.743135554412725,0.6409291135314268,DAI,0,1,-0.00117
2025-11-13 12:00:00,0.99891,0.99891,0.99883,0.99883,167.38131,0.00117,-0.00117,0.0003433337730433,12,3,Medium,103094.0,17.15555847,3501.1,1001.43066776,0.6641545883515204,0.5597908051023781,DAI,0,1,-0.00131
2025-11-13 13:00:00,0.99862,0.99869,0.99862,0.99869,17.22536076,0.00131,-0.00131,0.0003029373111634,13,3,Medium,102300.0,79.19900174,3436.17,2241.54503867,0.5175288107557268,0.4384927185675131,DAI,0,1,-0.00051
2025-11-13 14:00:00,0.99917,0.9995,0.99807,0.99949,26968.37399368,0.00051,-0.00051,0.0003135696187439,14,3,High,102930.0,121.49945917,3444.27,2378.25637437,0.517462421997933,0.3785613630500882,DAI,0,1,-0.0007399999999999
2025-11-13 15:00:00,0.99885,0.99933,0.99829,0.99926,520.89258711,0.0007399999999999,-0.0007399999999999,0.000309201871119,15,3,High,101390.1,92.93728441,3386.16,4994.61749328,0.4581610062510698,0.2979167007886225,DAI,0,1,-0.00051
2025-11-13 16:00:00,0.99878,0.9995,0.99833,0.99949,6558.97421439,0.00051,-0.00051,0.0003213546959073,16,3,High,100591.8,105.65941428,3325.0,1761.27637944,0.2737635632122759,0.1086980872423564,DAI,0,1,-0.0010999999999999
2025-11-13 17:00:00,0.99949,0.99949,0.9989,0.9989,38.83868125,0.0010999999999999,-0.0010999999999999,0.00032308942317,17,3,Medium,99603.3,212.45513697,3253.17,6914.10790416,0.2847529184066142,0.150976215285299,DAI,0,1,-0.0015399999999999
2025-11-13 18:00:00,0.99939,0.9994,0.99846,0.99846,110.05113,0.0015399999999999,-0.0015399999999999,0.0003461799816746,18,3,Medium,98530.8,462.67977489,3212.27,6010.18727701,0.4300343913867101,0.3217424510235043,DAI,0,1,-0.00051
2025-11-13 19:00:00,0.99948,0.9995,0.99946,0.99949,7243.71129494,0.00051,-0.00051,0.0003385580570197,19,3,High,98640.1,316.87985718,3195.29,2588.56787617,0.2158400040977858,0.1323866421050643,DAI,0,1,-0.00197
2025-11-13 20:00:00,0.99891,0.99892,0.99803,0.99803,3124.61816123,0.00197,-0.00197,0.0003857310018641,20,3,Medium,98070.0,200.59729042,3169.18,2509.8319952,0.4311346183366601,0.3702914732370822,DAI,0,1,-0.0010299999999999
2025-11-13 21:00:00,0.99855,0.9995,0.99808,0.99897,75979.85303734,0.0010299999999999,-0.0010299999999999,0.0003829232999247,21,3,Medium,98780.1,89.1436814,3178.19,882.07479415,0.4205137269089019,0.3583232970727511,DAI,0,1,-0.00119
2025-11-13 22:00:00,0.99884,0.99949,0.99782,0.99881,9773.15304154,0.00119,-0.00119,0.000384074032344,22,3,Medium,99749.6,109.86693287,3224.84,1196.5332894,0.4331918434724034,0.3761179920496065,DAI,0,1,-0.00119
2025-11-13 23:00:00,0.99881,0.99881,0.99881,0.99881,0.0,0.00119,-0.00119,0.0003797357967909,23,3,Medium,99680.1,96.34785975,3230.34,2436.57518505,0.4578253159685533,0.4060546634332009,DAI,0,1,-0.00119
2025-11-14 00:00:00,0.9988,0.99881,0.9988,0.99881,70.22108,0.00119,-0.00119,0.0003789839104104,0,4,Medium,98960.4,130.2080404,3199.01,3660.84255487,0.4685756133900048,0.4198526653750555,DAI,0,1,-0.0014499999999999
2025-11-14 01:00:00,0.99923,0.9995,0.99855,0.99855,9350.81612446,0.0014499999999999,-0.0014499999999999,0.0003858587261213,1,4,Medium,99205.3,71.71564658,3204.91,1674.45520655,0.4946105474803281,0.4519007557186953,DAI,0,1,-0.0014499999999999
2025-11-14 02:00:00,0.9991,0.9991,0.99842,0.99855,1705.58092013,0.0014499999999999,-0.0014499999999999,0.0003902052599976,2,4,Medium,99607.6,18.94044062,3236.52,733.3009722,0.540458020122,0.5029814261055736,DAI,0,1,-0.00121
2025-11-14 03:00:00,0.999,0.99908,0.99879,0.99879,473.0,0.00121,-0.00121,0.0003918626552531,3,4,Medium,99091.5,24.59226064,3224.0,245.21516728,0.5461029118429555,0.5099172195736595,DAI,0,1,-0.00141
2025-11-14 04:00:00,0.99863,0.99863,0.99859,0.99859,219.89507796,0.00141,-0.00141,0.000395837032785,4,4,Medium,97779.9,256.3164069,3161.18,1609.9020002,0.5982488195901715,0.5779219504585374,DAI,0,1,-0.0016399999999999
2025-11-14 05:00:00,0.99843,0.99945,0.99836,0.99836,2235.54321866,0.0016399999999999,-0.0016399999999999,0.0004102349980506,5,4,Medium,97469.9,213.37705688,3192.44,1273.2328139,0.6254510077779851,0.5886511994657813,DAI,0,1,-0.0006699999999999
2025-11-14 06:00:00,0.99901,0.99948,0.99891,0.99933,1500.86130508,0.0006699999999999,-0.0006699999999999,0.0004132339759059,6,4,High,97488.0,204.6398504,3220.41,2262.83623234,0.5148707810465675,0.5260605760301584,DAI,0,1,-0.0006099999999999
2025-11-14 07:00:00,0.99949,0.99949,0.99939,0.99939,1372.01543523,0.0006099999999999,-0.0006099999999999,0.0004228935436699,7,4,High,97097.4,102.97906054,3213.01,2102.97475524,0.4179461332574187,0.4880006478061156,DAI,0,1,-0.0015899999999999
2025-11-14 08:00:00,0.99912,0.99912,0.9984,0.99841,2405.24366495,0.0015899999999999,-0.0015899999999999,0.0004198239796814,8,4,Medium,97344.6,197.39398468,3205.95,585.35850926,0.3972860703121073,0.4505314936351835,DAI,0,1,-0.0010599999999999
2025-11-14 09:00:00,0.99894,0.99894,0.99894,0.99894,300.0,0.0010599999999999,-0.0010599999999999,0.0004198134074847,9,4,Medium,96820.1,225.16716306,3154.97,1996.35887657,0.4001448978528166,0.4709382588609282,DAI,0,1,-0.00053
2025-11-14 10:00:00,0.9991,0.99947,0.99889,0.99947,414.54686227,0.00053,-0.00053,0.000423099116427,10,4,High,96720.0,59.56469051,3175.32,404.18740084,0.2368608844713818,0.3460936207815813,DAI,0,1,-0.00053
2025-11-14 11:00:00,0.99905,0.99947,0.99905,0.99947,73.28331,0.00053,-0.00053,0.0004253078595145,11,4,High,96153.9,162.24961494,3140.75,1092.35643985,0.0488313349306704,0.181344304982083,DAI,2,1,-0.00068
2025-11-14 12:00:00,0.9992,0.99943,0.99917,0.99932,1926.58838208,0.00068,-0.00068,0.0004328896837108,12,4,High,95277.2,376.9797351,3125.05,13465.91412153,-0.0068694029911074,0.1824001506185912,DAI,2,1,-0.00051
2025-11-14 13:00:00,0.99913,0.99949,0.99854,0.99949,11035.85840264,0.00051,-0.00051,0.0004440614593865,13,4,High,95149.3,256.16785148,3118.65,4323.08713105,-0.0538127360018737,0.1983267745655495,DAI,2,1,-0.00097
2025-11-14 14:00:00,0.99949,0.99949,0.99889,0.99903,1603.12208361,0.00097,-0.00097,0.0004301634337232,14,4,High,96465.2,362.77711514,3197.06,4093.205699,-0.2273123224634013,0.0486435837804596,DAI,2,1,-0.0005399999999999
2025-11-14 15:00:00,0.999,0.99946,0.99814,0.99946,5065.800223,0.0005399999999999,-0.0005399999999999,0.0004383566148029,15,4,High,96695.8,158.39299999,3193.09,2166.25282042,-0.3580971376270521,-0.0758327249636073,DAI,2,1,-0.0008
2025-11-14 16:00:00,0.99925,0.99949,0.99821,0.9992,3580.18174012,0.0008,-0.0008,0.0004268130551663,16,4,High,96970.1,140.06879296,3230.0,1696.29447846,-0.5190285813044979,-0.2738717110586574,DAI,2,1,-0.0006599999999999
2025-11-14 17:00:00,0.99949,0.99949,0.99843,0.99934,5167.08899403,0.0006599999999999,-0.0006599999999999,0.0004342741320197,17,4,High,95770.0,110.69955223,3175.66,2109.09372576,-0.5560765779721579,-0.2969211902028214,DAI,2,1,-0.0003199999999999
2025-11-14 18:00:00,0.99927,1.00985,0.99855,0.99968,106650.97241252,0.0003199999999999,-0.0003199999999999,0.000444336135658,18,4,High,94960.0,207.43981135,3167.15,3902.14506457,-0.5970458127391327,-0.3016451572490943,DAI,2,1,-0.00038
2025-11-14 19:00:00,0.99965,1.00134,0.99948,0.99962,34384.59510195,0.00038,-0.00038,0.0004511555212452,19,4,High,95714.4,115.00856841,3206.12,968.52752723,-0.683105829899678,-0.2742688224693564,DAI,2,1,-0.0002999999999999
2025-11-14 20:00:00,0.99948,1.00142,0.99944,0.9997,22251.65693749,0.0002999999999999,-0.0002999999999999,0.0004199324911262,20,4,High,94267.1,160.93240733,3133.02,3750.44422204,-0.7545844290245587,-0.4453794304377286,DAI,2,1,-9.9999999999989e-05
2025-11-14 21:00:00,0.99945,0.9999,0.99882,0.9999,21095.03391443,9.9999999999989e-05,-9.9999999999989e-05,0.0004504578990788,21,4,High,95000.0,92.46810699,3165.6,1643.8486899,-0.7792395618260368,-0.4635925995674601,DAI,2,1,-0.0007899999999999
2025-11-14 22:00:00,1.00004,1.0001,0.99921,0.99921,5108.34957366,0.0007899999999999,-0.0007899999999999,0.000445638281864,22,4,High,95070.1,28.01004219,3154.48,1499.16191439,-0.7689168213313364,-0.4443685348257654,DAI,2,1,-0.00129
2025-11-14 23:00:00,0.99929,0.99976,0.99871,0.99871,47.75803,0.00129,-0.00129,0.0004493344514693,23,4,Medium,94517.3,78.67519298,3109.23,1723.09824774,-0.6654972784673828,-0.2945158393859624,DAI,2,1,-0.00111
2025-11-15 00:00:00,0.99927,0.99976,0.99889,0.99889,196.581668,0.00111,-0.00111,0.0004470839495809,0,5,Medium,95060.0,64.584962,3138.7,546.6346234,-0.6148831266930805,-0.2471313468663948,DAI,2,1,-0.00053
2025-11-15 01:00:00,0.99985,0.99988,0.99918,0.99947,866.15221477,0.00053,-0.00053,0.0004333790388402,1,5,High,95568.4,70.24923177,3171.1,313.9346656,-0.5786667770372693,-0.2144783684338894,DAI,2,1,-0.00053
2025-11-15 02:00:00,0.99947,0.99947,0.99947,0.99947,0.0,0.00053,-0.00053,0.0004155527138314,2,5,High,96315.5,62.73431874,3189.0,265.3843156,-0.5074690882766131,-0.1041488808298778,DAI,2,1,-0.00082
2025-11-15 03:00:00,0.99914,0.99918,0.99914,0.99918,19.70099,0.00082,-0.00082,0.0004055804125153,3,5,High,96309.9,70.84575539,3177.49,763.74527233,-0.4723618129196344,-0.0396714954952731,DAI,2,1,-0.00053
2025-11-15 04:00:00,0.99951,0.9999,0.99947,0.99947,992.04170497,0.00053,-0.00053,0.0003839759107047,4,5,High,96074.7,28.50261724,3169.9,2624.93919599,-0.3966451625816874,-0.0672605686417608,DAI,2,1,-0.00011
2025-11-15 05:00:00,0.99956,0.99989,0.99946,0.99989,1919.42073209,0.00011,-0.00011,0.0003517657323221,5,5,High,96263.1,25.45813143,3177.05,203.63987889,-0.2438191686199084,0.0131735182888342,DAI,2,1,-0.00011
2025-11-15 06:00:00,0.99989,0.99989,0.99989,0.99989,0.0,0.00011,-0.00011,0.0003695433923666,6,5,High,96029.9,299.02726863,3173.64,77.02748236,-0.2374194194971956,0.0235073334052054,DAI,2,1,-0.0004499999999999
2025-11-15 07:00:00,0.99914,1.00003,0.9936,0.99955,70071.48935243,0.0004499999999999,-0.0004499999999999,0.0003715771322601,7,5,High,96250.0,18.26167006,3174.2,117.81192598,-0.2413313856875865,0.0237890648334317,DAI,2,1,-0.00048
2025-11-15 08:00:00,0.99865,0.99952,0.99865,0.99952,37.27933446,0.00048,-0.00048,0.0003118153369367,8,5,High,95834.9,229.994576,3140.73,1022.42125424,-0.0366395252369916,0.2008998694994272,DAI,2,1,-0.00048
2025-11-15 09:00:00,0.99952,0.99952,0.99952,0.99952,0.0,0.00048,-0.00048,0.0002957669347834,9,5,High,95780.1,55.76464841,3150.43,158.86269898,0.0627438763539631,0.1798262222262054,DAI,2,1,-0.00048
2025-11-15 10:00:00,0.99952,0.99952,0.99952,0.99952,0.0,0.00048,-0.00048,0.0002961969086549,10,5,High,95900.0,23.56058605,3166.47,203.57724129,0.0610971455856015,0.1790722329940193,DAI,2,1,-0.00048
2025-11-15 11:00:00,0.99952,0.99952,0.99952,0.99952,0.0,0.00048,-0.00048,0.0002966109905435,11,5,High,95575.5,13.92764335,3149.94,174.45601305,0.0561227768291438,0.1782344574993163,DAI,2,1,-9.9999999999989e-05
2025-11-15 12:00:00,0.99989,0.9999,0.99989,0.9999,26.47485,9.9999999999989e-05,-9.9999999999989e-05,0.0003097799008288,12,5,High,95728.8,23.40359441,3159.92,177.92912428,0.0441071288003139,0.1382516350050166,DAI,2,1,-0.0013699999999999
2025-11-15 13:00:00,0.99891,0.99891,0.99863,0.99863,824.24333698,0.0013699999999999,-0.0013699999999999,0.0003532947921297,13,5,Medium,96287.7,33.68497778,3189.25,401.00989139,-0.0375307837006872,0.054610942768481,DAI,2,1,-0.00273
2025-11-15 14:00:00,0.99848,0.9999,0.99084,0.99727,26707.43052505,0.00273,-0.00273,0.0005610547455797,14,5,Medium,96196.7,25.66827415,3176.13,727.82162128,-0.1020724040356281,0.0181642700720837,DAI,2,1,-0.00155
2025-11-15 15:00:00,0.9988,0.9999,0.99845,0.99845,3818.23455609,0.00155,-0.00155,0.0005899392009953,15,5,Medium,96216.1,46.36802672,3183.72,135.01249509,-0.1620627416052009,-0.0332779833963243,DAI,2,1,-0.0010099999999999
2025-11-15 16:00:00,0.99833,0.99899,0.99794,0.99899,1000.0,0.0010099999999999,-0.0010099999999999,0.0005932285467651,16,5,Medium,96074.0,108.07368955,3182.63,438.13284332,-0.1723376085412979,-0.0323529055528399,DAI,2,1,-0.001
2025-11-15 17:00:00,0.99818,0.999,0.99726,0.999,849.14593,0.001,-0.001,0.0005963765892733,17,5,Medium,96166.6,49.47321365,3212.91,2000.54194098,-0.186217341365566,-0.0738230711527138,DAI,2,1,-0.00012
2025-11-15 18:00:00,0.9971,0.99989,0.9971,0.99988,3937.00907135,0.00012,-0.00012,0.0006034248569395,18,5,High,95985.1,14.71249365,3205.74,311.84828332,-0.1348510277911409,-0.0030198013503032,DAI,2,1,-0.00204
2025-11-15 19:00:00,0.99813,0.99887,0.99796,0.99796,1534.75741017,0.00204,-0.00204,0.000657606413939,19,5,Medium,95939.8,18.40616031,3196.62,479.15462629,-0.1479417443514792,-0.1399049372188853,DAI,2,1,-0.00109
2025-11-15 20:00:00,0.99703,0.9999,0.99702,0.99891,6605.63369876,0.00109,-0.00109,0.0006527461499186,20,5,Medium,95223.0,32.46879736,3169.77,1050.00380763,-0.0512820164178683,-0.0966926635139503,DAI,2,1,-0.0006199999999999
2025-11-15 21:00:00,0.99866,0.99938,0.99866,0.99938,494.61034356,0.0006199999999999,-0.0006199999999999,0.0006367916638824,21,5,High,95180.1,19.06100616,3155.53,786.04323032,0.010189220583822,-0.0973798963266159,DAI,2,1,-0.00075
2025-11-15 22:00:00,0.99936,0.99962,0.99863,0.99925,872.0,0.00075,-0.00075,0.0006369418556964,22,5,High,95551.6,20.7130343,3169.67,241.13261327,0.0115540891808885,-0.0968064302295212,DAI,2,1,-0.00075
2025-11-15 23:00:00,0.99925,0.99925,0.99925,0.99925,0.0,0.00075,-0.00075,0.0006292622779846,23,5,High,95537.9,15.53725811,3167.37,836.48454644,-0.1061685285240066,-0.2321446339671302,DAI,2,1,-0.00016
2025-11-16 00:00:00,0.99965,0.9999,0.9985,0.99984,2623.23443881,0.00016,-0.00016,0.0006388303113255,0,6,High,95380.1,23.5823026,3152.61,678.05372181,-0.2248881274175653,-0.333991134019296,DAI,2,1,-0.00016
2025-11-16 01:00:00,0.99984,0.99984,0.99984,0.99984,0.0,0.00016,-0.00016,0.0006490572873949,1,6,High,95240.1,32.55912434,3150.5,606.91728831,-0.2663409306391001,-0.3654076256663919,DAI,2,1,-0.00016
2025-11-16 02:00:00,0.99984,0.99984,0.99984,0.99984,0.0,0.00016,-0.00016,0.0006587492265496,2,6,High,95888.8,20.83022666,3199.17,366.25427387,-0.2860861629952279,-0.3080912992055087,DAI,2,1,-0.00016
2025-11-16 03:00:00,0.99984,0.99984,0.99984,0.99984,0.0,0.00016,-0.00016,0.0006685858697421,3,6,High,95766.5,8.55636689,3200.0,544.58079148,-0.2918611806951459,-0.240413690720766,DAI,2,1,-0.0012799999999999
2025-11-16 04:00:00,0.99867,0.99894,0.99718,0.99872,8532.78791001,0.0012799999999999,-0.0012799999999999,0.0006775788097924,4,6,Medium,95750.0,4.15125088,3191.96,462.81115753,-0.2911809999767184,-0.2626257423756195,DAI,2,1,-0.0012799999999999
2025-11-16 05:00:00,0.99872,0.99872,0.99872,0.99872,0.0,0.0012799999999999,-0.0012799999999999,0.0006727284645071,5,6,Medium,95865.1,17.31547659,3201.66,206.71513166,-0.3668817383003429,-0.3015718104175521,DAI,2,1,-0.00026
2025-11-16 06:00:00,0.99872,0.99974,0.99872,0.99974,814.9740026,0.00026,-0.00026,0.0006668680855161,6,6,High,95750.1,11.88466595,3198.77,494.37849336,-0.4101479416915425,-0.2544329516883943,DAI,2,1,-0.00026
2025-11-16 07:00:00,0.99974,0.99974,0.99974,0.99974,0.0,0.00026,-0.00026,0.0006721864335516,7,6,High,96000.0,4.37895255,3215.2,338.6760685,-0.4305803108703702,-0.1765099652749412,DAI,2,1,-0.00026
2025-11-16 08:00:00,0.99974,0.99974,0.99974,0.99974,0.0,0.00026,-0.00026,0.0006779603628714,8,6,High,96052.9,31.67936081,3215.97,607.83746067,-0.396091619849832,-0.0895416666179995,DAI,2,1,-0.0017
2025-11-16 09:00:00,0.99851,0.99851,0.9983,0.9983,360.761754,0.0017,-0.0017,0.0007004086540088,9,6,Medium,96486.0,46.02772186,3244.44,1340.8604067,-0.4576644126868172,-0.1898415147660599,DAI,2,1,-0.0014499999999999
2025-11-16 10:00:00,0.99816,0.99918,0.9981,0.99855,2867.78501,0.0014499999999999,-0.0014499999999999,0.0007076594407338,10,6,Medium,96375.2,37.74317594,3234.01,1463.83992899,-0.4904109929408782,-0.2262377160264285,DAI,2,1,-0.0014199999999999
2025-11-16 11:00:00,0.99878,0.99927,0.9976,0.99858,1327.8348,0.0014199999999999,-0.0014199999999999,0.0007114752992558,11,6,Medium,95550.0,45.24352963,3165.23,2493.54584294,-0.4428474621733049,-0.1637333020997393,DAI,2,1,-0.0002499999999999
2025-11-16 12:00:00,0.99849,0.99975,0.99823,0.99975,1953.70101,0.0002499999999999,-0.0002499999999999,0.0007047384909181,12,6,High,95643.0,151.36196343,3164.65,137.91648542,-0.4518277813312561,-0.1482856059340783,DAI,2,1,-0.00068
2025-11-16 13:00:00,0.99865,0.99932,0.99815,0.99932,849.39161,0.00068,-0.00068,0.0006991915621498,13,6,High,95396.0,40.09294773,3151.45,729.44935924,-0.4361333689444169,-0.1609271982315205,DAI,2,1,-0.00077
2025-11-16 14:00:00,0.99958,0.99958,0.99923,0.99923,56.00420176,0.00077,-0.00077,0.0005777310692765,14,6,High,95483.3,15.85261329,3170.55,1047.6892141,-0.37781940045308,-0.2592220576484671,DAI,2,1,-0.0012799999999999
2025-11-16 15:00:00,0.99841,0.99989,0.99811,0.99872,2521.54509469,0.0012799999999999,-0.0012799999999999,0.0005649623239985,15,6,Medium,94430.1,84.6222399,3103.03,2370.05414515,-0.1431854206044954,-0.1272545269112332,DAI,2,1,-0.00175
2025-11-16 16:00:00,0.99979,0.99979,0.99825,0.99825,517.35090178,0.00175,-0.00175,0.0005969000535389,16,6,Medium,94154.7,149.00242075,3060.66,5171.8477966,0.0933872712589353,0.1130279819176034,DAI,2,1,-0.0012799999999999
2025-11-16 17:00:00,0.99872,0.99872,0.99872,0.99872,13.45116155,0.0012799999999999,-0.0012799999999999,0.0006032987519129,17,6,Medium,94290.1,108.84804826,3077.81,2999.20450977,0.1692519922999712,0.1839178852477954,DAI,2,1,-0.0009
2025-11-16 18:00:00,0.99909,0.9991,0.99909,0.9991,2511.4016612,0.0009,-0.0009,0.000584067291886,18,6,High,93950.3,102.00184525,3058.06,2876.83913531,0.1242023719206072,0.1405986897857249,DAI,2,1,-0.0009
2025-11-16 19:00:00,0.9991,0.9991,0.9991,0.9991,24.28379999,0.0009,-0.0009,0.0005278255572083,19,6,High,93962.4,80.23801677,3089.17,1361.63765075,0.2092042823084294,0.2170158591706022,DAI,2,1,-0.0009
2025-11-16 20:00:00,0.99898,0.9991,0.99898,0.9991,377.80198,0.0009,-0.0009,0.00052494513171,20,6,High,94065.4,54.07154623,3087.42,741.42739791,0.2057920398148094,0.22304105126902,DAI,2,1,-0.0016899999999999
2025-11-16 21:00:00,0.9991,0.99982,0.99831,0.99831,5342.00316,0.0016899999999999,-0.0016899999999999,0.0005530152853211,21,6,Medium,93402.9,89.13679644,3070.86,757.18700146,0.3239464981364924,0.3042768880964818,DAI,2,1,-0.0008799999999999
2025-11-16 22:00:00,0.99906,0.99927,0.9982,0.99912,1757.84264404,0.0008799999999999,-0.0008799999999999,0.0005526084390943,22,6,High,94110.3,146.36706632,3088.79,1100.09457371,0.3134207999723963,0.2966393818502726,DAI,2,1,-0.00043
2025-11-16 23:00:00,0.99897,1.0005,0.99867,0.99957,22928.29056072,0.00043,-0.00043,0.0005591368866143,23,6,High,94190.1,63.48070681,3093.51,1309.03783914,0.2648877875414845,0.2540411201496456,DAI,2,1,-0.0014999999999999
2025-11-17 00:00:00,0.99851,0.99851,0.9985,0.9985,542.31754269,0.0014999999999999,-0.0014999999999999,0.0005547345624571,0,0,Medium,95230.0,128.86649787,3133.38,728.18643509,0.2464711192931545,0.2651828764109134,DAI,0,1,-0.00036
2025-11-17 01:00:00,0.99964,0.99964,0.99964,0.99964,98.30690469,0.00036,-0.00036,0.000544543419971,1,0,High,94742.2,78.09923455,3112.95,478.35171645,0.2242870078437622,0.2403534522569182,DAI,2,1,-0.0005699999999999
2025-11-17 02:00:00,0.9997,0.9997,0.99934,0.99943,153.29225439,0.0005699999999999,-0.0005699999999999,0.0005261672668986,2,0,High,94912.0,19.08411647,3147.31,643.25285339,0.1742253752286179,0.197465816620515,DAI,2,1,-0.00034
2025-11-17 03:00:00,0.99966,0.99966,0.99966,0.99966,5.98724716,0.00034,-0.00034,0.0005159666248634,3,0,High,95399.9,60.68879082,3173.43,333.70671698,0.1468369950518912,0.1671422679155745,DAI,2,1,-0.00034
2025-11-17 04:00:00,0.99966,0.99966,0.99966,0.99966,0.0,0.00034,-0.00034,0.0005240877166892,4,0,High,95042.5,20.13612701,3182.22,264.84925589,0.1720093632157857,0.2225491948385875,DAI,2,1,-0.00034
2025-11-17 05:00:00,0.99966,0.99966,0.99966,0.99966,0.0,0.00034,-0.00034,0.0005290679184383,5,0,High,95090.1,68.80835477,3182.06,608.99357574,0.21214254976071,0.2874108465596478,DAI,0,1,-0.0008799999999999
2025-11-17 06:00:00,0.99917,0.99917,0.99912,0.99912,33.13799001,0.0008799999999999,-0.0008799999999999,0.0005136864139588,6,0,High,95205.3,43.99612942,3193.23,373.71320243,0.1744871969367636,0.2454554494029311,DAI,0,1,-0.0008799999999999
2025-11-17 07:00:00,0.99912,0.99912,0.99912,0.99912,0.0,0.0008799999999999,-0.0008799999999999,0.000496429096476,7,0,High,95620.1,51.53309025,3195.93,385.76566739,0.1149152990913397,0.1869129009029699,DAI,2,1,-0.00058
2025-11-17 08:00:00,0.99942,0.99942,0.99942,0.99942,6.10735,0.00058,-0.00058,0.000482416734576,8,0,High,95543.8,26.68202953,3188.41,256.9689269,0.0624135516927591,0.1423861126353063,DAI,2,1,-0.00058
2025-11-17 09:00:00,0.99942,0.99942,0.99942,0.99942,0.0,0.00058,-0.00058,0.0004571507140584,9,0,High,95603.5,53.67959885,3192.54,750.47214728,0.261164646991184,0.3476305520212102,DAI,0,1,-0.00017
2025-11-17 10:00:00,0.99967,0.99983,0.99967,0.99983,998.16968884,0.00017,-0.00017,0.0004615425852213,10,0,High,95570.1,98.63796499,3194.23,259.23461247,0.4669612982618157,0.5500646035725391,DAI,0,1,-0.0009299999999999
2025-11-17 11:00:00,0.99908,0.99908,0.99907,0.99907,3960.2737,0.0009299999999999,-0.0009299999999999,0.0004443453089939,11,0,High,95479.9,31.56041265,3201.21,243.31201465,0.5367645024713217,0.5730554073516998,DAI,0,1,-0.00031
2025-11-17 12:00:00,0.99918,0.99969,0.99862,0.99969,19417.66590756,0.00031,-0.00031,0.0004412794310112,12,0,High,95226.7,39.80103922,3182.14,268.3701948,0.5161288968193348,0.584638682990095,DAI,0,1,-0.0001499999999999
2025-11-17 13:00:00,0.99972,0.99985,0.999,0.99985,2580.6943624,0.0001499999999999,-0.0001499999999999,0.0004604768715983,13,0,High,93810.0,126.38591722,3117.54,1032.79094073,0.3839908722625541,0.5319627985779652,DAI,0,1,-0.0002199999999999
2025-11-17 14:00:00,0.99909,0.99978,0.99909,0.99978,552.8753094,0.0002199999999999,-0.0002199999999999,0.0004744485739013,14,0,High,94671.5,219.7048028,3149.44,1871.06921316,0.3759064856365784,0.5331765490059851,DAI,0,1,0.00018
2025-11-17 15:00:00,0.99965,1.00056,0.99879,1.00018,10734.30437253,0.00018,0.00018,0.0004974711411061,15,0,High,93826.3,151.83140691,3116.28,1397.29537889,0.2241572600064831,0.4467380344508869,DAI,0,1,-0.0004399999999999
2025-11-17 16:00:00,0.99969,0.99969,0.9977,0.99956,211729.39572367,0.0004399999999999,-0.0004399999999999,0.0004459802345022,16,0,High,94210.1,136.12550937,3131.66,1922.57400459,0.1498003419388484,0.3502324252052456,DAI,0,1,-0.0002199999999999
2025-11-17 17:00:00,0.9984,0.99978,0.99833,0.99978,6344.40916582,0.0002199999999999,-0.0002199999999999,0.0004322487122903,17,0,High,92690.1,160.39561584,3055.63,1467.83773377,0.0018477865077496,0.1977900001055101,DAI,2,1,-0.00077
2025-11-17 18:00:00,0.99879,0.99992,0.99825,0.99923,27088.4359269,0.00077,-0.00077,0.000429090713697,18,0,High,92460.1,320.22756826,3023.2,4297.33603309,0.0210865766288622,0.1795103844635159,DAI,2,1,-0.0001799999999999
2025-11-17 19:00:00,0.99975,0.99986,0.998,0.99982,14025.57132525,0.0001799999999999,-0.0001799999999999,0.0004317574466698,19,0,High,91549.8,313.58105774,2978.68,6388.29802098,-0.1082278072875426,0.0245996378897749,DAI,2,1,0.00076
2025-11-17 20:00:00,0.99938,1.00076,0.99854,1.00076,46237.61597299,0.00076,0.00076,0.000502387776784,20,0,High,91860.0,406.75973152,3003.1,4838.67242007,-0.3290928804710183,-0.2199705315697558,DAI,2,1,-0.0006899999999999
2025-11-17 21:00:00,0.99982,0.99989,0.99931,0.99931,691.67794916,0.0006899999999999,-0.0006899999999999,0.0004358092589034,21,0,High,91830.3,331.85344394,3004.64,2798.14764851,-0.3988569634423811,-0.3010178619136003,DAI,2,1,-0.0001499999999999
2025-11-17 22:00:00,1.0001,1.00018,0.99934,0.99985,1083.25114,0.0001499999999999,-0.0001499999999999,0.0004299896780033,22,0,High,92149.1,118.76734789,3019.63,1620.9820787,-0.4332054276244097,-0.3571985468445526,DAI,2,1,-0.00016
2025-11-17 23:00:00,0.99952,0.99984,0.99936,0.99984,1010.53651168,0.00016,-0.00016,0.0004332477618977,23,0,High,92101.3,108.50332231,3025.5,1731.88006185,-0.4469306160558184,-0.3762313862874862,DAI,2,1,-0.0004399999999999
2025-11-18 00:00:00,0.99956,0.99993,0.99951,0.99956,1885.68429811,0.0004399999999999,-0.0004399999999999,0.000366024470554,0,1,High,92054.4,97.23569877,3030.48,718.44153114,-0.4051595534989821,-0.4006716118305493,DAI,2,1,-0.0007599999999999
2025-11-18 01:00:00,0.99966,0.99966,0.99924,0.99924,3136.19611866,0.0007599999999999,-0.0007599999999999,0.0003747888294327,1,1,High,91655.6,111.45380304,3015.05,720.36663407,-0.3133436853188028,-0.3218033852764129,DAI,2,1,-0.00078
2025-11-18 02:00:00,0.99959,0.99959,0.99922,0.99922,361.692397,0.00078,-0.00078,0.0003817634046138,2,1,High,90740.1,156.96728171,2983.74,1397.98695233,-0.1912685725239277,-0.2246922735588506,DAI,2,1,-0.00133
2025-11-18 03:00:00,0.99899,1.00036,0.99798,0.99867,5098.87849846,0.00133,-0.00133,0.0004268964508064,3,1,Medium,90743.9,366.07281439,3022.0,6483.96338927,-0.0168549354033307,-0.1162318055111103,DAI,2,1,-4.999999999999449e-05
2025-11-18 04:00:00,0.99944,1.00005,0.99911,0.99995,4335.72523855,4.999999999999449e-05,-4.999999999999449e-05,0.0004336546328366,4,1,High,90002.1,254.85391243,3002.72,1426.99505398,-0.0927747352686957,-0.1643625240454508,DAI,2,1,-0.00097
2025-11-18 05:00:00,0.9993,0.99938,0.99878,0.99903,2090.86951087,0.00097,-0.00097,0.000447475203751,5,1,High,90125.4,63.71141259,3008.62,589.22953674,-0.0113776549939624,-0.1207689358416598,DAI,2,1,-0.00097
2025-11-18 06:00:00,0.99903,0.99903,0.99903,0.99903,0.0,0.00097,-0.00097,0.0004516296979374,6,1,High,89538.6,59.91737524,2986.25,964.9354465,0.1221425692631903,-0.007087453020526,DAI,2,1,-0.0005699999999999
2025-11-18 07:00:00,0.99865,0.99958,0.99835,0.99943,4566.23140586,0.0005699999999999,-0.0005699999999999,0.0004431376924769,7,1,High,90380.0,76.7037386,3021.77,1281.91737561,0.2032146846858679,0.0671046242633402,DAI,2,1,-0.0005699999999999
2025-11-18 08:00:00,0.99943,0.99943,0.99943,0.99943,0.0,0.0005699999999999,-0.0005699999999999,0.0004430017420725,8,1,High,91126.8,80.7241705,3057.32,2358.26624127,0.2435291798061744,0.0953228375948652,DAI,2,1,-0.00087
2025-11-18 09:00:00,0.9993,0.99985,0.99904,0.99913,3136.40078,0.00087,-0.00087,0.0004509763964399,9,1,High,91329.3,166.45936108,3057.2,661.1465406,0.3021100897744658,0.1276886430052675,DAI,2,1,-0.0007599999999999
2025-11-18 10:00:00,0.9992,0.99924,0.9992,0.99924,20.96244271,0.0007599999999999,-0.0007599999999999,0.000451225183991,10,1,High,91485.9,167.52407766,3062.72,669.62662501,0.282535115060133,0.0755420638724251,DAI,2,1,-0.00155
2025-11-18 11:00:00,0.99927,0.99927,0.99845,0.99845,2001.02089733,0.00155,-0.00155,0.0004942302974906,11,1,Medium,91410.1,46.78971984,3052.27,247.94876278,0.4148295863778433,0.181959215323845,DAI,2,1,-0.0005399999999999
2025-11-18 12:00:00,0.99898,0.99946,0.99843,0.99946,1159.1611283,0.0005399999999999,-0.0005399999999999,0.0004926385628677,12,1,High,91339.2,99.45387643,3046.38,878.70961365,0.427297835391383,0.1637128584438831,DAI,2,1,-0.00014
2025-11-18 13:00:00,0.9992,0.99986,0.9992,0.99986,2429.20054473,0.00014,-0.00014,0.000492958937939,13,1,High,91390.0,100.18505169,3045.25,456.55194626,0.3895887134790897,0.1227967857575753,DAI,2,1,-0.0014499999999999
2025-11-18 14:00:00,1.00023,1.00024,0.9984,0.99855,14907.30117891,0.0014499999999999,-0.0014499999999999,0.0005246441167845,14,1,Medium,91307.6,162.68902336,3054.79,1394.9042839,0.3728929818279229,0.0177137483591926,DAI,2,1,-0.0010599999999999
2025-11-18 15:00:00,0.99869,1.00002,0.99869,0.99894,17160.79006322,0.0010599999999999,-0.0010599999999999,0.0005095259234505,15,1,Medium,92873.7,278.14022303,3105.12,7167.21408,0.2097232041943924,-0.2104452197145587,DAI,2,1,-0.0008099999999999
2025-11-18 16:00:00,0.99926,0.99982,0.99861,0.99919,1838.26999713,0.0008099999999999,-0.0008099999999999,0.0005097297877534,16,1,High,93439.9,282.14555928,3150.13,3988.25332207,0.149339457964819,-0.2858559479612813,DAI,2,1,-0.0006099999999999
2025-11-18 17:00:00,0.99959,0.99973,0.99919,0.99939,1594.50298032,0.0006099999999999,-0.0006099999999999,0.0005023791223868,17,1,High,93186.3,75.653698,3133.74,2256.60199229,0.1055627417572352,-0.2692696161928635,DAI,2,1,0.0002599999999999
2025-11-18 18:00:00,0.9991,1.0003,0.99888,1.00026,8120.28286189,0.0002599999999999,0.0002599999999999,0.0005340125317437,18,1,High,93278.5,62.24836881,3159.23,1739.01715052,0.2302648757986104,-0.0534257920184639,DAI,2,1,-0.00017
2025-11-18 19:00:00,1.00004,1.00531,0.99964,0.99983,137962.16635357,0.00017,-0.00017,0.0005343579379016,19,1,High,93139.8,76.67760043,3143.41,2739.39458804,0.2711360161164985,0.0581553488690838,DAI,2,1,0.00119
2025-11-18 20:00:00,0.99987,1.0464,0.99967,1.00119,972363.0723435,0.00119,0.00119,0.0005865693368714,20,1,Medium,92785.1,61.82516001,3120.47,2578.53344755,0.359916888204877,0.3146014816737263,DAI,0,1,0.0008999999999999
2025-11-18 21:00:00,1.0007,1.0009,1.00014,1.0009,1675.21233398,0.0008999999999999,0.0008999999999999,0.0006590638947723,21,1,High,92440.0,43.9727423,3097.06,2092.42560544,0.3864721394865358,0.3467924299028136,DAI,0,1,0.0001199999999998
2025-11-18 22:00:00,0.99989,1.00076,0.99988,1.00012,4643.59188596,0.0001199999999998,0.0001199999999998,0.0006678115622013,22,1,High,93100.0,56.72258891,3123.0,719.88228607,0.4112075309428133,0.4021057911019339,DAI,0,1,0.0001599999999999
2025-11-18 23:00:00,0.99981,1.04144,0.9991,1.00016,2201712.96215539,0.0001599999999999,0.0001599999999999,0.0006780886126958,23,1,High,92966.1,42.27094917,3122.0,224.16154047,0.43372356990884,0.4509975721122268,DAI,0,1,0.00025
2025-11-19 00:00:00,1.00095,1.00096,1.00025,1.00025,24540.9175078,0.00025,0.00025,0.0006947421584067,0,2,High,92384.5,60.12574706,3099.1,869.90098924,0.4452993666576978,0.46929244762701,DAI,0,1,-0.00012
2025-11-19 01:00:00,1.00051,1.00079,0.99918,0.99988,21438.91070522,0.00012,-0.00012,0.0006950758482234,1,2,High,92378.1,28.28497525,3102.49,215.08031011,0.4512573933857677,0.4683199526520872,DAI,0,1,-0.00019
2025-11-19 02:00:00,0.99969,0.99981,0.9995,0.99981,277.57187,0.00019,-0.00019,0.0006927731240819,2,2,High,92517.1,39.10103426,3112.68,195.90411415,0.4455872765302207,0.4675330981610633,DAI,0,1,-0.00019
2025-11-19 03:00:00,0.99981,0.99981,0.99981,0.99981,0.0,0.00019,-0.00019,0.0006655267881895,3,2,High,92450.0,0.44402261,3112.92,6.30606564,0.4157442258748736,0.4320697776496625,DAI,0,1,-0.00056
2025-11-19 04:00:00,0.99944,0.99944,0.99944,0.99944,24.871923,0.00056,-0.00056,0.0006632391965836,4,2,High,91417.6,163.13604941,3065.0,2164.66065942,0.4890462709584464,0.5020449227206301,DAI,0,1,-0.0005399999999999
2025-11-19 05:00:00,0.99945,1.0007,0.99944,0.99946,544.4696134,0.0005399999999999,-0.0005399999999999,0.000652445649911,5,2,High,90350.0,301.17253046,3014.79,2039.43106658,0.4517151432751024,0.4658538788198719,DAI,2,1,-0.0003699999999999
2025-11-19 06:00:00,0.99981,1.00036,0.99963,0.99963,602.70424145,0.0003699999999999,-0.0003699999999999,0.0006396759539702,6,2,High,90924.4,120.54526916,3040.0,759.92116352,0.4045275568483803,0.4205925349958897,DAI,2,1,0.00045
2025-11-19 07:00:00,0.99956,1.00045,0.99948,1.00045,3431.81052222,0.00045,0.00045,0.0006574543297088,7,2,High,91852.2,97.1747273,3082.85,997.90058793,0.3782174237529425,0.3982153435897284,DAI,2,1,-0.00099
2025-11-19 08:00:00,1.00011,1.00011,0.99874,0.99901,13471.75372512,0.00099,-0.00099,0.000670449638222,8,2,High,91418.0,47.06875854,3077.63,222.99562923,0.3926059136234854,0.3957098328077264,DAI,2,1,-0.00034
2025-11-19 09:00:00,0.99938,0.99972,0.99924,0.99966,9880.15017124,0.00034,-0.00034,0.0006600653239526,9,2,High,91385.8,153.09666828,3083.77,306.44293356,0.3673054031973626,0.3758220490725865,DAI,2,1,-0.0004499999999999
2025-11-19 10:00:00,0.99956,0.99956,0.99955,0.99955,27.87102,0.0004499999999999,-0.0004499999999999,0.000653554245778,10,2,High,91259.9,53.75542346,3088.88,723.106736,0.354993051782959,0.3609194760802886,DAI,2,1,-0.00039
2025-11-19 11:00:00,0.99953,0.99961,0.99852,0.99961,21999.46344234,0.00039,-0.00039,0.0005960046627095,11,2,High,91366.0,23.22726969,3080.97,699.45016138,0.3202423571361796,0.3034077420341169,DAI,2,1,-0.00039
2025-11-19 12:00:00,0.99961,0.99961,0.99961,0.99961,0.0,0.00039,-0.00039,0.000593425330761,12,2,High,91701.0,72.14709999,3097.75,507.77181641,0.3107871111732286,0.2849283199247292,DAI,2,1,-0.0004199999999999
2025-11-19 13:00:00,0.99958,0.99958,0.99958,0.99958,24.01032444,0.0004199999999999,-0.0004199999999999,0.0005943989778995,13,2,High,91315.4,51.70055082,3065.22,369.63429546,0.3279870285607767,0.3154952552857141,DAI,2,1,-0.0002499999999999
2025-11-19 14:00:00,0.99973,0.99991,0.99973,0.99975,13072.72229041,0.0002499999999999,-0.0002499999999999,0.0005356074703729,14,2,High,91669.7,67.41475709,3059.18,1207.68866529,0.2729912754742149,0.2315877717201158,DAI,2,1,-0.00031
2025-11-19 15:00:00,0.99963,1.00003,0.99957,0.99969,6394.67524641,0.00031,-0.00031,0.000503453112248,15,2,High,89881.5,297.83167018,2971.18,5986.47503746,0.3496950580954574,0.2504162056121656,DAI,2,1,-0.0009099999999999
2025-11-19 16:00:00,0.99969,1.0,0.99909,0.99909,4355.60750282,0.0009099999999999,-0.0009099999999999,0.0005094695664421,16,2,High,89846.9,275.80371931,2948.15,2608.76131839,0.5445936288666153,0.4590501141002842,DAI,0,1,0.00021
2025-11-19 17:00:00,0.99895,1.00057,0.99894,1.00021,51737.38485025,0.00021,0.00021,0.0005055473070944,17,2,High,89444.8,348.22329421,2920.77,3489.01494848,0.4960246520227398,0.3491872035870647,DAI,2,1,-0.0004699999999999
2025-11-19 18:00:00,0.99974,1.00001,0.99953,0.99953,5114.28470753,0.0004699999999999,-0.0004699999999999,0.0005032006255615,18,2,High,89135.3,299.07687215,2895.57,4364.56333507,0.480363346400572,0.337402792719135,DAI,2,1,-0.00014
2025-11-19 19:00:00,0.99896,0.99986,0.99895,0.99986,7395.75351268,0.00014,-0.00014,0.0005032054857311,19,2,High,88777.9,507.09761092,2878.16,7939.37525556,0.4478531687182265,0.300032843263247,DAI,2,1,-0.00038
2025-11-19 20:00:00,0.99964,0.99964,0.99962,0.99962,1000.0,0.00038,-0.00038,0.0004148825571561,20,2,High,89477.1,293.47439132,2943.68,5206.27295062,0.3919349626665636,0.2471018507519967,DAI,2,1,-0.0003199999999999
2025-11-19 21:00:00,0.99978,1.00083,0.99968,0.99968,32979.34628893,0.0003199999999999,-0.0003199999999999,0.0003393375900201,21,2,High,90508.7,218.76457796,2988.74,7117.63735707,0.3423171712123334,0.2039371431571894,DAI,2,1,0.00032
2025-11-19 22:00:00,1.00003,1.00072,0.9997,1.00032,27228.03668907,0.00032,0.00032,0.0003516287155848,22,2,High,90373.2,91.95419055,2981.64,1670.43284259,0.2210511808917655,0.0906697096513447,DAI,2,1,-0.0004399999999999
2025-11-19 23:00:00,1.00078,1.00078,0.99945,0.99956,8052.81872708,0.0004399999999999,-0.0004399999999999,0.0003413390086721,23,2,High,91427.7,173.40160508,3022.4,2332.8707115,0.1346169052450042,0.0307467757738699,DAI,2,1,-0.0001799999999999
2025-11-20 00:00:00,0.9998,1.00045,0.99962,0.99982,954.85413895,0.0001799999999999,-0.0001799999999999,0.0003225776504664,0,3,High,91800.1,161.92481793,3016.46,1241.01705039,0.0599525112291919,-0.0426738806948137,DAI,2,1,-0.0003699999999999
2025-11-20 01:00:00,0.99959,0.99964,0.99958,0.99963,895.77604,0.0003699999999999,-0.0003699999999999,0.0003203021671198,1,3,High,92448.9,56.47027267,3041.94,520.15703959,0.0143810706414774,-0.0747511635835156,DAI,2,1,-0.00058
2025-11-20 02:00:00,0.99956,0.99956,0.99942,0.99942,4264.21352,0.00058,-0.00058,0.0003234301550848,2,3,High,92510.6,78.75594932,3041.31,529.82542436,-0.0621937238818413,-0.1105080249442955,DAI,2,1,-0.00038
2025-11-20 03:00:00,0.9998,1.00053,0.99962,0.99962,2774.90907,0.00038,-0.00038,0.0003220810951995,3,3,High,92396.4,110.00376383,3037.03,240.88938675,-0.0983879448183305,-0.1462031066240979,DAI,2,1,-0.00053
2025-11-20 04:00:00,0.99928,0.99948,0.99928,0.99947,236.04197,0.00053,-0.00053,0.0003212540531534,4,3,High,92872.5,66.68808197,3051.02,611.77898454,-0.1239673773737349,-0.1388502224000261,DAI,2,1,-0.00021
2025-11-20 05:00:00,0.99979,0.99979,0.99979,0.99979,49.51584,0.00021,-0.00021,0.0003193970769347,5,3,High,92532.7,33.21126953,3032.56,1148.89608163,-0.1168237908200507,-0.1372621415418781,DAI,2,1,-0.0004699999999999
2025-11-20 06:00:00,0.99964,0.99965,0.99953,0.99953,542.51853149,0.0004699999999999,-0.0004699999999999,0.0003206368210535,6,3,High,91864.9,35.02704794,3018.1,747.50689708,-0.1284850941503278,-0.1351412359231773,DAI,2,1,1.0000000000065512e-05
2025-11-20 07:00:00,0.99978,1.00002,0.99978,1.00001,4252.758,1.0000000000065512e-05,1.0000000000065512e-05,0.0002846037163551,7,3,High,92255.1,19.56408681,3037.01,386.59549415,-0.1649475281420897,-0.2664425715782403,DAI,2,1,0.00031
2025-11-20 08:00:00,1.00031,1.00031,1.00031,1.00031,25.0,0.00031,0.00031,0.0002810229760076,8,3,High,92000.1,28.20566584,3028.13,158.63119571,-0.0759139880794517,-0.1475413488839039,DAI,2,1,-9.9999999999989e-05
2025-11-20 09:00:00,0.99991,0.99991,0.9999,0.9999,204.0,9.9999999999989e-05,-9.9999999999989e-05,0.0002836102653455,9,3,High,91795.0,29.00177979,3008.63,500.78975374,-0.0589142645685185,-0.1432369332895937,DAI,2,1,-0.00036
2025-11-20 10:00:00,0.99947,1.00001,0.99947,0.99964,5929.51511,0.00036,-0.00036,0.0002819237100024,10,3,High,91705.0,70.97593227,3011.8,497.3644682,-0.0627501864440438,-0.1144668968241046,DAI,2,1,-0.0004999999999999
2025-11-20 11:00:00,0.99962,0.99982,0.9995,0.9995,1417.95964,0.0004999999999999,-0.0004999999999999,0.0002846495429814,11,3,High,91873.0,59.32539572,3021.15,307.04559284,-0.0774696703860847,-0.1045236184665016,DAI,2,1,-0.0012199999999999
2025-11-20 12:00:00,0.99981,0.99983,0.99878,0.99878,1635.38308841,0.0012199999999999,-0.0012199999999999,0.0003424144344625,12,3,Medium,91767.8,51.0535725,3025.24,1193.34632813,-0.1108401887346853,-0.1222496048199926,DAI,2,1,-9.9999999999989e-05
2025-11-20 13:00:00,0.99919,0.9999,0.99919,0.9999,23563.87230129,9.9999999999989e-05,-9.9999999999989e-05,0.0003445914930786,13,3,High,91471.9,42.21391454,2996.47,2555.91421147,-0.104123322069623,-0.1104880521604429,DAI,2,1,0.00011
2025-11-20 14:00:00,1.00003,1.00011,1.00003,1.00011,36.81253389,0.00011,0.00011,0.0003548665293091,14,3,High,91008.6,217.50347847,2998.14,1558.67625176,-0.1125886926054967,-0.1185496210714333,DAI,2,1,0.0003599999999999
2025-11-20 15:00:00,1.0001,1.00036,0.99995,1.00036,10327.69332294,0.0003599999999999,0.0003599999999999,0.0003789334766298,15,3,High,89755.2,273.87030723,2952.94,1486.8052537,-0.1958429880356563,-0.177301983429355,DAI,2,1,-9.00000000000345e-05
2025-11-20 16:00:00,1.00007,1.00007,0.9999,0.99991,73810.50838525,9.00000000000345e-05,-9.00000000000345e-05,0.0003543395571195,16,3,High,87769.5,845.5303591,2860.71,6276.59270526,-0.3092719966649195,-0.2815983387369526,DAI,2,1,-0.0003499999999999
2025-11-20 17:00:00,0.9999,0.99991,0.99965,0.99965,3878.27049917,0.0003499999999999,-0.0003499999999999,0.0003423406219686,17,3,High,87151.5,1228.49613057,2830.97,5359.30472019,-0.1886138689773784,-0.156778532587994,DAI,2,1,-0.00029
2025-11-20 18:00:00,0.99984,0.99986,0.99951,0.99971,2591.80175607,0.00029,-0.00029,0.0003393461317033,18,3,High,86438.3,422.84618947,2813.3,3215.21598155,-0.1826463838568718,-0.1659205226652111,DAI,2,1,-0.0010299999999999
2025-11-20 19:00:00,0.99971,1.00005,0.99897,0.99897,14668.7259914,0.0010299999999999,-0.0010299999999999,0.0003741248241679,19,3,Medium,86801.0,289.3332926,2844.33,3551.5093585,0.0489077037877235,0.0487899946464585,DAI,2,1,-0.0003499999999999
2025-11-20 20:00:00,0.99977,1.00052,0.99954,0.99965,68233.34446,0.0003499999999999,-0.0003499999999999,0.0003738363588377,20,3,High,86300.0,613.04328449,2833.15,4876.94593384,0.0540806469284181,0.0545890381283965,DAI,2,1,-0.00026
2025-11-20 21:00:00,0.99973,0.99974,0.9991,0.99974,2642.33878,0.00026,-0.00026,0.0003737694786751,21,3,High,87199.9,118.93714018,2876.27,3532.85988199,0.0474166168203469,0.0505094125604387,DAI,2,1,-0.00077
2025-11-20 22:00:00,0.99943,0.99943,0.99923,0.99923,4205.534277,0.00077,-0.00077,0.0003638917560837,22,3,High,87975.8,91.58242122,2883.01,912.35187484,0.1132825584907617,0.1022524472520664,DAI,2,1,-0.0001499999999999
2025-11-20 23:00:00,0.99936,0.99985,0.99936,0.99985,2730.74015639,0.0001499999999999,-0.0001499999999999,0.0003647065526776,23,3,High,86503.0,208.53458259,2830.0,1722.22743799,0.0817502363692353,0.0752768945094109,DAI,2,1,-0.0004199999999999
2025-11-21 00:00:00,0.99991,0.99992,0.99948,0.99958,3994.56434766,0.0004199999999999,-0.0004199999999999,0.0003642055081608,0,4,High,87120.6,157.55718893,2857.76,689.87975451,0.0840909084651794,0.0771924593692797,DAI,2,1,-0.00014
2025-11-21 01:00:00,0.99967,1.00126,0.99966,0.99986,78191.66866545,0.00014,-0.00014,0.0003659232417343,1,4,High,86993.2,76.49935634,2858.81,370.00140622,0.0643541713882552,0.0609332048768747,DAI,2,1,-0.0003199999999999
2025-11-21 02:00:00,0.99967,0.99968,0.99967,0.99968,7.66832,0.0003199999999999,-0.0003199999999999,0.0003614942319192,2,4,High,85399.9,218.22921927,2783.63,2587.56130238,0.1009027982803007,0.0968933795429791,DAI,2,1,-0.00029
2025-11-21 03:00:00,0.99966,0.99971,0.99948,0.99971,1573.122,0.00029,-0.00029,0.000361117428411,3,4,High,85777.0,139.22815095,2806.55,684.99259143,0.1088930757846497,0.1049356668503303,DAI,2,1,-0.00012
2025-11-21 04:00:00,0.99984,1.00024,0.99984,0.99988,1601.8,0.00012,-0.00012,0.0003593752126663,4,4,High,85942.4,91.12064909,2816.1,704.93832233,0.127605642800251,0.1235777669317776,DAI,2,1,-0.0009299999999999
2025-11-21 05:00:00,0.99981,0.99981,0.9932,0.99907,154937.98642178,0.0009299999999999,-0.0009299999999999,0.0003824783312997,5,4,High,86047.9,64.60081554,2806.44,368.20183629,0.186661258286109,0.1880691813813515,DAI,2,1,-0.0006699999999999
2025-11-21 06:00:00,0.99937,0.99937,0.99933,0.99933,967.90819001,0.0006699999999999,-0.0006699999999999,0.0003882231447836,6,4,High,85500.0,63.12583191,2787.62,1304.83919434,0.2550473538373637,0.2570604056321811,DAI,2,1,-0.0002799999999999
2025-11-21 07:00:00,0.99934,0.99992,0.99934,0.99972,2059.24225,0.0002799999999999,-0.0002799999999999,0.0003819818646589,7,4,High,83929.4,993.21189358,2717.57,9394.52167984,0.1887156052922033,0.1863889970119768,DAI,2,1,-0.0003999999999999
2025-11-21 08:00:00,1.00018,1.00056,0.9995,0.9996,20992.8378892,0.0003999999999999,-0.0003999999999999,0.000356788970634,8,4,High,83549.6,427.58236543,2735.23,1530.00184711,0.0854180851231831,0.0828751535648886,DAI,2,1,-0.00019
2025-11-21 09:00:00,0.99963,0.99981,0.99944,0.99981,1754.00867793,0.00019,-0.00019,0.0003543886346212,9,4,High,82099.1,511.4833352,2678.42,2472.75303924,-0.011193498886572,-0.008134399454374,DAI,2,1,-0.00039
2025-11-21 10:00:00,0.9996,0.99981,0.9996,0.99961,1640.36220661,0.00039,-0.00039,0.0003544231381702,10,4,High,82624.9,342.58637953,2694.35,1507.55907402,-0.0073357138063985,-0.0043781444333215,DAI,2,1,-0.00016
2025-11-21 11:00:00,0.99981,0.99984,0.99947,0.99984,6174.71154156,0.00016,-0.00016,0.0003556375679129,11,4,High,82214.4,142.88148827,2684.84,1148.16886024,-0.0159743397751531,-0.0110517089981901,DAI,2,1,-0.0005199999999999
2025-11-21 12:00:00,0.99955,0.99981,0.99948,0.99948,1163.05696512,0.0005199999999999,-0.0005199999999999,0.0003067002383968,12,4,High,83167.3,574.26435058,2722.89,3140.40591326,0.2858584467957973,0.3006417058261446,DAI,2,1,-0.0004899999999999
2025-11-21 13:00:00,0.99959,0.99962,0.99945,0.99951,4939.26566,0.0004899999999999,-0.0004899999999999,0.0003047010889773,13,4,High,84055.9,261.22530148,2738.7,1767.04521912,0.2581894505844678,0.2760011388302545,DAI,2,1,-0.00016
2025-11-21 14:00:00,0.99951,0.99984,0.9994,0.99984,10422.363941,0.00016,-0.00016,0.0002921208678785,14,4,High,84800.1,429.58234297,2768.78,2736.13634661,0.113049096903546,0.1299405909250153,DAI,2,1,-0.00055
2025-11-21 15:00:00,0.99983,0.99984,0.99943,0.99945,6155.70541708,0.00055,-0.00055,0.0002522363740754,15,4,High,82836.6,449.589762,2701.64,2410.29682775,-0.1067321657843444,-0.1009179203850809,DAI,2,1,-0.0008099999999999
2025-11-21 16:00:00,0.99945,0.99983,0.99919,0.99919,16100.59946311,0.0008099999999999,-0.0008099999999999,0.0002579630352148,16,4,High,84814.7,267.39941873,2759.74,3446.05699923,-0.1649021304399349,-0.1338265164072655,DAI,2,1,-0.00051
2025-11-21 17:00:00,0.99919,0.99981,0.99919,0.99949,10525.3729451,0.00051,-0.00051,0.0002581876634664,17,4,High,84820.0,377.87895488,2777.4,2558.0498676,-0.1801613307482413,-0.1430921142314992,DAI,2,1,-0.0012299999999999
2025-11-21 18:00:00,0.99953,0.99953,0.99877,0.99877,8185.46747561,0.0012299999999999,-0.0012299999999999,0.0003040439994874,18,4,Medium,84517.2,470.72789306,2778.33,2090.69941463,-0.1351336216138091,-0.1275031009177722,DAI,2,1,-0.0004499999999999
2025-11-21 19:00:00,0.99914,0.99955,0.99914,0.99955,1387.66496654,0.0004499999999999,-0.0004499999999999,0.0002791446562832,19,4,High,84165.1,126.70543496,2750.2,2247.39087953,-0.0524304570561551,-0.0450872666668167,DAI,2,1,-0.0004499999999999
2025-11-21 20:00:00,0.99955,0.99955,0.99955,0.99955,0.0,0.0004499999999999,-0.0004499999999999,0.0002784884146648,20,4,High,84525.5,131.71980806,2734.83,867.04234586,-0.0653362194539222,-0.0587514471302068,DAI,2,1,-0.0005399999999999
2025-11-21 21:00:00,0.99946,0.99946,0.99946,0.99946,392.90981,0.0005399999999999,-0.0005399999999999,0.0002762940567551,21,4,High,85127.6,139.03568413,2765.22,975.54117964,-0.1173280822325983,-0.11866052221734,DAI,2,1,-0.0001999999999999
2025-11-21 22:00:00,0.99977,0.9998,0.99808,0.9998,2093.89832628,0.0001999999999999,-0.0001999999999999,0.0002725879063122,22,4,High,84241.1,51.94612882,2720.9,352.53277557,-0.0236472265334038,-0.0451140551095506,DAI,2,1,-0.00048
2025-11-21 23:00:00,0.99948,0.99952,0.99948,0.99952,25.56194283,0.00048,-0.00048,0.0002659832728769,23,4,High,85069.4,100.66798693,2765.39,327.09238567,-0.0941328087165089,-0.1161720971712262,DAI,2,1,-0.0001999999999999
2025-11-22 00:00:00,0.99977,0.9998,0.99977,0.9998,95.36303,0.0001999999999999,-0.0001999999999999,0.000270662097486,0,5,High,84687.5,154.38729577,2764.58,389.59891412,-0.1024131804458358,-0.1273097215119746,DAI,2,1,-0.0004699999999999
2025-11-22 01:00:00,0.99979,0.99979,0.99948,0.99953,1061.69062,0.0004699999999999,-0.0004699999999999,0.0002632155533727,1,5,High,85042.3,110.01096545,2772.66,376.53171406,-0.2325140592858247,-0.2890916724411784,DAI,2,1,-0.0001999999999999
2025-11-22 02:00:00,0.99953,0.9998,0.99953,0.9998,110.8481,0.0001999999999999,-0.0001999999999999,0.0002669144003281,2,5,High,84426.4,31.079987,2751.07,212.11694659,-0.2506002787109402,-0.3072871324812071,DAI,2,1,-0.0001999999999999
2025-11-22 03:00:00,0.99956,0.9998,0.99956,0.9998,483.36374636,0.0001999999999999,-0.0001999999999999,0.0002698093798412,3,5,High,84404.4,52.5032618,2751.0,143.04999787,-0.2883132494193404,-0.357530337716089,DAI,2,1,-0.00087
2025-11-22 04:00:00,0.99956,0.99956,0.99884,0.99913,3147.10580968,0.00087,-0.00087,0.0002743288912616,4,5,High,84176.5,222.1216545,2745.35,267.62248851,-0.3869593493625551,-0.4955991914811331,DAI,2,1,-0.00114
2025-11-22 05:00:00,0.99891,0.9994,0.99886,0.99886,584.83513,0.00114,-0.00114,0.0002923022061348,5,5,Medium,84236.5,53.18327917,2741.56,136.7010316,-0.2653544351098659,-0.361089290359867,DAI,2,1,-0.00055
2025-11-22 06:00:00,0.9992,0.99945,0.99892,0.99945,514.61930395,0.00055,-0.00055,0.0002899575181298,6,5,High,84600.1,87.98630605,2764.04,143.02565463,-0.24075008127187,-0.3417354811195566,DAI,2,1,-0.0005399999999999
2025-11-22 07:00:00,0.99921,0.99946,0.99921,0.99946,5135.05282,0.0005399999999999,-0.0005399999999999,0.0002871335093211,7,5,High,84525.4,11.76232613,2755.0,180.69487676,-0.2403907481138366,-0.3271099970692278,DAI,2,1,-0.0005399999999999
2025-11-22 08:00:00,0.99946,0.99946,0.99946,0.99946,0.0,0.0005399999999999,-0.0005399999999999,0.0002867003687658,8,5,High,83961.6,97.2679517,2729.42,345.98393959,-0.2325217604856654,-0.3197841858250248,DAI,2,1,-0.0008
2025-11-22 09:00:00,0.99921,0.99921,0.9992,0.9992,1100.0,0.0008,-0.0008,0.0002856771132673,9,5,High,83840.6,102.94548054,2723.28,249.08358848,-0.1190507983648407,-0.2034462706805202,DAI,2,1,-0.0007899999999999
2025-11-22 10:00:00,0.99945,0.99946,0.99921,0.99921,108.38719,0.0007899999999999,-0.0007899999999999,0.0002894819836223,10,5,High,83689.5,194.63238323,2711.41,278.08816946,-0.0521270518189137,-0.115862442049079,DAI,2,1,-0.0007899999999999
2025-11-22 11:00:00,0.99921,0.99921,0.99921,0.99921,0.0,0.0007899999999999,-0.0007899999999999,0.0002824376293877,11,5,High,84046.8,37.70666031,2733.38,304.42078836,0.1685051183250842,0.0556109665571616,DAI,2,1,-0.0001999999999999
2025-11-22 12:00:00,0.99946,0.9998,0.99946,0.9998,2394.74272028,0.0001999999999999,-0.0001999999999999,0.000291885425211,12,5,High,83844.6,84.57057877,2719.67,210.78157152,0.1387189383514208,-0.0077076470980313,DAI,2,1,-0.0004899999999999
2025-11-22 13:00:00,0.99951,0.99951,0.99951,0.99951,9.00473827,0.0004899999999999,-0.0004899999999999,0.000291885425211,13,5,High,83912.8,59.63210582,2717.27,70.76953966,0.1351808083343867,-0.0157925383761739,DAI,2,1,-0.0005199999999999
2025-11-22 14:00:00,0.99949,0.99949,0.99948,0.99948,987.12871,0.0005199999999999,-0.0005199999999999,0.0002800724543962,14,5,High,84431.0,27.10287427,2743.8,236.65972249,0.0890618439191573,-0.0833291597333075,DAI,2,1,-0.0001999999999999
2025-11-22 15:00:00,0.99955,0.9998,0.99943,0.9998,232.65362379,0.0001999999999999,-0.0001999999999999,0.000289742201758,15,5,High,84242.5,27.16176399,2737.59,604.27259342,0.0971878422680878,-0.1082050115605236,DAI,2,1,-0.0004499999999999
2025-11-22 16:00:00,0.99955,0.99984,0.99955,0.99955,2181.941972,0.0004499999999999,-0.0004499999999999,0.0002849074983394,16,5,High,84677.8,38.47180939,2753.45,630.27898441,0.1542506522488402,-0.0775761088274231,DAI,2,1,-0.0004499999999999
2025-11-22 17:00:00,0.99955,0.99955,0.99955,0.99955,0.0,0.0004499999999999,-0.0004499999999999,0.0002853877987116,17,5,High,84564.9,46.31106426,2749.53,341.83647311,0.1595887669670717,-0.0853994844236882,DAI,2,1,-0.0011499999999999
2025-11-22 18:00:00,0.99951,0.99951,0.99885,0.99885,2492.14694999,0.0011499999999999,-0.0011499999999999,0.0002772219196869,18,5,Medium,84580.1,24.22275164,2751.11,178.22808802,0.1527277949108474,0.0843423526970697,DAI,2,1,-0.0003999999999999
2025-11-22 19:00:00,0.99959,1.0003,0.99959,0.9996,16240.41866944,0.0003999999999999,-0.0003999999999999,0.0002780196531498,19,5,High,84555.8,41.06891539,2750.06,178.85565823,0.1681443824837528,0.0868578168931545,DAI,2,1,-0.0002199999999999
2025-11-22 20:00:00,0.99978,0.99978,0.99978,0.99978,45.0,0.0002199999999999,-0.0002199999999999,0.000284632677096,20,5,High,84413.6,21.04063132,2739.4,546.95558952,0.1636883388192313,0.0788563753687995,DAI,2,1,-0.00104
2025-11-22 21:00:00,0.99977,0.9998,0.9967,0.99896,32182.23131948,0.00104,-0.00104,0.0003040806410037,21,5,Medium,84363.1,17.42245305,2745.0,92.98532733,0.1733074627211334,0.0727166579528086,DAI,2,1,-0.00102
2025-11-22 22:00:00,0.99913,0.99914,0.99898,0.99898,133.99343648,0.00102,-0.00102,0.0003105578781058,22,5,Medium,85046.2,39.94301245,2788.09,608.60272544,0.0603341640028643,-0.0271296815454414,DAI,2,1,-0.00141
2025-11-22 23:00:00,0.99888,0.9998,0.99859,0.99859,5000.68953594,0.00141,-0.00141,0.0003537009299219,23,5,Medium,84679.9,17.39289258,2767.09,235.39060551,-0.0534229956029628,-0.1546912303782432,DAI,2,1,-0.0013199999999999
2025-11-23 00:00:00,0.99875,0.99922,0.99837,0.99868,1647.82667227,0.0013199999999999,-0.0013199999999999,0.0003707297933965,0,6,Medium,84878.9,29.11239065,2771.19,219.13095401,-0.2020349548526044,-0.3037505292949818,DAI,2,1,-0.00134
2025-11-23 01:00:00,0.9986,0.99866,0.9986,0.99866,26.45385,0.00134,-0.00134,0.0003935179037623,1,6,Medium,85802.9,135.9809156,2804.33,358.87958225,-0.4166572538374294,-0.4718328837408373,DAI,2,1,-0.00024
2025-11-23 02:00:00,0.99925,0.99976,0.99924,0.99976,597.98772357,0.00024,-0.00024,0.0003914185924231,2,6,High,85971.2,233.12026406,2818.75,1138.19068915,-0.2013491930577312,-0.261229568999263,DAI,2,1,-0.0003699999999999
2025-11-23 03:00:00,0.99932,0.99983,0.99932,0.99963,1653.00370136,0.0003699999999999,-0.0003699999999999,0.0003835380675723,3,6,High,86248.8,27.63381573,2822.66,375.22687877,-0.0648508019621442,-0.1415973101989716,DAI,2,1,-0.0001999999999999
2025-11-23 04:00:00,0.99966,0.9998,0.99961,0.9998,589.08774596,0.0001999999999999,-0.0001999999999999,0.0003949662891525,4,6,High,86532.5,67.59448009,2826.01,999.56637197,0.0696722069452541,-0.0146596077176146,DAI,2,1,-0.0001999999999999
2025-11-23 05:00:00,0.9998,0.9998,0.9998,0.9998,0.0,0.0001999999999999,-0.0001999999999999,0.0003933245055526,5,6,High,86295.8,23.60940972,2823.4,216.86857187,0.1316247152326848,0.0521274611424838,DAI,2,1,-0.0004999999999999
2025-11-23 06:00:00,1.00007,1.00068,0.99869,0.9995,712.84857327,0.0004999999999999,-0.0004999999999999,0.0003939239608834,6,6,High,85861.0,45.53100447,2809.6,239.68064383,0.1473324420030117,0.0686284742374223,DAI,2,1,-0.0001999999999999
2025-11-23 07:00:00,0.99979,0.9998,0.99979,0.9998,495.14914,0.0001999999999999,-0.0001999999999999,0.0004033950126531,7,6,High,85735.5,30.37767875,2792.37,206.97244937,0.1916866647975194,0.1041225447483696,DAI,2,1,-0.0003999999999999
2025-11-23 08:00:00,0.9996,0.9996,0.99959,0.9996,1789.1298985,0.0003999999999999,-0.0003999999999999,0.0004055833158408,8,6,High,86104.0,23.4697092,2809.91,120.57870008,0.2270930130708293,0.137243562371484,DAI,2,1,-0.00014
2025-11-23 09:00:00,0.99979,0.99986,0.99976,0.99986,323.36857287,0.00014,-0.00014,0.0004145925186531,9,6,High,86354.5,37.68466965,2814.95,180.83305156,0.2648032911472776,0.1671391430117928,DAI,2,1,-0.00012
2025-11-23 10:00:00,0.99989,0.99989,0.99988,0.99988,29.99401478,0.00012,-0.00012,0.0004226672981541,10,6,High,86048.2,56.21843937,2807.01,151.05642536,0.282001855128709,0.1763521031107856,DAI,2,1,-0.001
2025-11-23 11:00:00,0.99977,0.99977,0.999,0.999,33.18712694,0.001,-0.001,0.0004298120586936,11,6,Medium,86241.3,146.54376871,2813.5,99.56730802,0.195376537392643,0.1018394910353474,DAI,2,1,-9.00000000000345e-05
2025-11-23 12:00:00,1.00024,1.0004,0.99991,0.99991,353.83694527,9.00000000000345e-05,-9.00000000000345e-05,0.0004344442977269,12,6,High,86491.6,142.09779789,2833.88,491.53235906,0.3229855740315338,0.2353211319351276,DAI,2,1,-9.00000000000345e-05
2025-11-23 13:00:00,0.99991,0.99991,0.99991,0.99991,0.0,9.00000000000345e-05,-9.00000000000345e-05,0.0004448446643083,13,6,High,86882.1,27.33561145,2842.12,267.02577945,0.4033898801840355,0.3215767840587328,DAI,2,1,-0.00019
2025-11-23 14:00:00,0.9998,0.99981,0.9998,0.99981,361.93738,0.00019,-0.00019,0.0004506991348407,14,6,High,86536.7,69.77932343,2812.86,983.77962738,0.4412515116917517,0.3521346926754179,DAI,2,1,0.0004299999999999
2025-11-23 15:00:00,1.00004,1.00048,1.00004,1.00043,127.00944321,0.0004299999999999,0.0004299999999999,0.0004876383118558,15,6,High,87049.2,36.21037167,2835.47,368.80513768,0.5895014884854566,0.4903053809548957,DAI,2,1,0.0002999999999999
2025-11-23 16:00:00,1.0003,1.0003,1.0003,1.0003,1000.70969,0.0002999999999999,0.0002999999999999,0.0005145759475512,16,6,High,86684.6,62.35034819,2798.72,706.45484226,0.6392242529311772,0.492535363680803,DAI,2,1,-0.00046
2025-11-23 17:00:00,0.99983,0.99983,0.99954,0.99954,2854.68513924,0.00046,-0.00046,0.0005145602808319,17,6,High,86699.5,31.46645933,2790.84,528.03126222,0.6562046737479748,0.5217598930288354,DAI,2,1,-0.00065
2025-11-23 18:00:00,0.99952,0.99954,0.99935,0.99935,1524.95861748,0.00065,-0.00065,0.000495768872927,18,6,High,86962.5,28.79592509,2807.42,381.11607779,0.5775716793814588,0.4666273052876308,DAI,2,1,-0.00046
2025-11-23 19:00:00,0.99952,0.99954,0.99938,0.99954,1659.53725,0.00046,-0.00046,0.0004956416935719,19,6,High,87300.0,79.38761281,2821.18,555.37500024,0.5915647417103427,0.5093772678729847,DAI,2,1,-0.00046
2025-11-23 20:00:00,0.99954,0.99954,0.99954,0.99954,0.0,0.00046,-0.00046,0.0004931000354173,20,6,High,87472.4,236.10385354,2826.92,426.68890127,0.6602762791048995,0.650937621761278,DAI,2,1,-0.00046
2025-11-23 21:00:00,0.99954,0.99954,0.99954,0.99954,1772.0,0.00046,-0.00046,0.0004776874774242,21,6,High,87958.9,116.81511379,2841.85,819.88775696,0.5670304224497895,0.6049928756814228,DAI,2,1,-0.00046
2025-11-23 22:00:00,0.99954,0.99954,0.99954,0.99954,23.01125995,0.00046,-0.00046,0.0004615943934439,22,6,High,87967.8,54.27026732,2836.65,1173.56103745,0.4741337911915089,0.554441952040742,DAI,2,1,-0.0004399999999999
2025-11-23 23:00:00,0.99983,0.99983,0.99956,0.99956,26.13431,0.0004399999999999,-0.0004399999999999,0.0004106013617387,23,6,High,86777.4,334.85691253,2801.0,784.09712589,0.3267529781047252,0.4210628812347477,DAI,2,1,-0.0001299999999999
2025-11-24 00:00:00,0.99987,0.99987,0.99987,0.99987,163.23353982,0.0001299999999999,-0.0001299999999999,0.0003606513330887,0,0,High,86703.7,304.3680897,2787.29,734.19536166,0.1135078010973078,0.1516162557755227,DAI,2,1,-0.0004399999999999
2025-11-24 01:00:00,0.99944,0.99956,0.99944,0.99956,669.4413,0.0004399999999999,-0.0004399999999999,0.0002908829013871,1,0,High,87007.6,115.21077647,2804.99,192.69641653,-0.0821770133124198,0.0897795170901573,DAI,2,1,-0.00021
2025-11-24 02:00:00,0.9998,1.00027,0.99979,0.99979,5503.93101312,0.00021,-0.00021,0.0002911732887106,2,0,High,87450.0,69.89351194,2837.62,1197.35383922,-0.0577833379377778,0.1007517443053555,DAI,2,1,-0.0007399999999999
2025-11-24 03:00:00,0.99932,0.99932,0.99926,0.99926,55.38281951,0.0007399999999999,-0.0007399999999999,0.0003051012542795,3,0,High,87433.6,43.65687985,2856.34,288.12121913,-0.1343992853569007,-0.0455289714899458,DAI,2,1,-0.0004399999999999
2025-11-24 04:00:00,0.99914,0.99956,0.99913,0.99956,582.57599727,0.0004399999999999,-0.0004399999999999,0.000305457307438,4,0,High,86699.3,60.89788213,2823.85,233.12195231,-0.1260053205751248,-0.0584576267145716,DAI,2,1,-0.00021
2025-11-24 05:00:00,0.99956,0.99979,0.99956,0.99979,256.0,0.00021,-0.00021,0.0003053009918962,5,0,High,87435.8,56.64894467,2865.39,623.99264777,-0.0959133722248314,-0.021648340814164,DAI,2,1,-0.0003999999999999
2025-11-24 06:00:00,0.9996,0.9996,0.9996,0.9996,75.10515,0.0003999999999999,-0.0003999999999999,0.0003033424907053,6,0,High,86869.4,26.02005904,2837.21,236.21538438,-0.1491818317486692,-0.0454518918636985,DAI,2,1,-0.0008599999999999
2025-11-24 07:00:00,0.9996,0.99971,0.99907,0.99914,8576.69744736,0.0008599999999999,-0.0008599999999999,0.0003221890704262,7,0,High,86997.2,22.30559512,2828.68,202.31563568,-0.1313972761375474,-0.0457978327857083,DAI,2,1,-0.00026
2025-11-24 08:00:00,0.99974,0.99974,0.99974,0.99974,23.59281539,0.00026,-0.00026,0.0003222913885463,8,0,High,86932.5,44.51782274,2839.14,158.21219043,-0.154367489594202,-0.0429862173192122,DAI,2,1,-0.0003999999999999
2025-11-24 09:00:00,0.99979,0.99979,0.9996,0.9996,184.24094921,0.0003999999999999,-0.0003999999999999,0.0003199003468031,9,0,High,85915.8,75.16806258,2796.37,388.04317145,-0.0990718150064711,-0.0203690311414889,DAI,2,1,-0.0003199999999999
2025-11-24 10:00:00,0.99968,0.99968,0.99967,0.99968,24.10449999,0.0003199999999999,-0.0003199999999999,0.0003164156136799,10,0,High,86040.9,51.84208461,2798.81,1307.03650126,-0.0532295868488663,-0.001446965433255,DAI,2,1,-0.00029
2025-11-24 11:00:00,0.99951,0.99971,0.99951,0.99971,32.85912121,0.00029,-0.00029,0.0002847726654985,11,0,High,86217.2,25.35819649,2802.73,138.16497097,-0.2035795066441644,-0.0491992509971445,DAI,2,1,-0.00055
2025-11-24 12:00:00,0.99947,0.99947,0.99945,0.99945,2500.0,0.00055,-0.00055,0.0002839521162952,12,0,High,85973.5,32.7467035,2802.28,749.61682776,-0.1066178476337787,-0.0409476861975858,DAI,2,1,-0.0003699999999999
2025-11-24 13:00:00,0.99974,0.9998,0.99963,0.99963,1951.27343,0.0003699999999999,-0.0003699999999999,0.0002788872168294,13,0,High,86090.7,40.22600666,2813.87,730.99945975,-0.0976648102061243,-0.0832955001993377,DAI,2,1,-0.0003999999999999
2025-11-24 14:00:00,0.99978,0.9998,0.9996,0.9996,258.91777525,0.0003999999999999,-0.0003999999999999,0.0002768403505829,14,0,High,86042.0,161.48038587,2828.33,935.59631895,-0.0708622424245165,-0.0779067559705558,DAI,2,1,-0.00038
2025-11-24 15:00:00,0.99962,0.99962,0.99962,0.99962,33.03132502,0.00038,-0.00038,0.0002195841755358,15,0,High,86562.6,90.91959122,2844.29,2335.03227012,-0.1416713396310178,-0.2096138603097356,DAI,2,1,1.0000000000065512e-05
2025-11-24 16:00:00,0.99985,1.00001,0.99943,1.00001,10358.14243003,1.0000000000065512e-05,1.0000000000065512e-05,0.0001848912723996,16,0,High,87212.2,161.73328623,2858.58,1250.29115771,-0.0637378024325073,0.0893371149597478,DAI,2,1,-0.0006099999999999
2025-11-24 17:00:00,0.99961,0.99961,0.99939,0.99939,494930.0552032,0.0006099999999999,-0.0006099999999999,0.0001892275487826,17,0,High,88343.4,219.80749411,2940.13,3333.34766329,-0.1574769222347659,-0.1154455914039969,DAI,2,1,-0.0006099999999999
2025-11-24 18:00:00,0.99939,0.99961,0.99879,0.99939,90347.967343,0.0006099999999999,-0.0006099999999999,0.0001872217742531,18,0,High,88698.4,266.19806569,2955.52,2718.89522478,-0.2443439937805136,-0.2643277034518148,DAI,2,1,-0.0003999999999999
2025-11-24 19:00:00,0.9996,0.9996,0.9996,0.9996,6.60817609,0.0003999999999999,-0.0003999999999999,0.0001869545205511,19,0,High,88310.2,115.11812085,2958.0,1145.87846953,-0.2235960124273456,-0.2237787431896663,DAI,2,1,-0.00051
2025-11-24 20:00:00,0.99943,0.99949,0.99943,0.99949,10.1683,0.00051,-0.00051,0.0001878173642657,20,0,High,89137.6,91.65819351,2974.33,813.4135692,-0.2443995681081374,-0.2522817423145247,DAI,2,1,-0.0001999999999999
2025-11-24 21:00:00,0.99957,0.99981,0.99956,0.9998,1991.86012,0.0001999999999999,-0.0001999999999999,0.0001923519570037,21,0,High,88783.3,89.31651029,2958.56,1504.85647717,-0.1360578582351332,-0.1432192731840934,DAI,2,1,0.0
2025-11-24 22:00:00,0.99962,1.0,0.99881,1.0,24874.82944404,0.0,0.0,0.0002084448976663,22,0,High,88646.6,47.81944977,2960.96,456.5911718,0.0122596462087923,0.0095964205647694,DAI,2,1,0.0001599999999999
2025-11-24 23:00:00,1.00015,1.00016,1.00015,1.00016,247.48525,0.0001599999999999,0.0001599999999999,0.0002353843603602,23,0,High,88275.0,53.03642049,2951.88,672.22636066,0.107810920998201,0.1345474658206525,DAI,2,1,-0.0001999999999999
2025-11-25 00:00:00,1.00015,1.00016,0.99955,0.9998,1831.97844719,0.0001999999999999,-0.0001999999999999,0.0002328739006929,0,1,High,88072.5,64.17305441,2942.79,1033.21139345,0.155075650216301,0.2237024513463542,DAI,2,1,0.00015
2025-11-25 01:00:00,0.99964,1.00015,0.99964,1.00015,69.99820719,0.00015,0.00015,0.0002541824062615,1,1,High,87741.6,46.35012312,2919.01,900.85791172,0.1727224683446534,0.2530183549069986,DAI,2,1,0.00015
2025-11-25 02:00:00,1.00015,1.00015,1.00015,1.00015,0.0,0.00015,0.00015,0.0002718855257845,2,1,High,87886.3,44.79667168,2929.29,847.56773497,0.1992073260541375,0.3091106014167969,DAI,2,1,5.000000000010552e-05
2025-11-25 03:00:00,1.0001,1.00975,0.99998,1.00005,183256.22180134,5.000000000010552e-05,5.000000000010552e-05,0.0002665965714046,3,1,High,87735.1,17.17082195,2911.31,416.38719952,0.2295203959511182,0.3168984843328304,DAI,2,1,-9.9999999999989e-05
2025-11-25 04:00:00,0.99998,1.00197,0.99962,0.9999,173466.40786686,9.9999999999989e-05,-9.9999999999989e-05,0.0002671504895346,4,1,High,88339.0,54.89028356,2938.16,638.2916176,0.2363985237766431,0.3180553595132722,DAI,2,1,-0.0004499999999999
2025-11-25 05:00:00,0.99984,0.99984,0.99955,0.99955,580.99113353,0.0004499999999999,-0.0004499999999999,0.0002691771546404,5,1,High,88075.1,40.64997579,2929.94,194.36325158,0.2159796576155235,0.2985587103277515,DAI,2,1,-0.0004499999999999
2025-11-25 06:00:00,0.99955,0.99955,0.99955,0.99955,0.0,0.0004499999999999,-0.0004499999999999,0.0002703138272786,6,1,High,87991.2,29.93710668,2923.9,88.95674768,0.1915617895744394,0.2703813048528056,DAI,2,1,-0.0004499999999999
2025-11-25 07:00:00,0.99955,0.99955,0.99955,0.99955,0.0,0.0004499999999999,-0.0004499999999999,0.000244077307189,7,1,High,87396.6,115.60330355,2902.94,327.16502927,0.1654369063513712,0.1938369804353554,DAI,2,1,-0.00039
2025-11-25 08:00:00,0.99961,0.99961,0.99961,0.99961,22.78782,0.00039,-0.00039,0.0002453332545696,8,1,High,87000.2,159.41247728,2871.57,992.79244448,0.1764558460761703,0.2057300089272006,DAI,2,1,-0.00039
2025-11-25 09:00:00,0.99961,0.99961,0.99961,0.99961,0.0,0.00039,-0.00039,0.0002451171710363,9,1,High,87195.7,95.70952501,2891.17,258.0757522,0.1565067979174477,0.182226893006758,DAI,2,1,-0.00039
2025-11-25 10:00:00,0.99961,0.99961,0.99961,0.99961,0.0,0.00039,-0.00039,0.00024611620915,10,1,High,87400.0,33.24547123,2898.37,334.9895178,0.1558923626210568,0.1815941913010587,DAI,2,1,-0.00039
2025-11-25 11:00:00,0.99961,0.99961,0.99961,0.99961,0.0,0.00039,-0.00039,0.0002472105246118,11,1,High,87336.0,47.31986228,2890.75,179.20522154,0.1670923227350326,0.198810172949664,DAI,2,1,-0.0001299999999999
2025-11-25 12:00:00,0.99977,0.99987,0.99977,0.99987,465.08139999,0.0001299999999999,-0.0001299999999999,0.0002420788588737,12,1,High,87506.9,26.15134279,2926.2,4256.0962581,0.0728092456015967,0.1131131833175485,DAI,2,1,-2.999999999997449e-05
2025-11-25 13:00:00,0.99997,0.99997,0.99997,0.99997,100.00300009,2.999999999997449e-05,-2.999999999997449e-05,0.0002454395642733,13,1,High,87040.3,62.79753375,2905.51,924.50208454,-0.0063023935270558,0.0636206050467998,DAI,2,1,-2.999999999997449e-05
2025-11-25 14:00:00,0.99997,0.99997,0.99997,0.99997,0.0,2.999999999997449e-05,-2.999999999997449e-05,0.0002471134076338,14,1,High,86747.0,133.64762905,2880.75,1769.10800942,-0.1355668313234987,-0.0427438384902736,DAI,2,1,-0.0004199999999999
2025-11-25 15:00:00,0.99962,0.99983,0.99958,0.99958,2820.74171002,0.0004199999999999,-0.0004199999999999,0.0002482806820958,15,1,High,86934.8,99.66976188,2893.88,1449.13282655,-0.1453153485133916,-0.0819193578417604,DAI,2,1,-0.0003999999999999
2025-11-25 16:00:00,0.9988,0.99973,0.99879,0.9996,1677.99853841,0.0003999999999999,-0.0003999999999999,0.0002448010135445,16,1,High,87094.1,94.74856975,2929.11,613.10016688,-0.0741838173386018,0.0044596766853058,DAI,2,1,-0.0002799999999999
2025-11-25 17:00:00,0.99972,1.00057,0.99943,0.99972,11170.98501368,0.0002799999999999,-0.0002799999999999,0.0002327711913806,17,1,High,87601.1,151.66265636,2936.3,1200.39458097,-0.0208262497801863,0.040427579815792,DAI,2,1,-0.0002699999999999
2025-11-25 18:00:00,0.99971,0.99973,0.99971,0.99973,2376.88183,0.0002699999999999,-0.0002699999999999,0.0002190853020303,18,1,High,87200.1,86.51926353,2922.9,817.54513092,0.0953901626545931,0.1326839824670331,DAI,2,1,-0.0008
2025-11-25 19:00:00,0.99957,0.99957,0.9992,0.9992,14208.40646,0.0008,-0.0008,0.000246567376218,19,1,High,86861.5,83.18457258,2921.18,1162.1064784,0.24087093014926,0.1664862631474729,DAI,2,1,-0.00121
2025-11-25 20:00:00,0.99912,0.99912,0.99879,0.99879,3096.56874103,0.00121,-0.00121,0.000312444487824,20,1,Medium,87394.7,44.24954004,2929.41,932.62631529,0.3663332569631223,0.1748812746832042,DAI,2,1,-0.0009
2025-11-25 21:00:00,0.99911,0.99919,0.99884,0.9991,318.07509691,0.0009,-0.0009,0.0003373465834894,21,1,High,87000.0,31.118504,2931.41,687.19490874,0.4300808392087344,0.1079801750335329,DAI,2,1,-7.00000000000145e-05
2025-11-25 22:00:00,0.99971,0.99993,0.99971,0.99993,4654.40079,7.00000000000145e-05,-7.00000000000145e-05,0.0003349453773345,22,1,High,87636.1,36.19217462,2969.15,1012.00211706,0.3991950549652073,0.0992325301791217,DAI,2,1,-0.0001299999999999
2025-11-25 23:00:00,0.99988,0.99988,0.99987,0.99987,85.25824,0.0001299999999999,-0.0001299999999999,0.0003225686647505,23,1,High,87326.3,47.22555257,2959.04,1098.0420548,0.3178890714508837,0.0534662884559324,DAI,2,1,-0.0004199999999999
2025-11-26 00:00:00,0.99973,0.99973,0.99958,0.99958,17.50472,0.0004199999999999,-0.0004199999999999,0.000322321459399,0,2,High,87532.5,20.13846148,2953.36,458.07654591,0.3057461169188556,0.0173117017215059,DAI,2,1,-0.0004199999999999
2025-11-26 01:00:00,0.99958,0.99958,0.99958,0.99958,0.0,0.0004199999999999,-0.0004199999999999,0.0003065752856931,1,2,High,87883.0,66.87989946,2968.34,985.31118781,0.2497293339649643,-0.0016820613511168,DAI,2,1,0.0
2025-11-26 02:00:00,0.99973,1.00001,0.99973,1.0,287997.27440567,0.0,0.0,0.0002974014877708,2,2,High,87673.9,22.56732793,2955.67,258.59468514,0.2105409772994019,0.0422020557941963,DAI,2,1,0.0002200000000001
2025-11-26 03:00:00,1.00001,1.00022,1.0,1.00022,521671.677429,0.0002200000000001,0.0002200000000001,0.0003092053864589,3,2,High,87089.2,52.91306958,2926.16,640.35988833,0.0951953507506535,0.0745985048217089,DAI,2,1,-0.0002199999999999
2025-11-26 04:00:00,1.0,1.0,0.99955,0.99978,1991.49175151,0.0002199999999999,-0.0002199999999999,0.0003060110351342,4,2,High,87202.5,45.48029837,2931.22,579.51384541,0.0045706504638603,0.0613997529668794,DAI,2,1,-0.00043
2025-11-26 05:00:00,0.99987,0.99988,0.99957,0.99957,2242.17245495,0.00043,-0.00043,0.0003057563679181,5,2,High,87464.8,22.78724169,2942.58,123.72741979,0.0336192651963352,0.0562863563249931,DAI,2,1,-0.00043
2025-11-26 06:00:00,0.99957,0.99957,0.99957,0.99957,0.0,0.00043,-0.00043,0.0003054991164401,6,2,High,87769.4,22.58232795,2946.4,482.87332195,0.0506668517110061,0.0461562523450552,DAI,2,1,-0.0006399999999999
2025-11-26 07:00:00,0.99937,0.99937,0.99936,0.99936,409.5783172,0.0006399999999999,-0.0006399999999999,0.0003106441997548,7,2,High,87900.0,34.93342523,2941.87,170.38859101,-0.02331870873581,0.0100932310507436,DAI,2,1,-0.00048
2025-11-26 08:00:00,0.99952,0.99952,0.99952,0.99952,24.1428,0.00048,-0.00048,0.0003116005897571,8,2,High,87394.8,12.77570048,2912.55,310.02153118,-0.0316797540867527,0.0110632215712514,DAI,2,1,-0.00048
2025-11-26 09:00:00,0.99952,0.99952,0.99952,0.99952,0.0,0.00048,-0.00048,0.0003125071013698,9,2,High,86788.7,31.22970455,2904.44,302.59654249,-0.0047879637670051,0.02137705827645,DAI,2,1,-0.0005199999999999
2025-11-26 10:00:00,0.99979,0.99979,0.99948,0.99948,63.10785211,0.0005199999999999,-0.0005199999999999,0.0003140894361703,10,2,High,86941.0,19.60823979,2913.26,110.34278368,0.0192161349152333,0.0314249114260331,DAI,2,1,-0.00021
2025-11-26 11:00:00,0.99898,0.99979,0.99898,0.99979,24.68803,0.00021,-0.00021,0.0003157358554797,11,2,High,87069.7,12.48371668,2914.0,512.31910206,0.0049738968404457,0.0126698318889932,DAI,2,1,-0.00041
2025-11-26 12:00:00,0.99914,1.00065,0.99913,0.99959,2474.95751316,0.00041,-0.00041,0.0003119213483188,12,2,High,86637.1,78.86665314,2901.52,620.83307446,-0.0060802119558796,0.0237482581832317,DAI,2,1,-0.00048
2025-11-26 13:00:00,0.9996,0.9996,0.99949,0.99952,202.5844696,0.00048,-0.00048,0.0003037516028479,13,2,High,87080.7,58.86625242,2933.0,195.2709699,0.0305995747063266,0.0758036051686649,DAI,2,1,-0.0002199999999999
2025-11-26 14:00:00,0.99972,0.99978,0.9995,0.99978,377.22558048,0.0002199999999999,-0.0002199999999999,0.0002962654019736,14,2,High,86843.7,78.11555059,2907.53,1994.62060841,0.0785591358653732,0.1852875759319712,DAI,2,1,-0.0002199999999999
2025-11-26 15:00:00,0.99978,0.99978,0.99978,0.99978,0.0,0.0002199999999999,-0.0002199999999999,0.0002985071552575,15,2,High,86895.4,97.71537349,2925.63,6670.48852403,0.0484712467116641,0.1836008075375652,DAI,2,1,0.00024
2025-11-26 16:00:00,0.99999,1.00069,0.99999,1.00024,14794.92818523,0.00024,0.00024,0.0003252011640542,16,2,High,87800.4,168.21507925,2946.89,3262.45297354,0.1566658271296879,0.2265517458865028,DAI,2,1,0.0003599999999999
2025-11-26 17:00:00,0.99977,1.00062,0.99977,1.00036,9863.76692,0.0003599999999999,0.0003599999999999,0.0003572104076914,17,2,High,89863.5,390.29543359,3026.88,3218.22131827,0.419192059744269,0.4384183265947455,DAI,0,1,-0.0004199999999999
2025-11-26 18:00:00,1.00009,1.00009,0.99938,0.99958,9463.37277173,0.0004199999999999,-0.0004199999999999,0.0003572598514387,18,2,High,90135.5,325.98692338,3033.55,3383.88230142,0.2896324205033915,0.3350321778934824,DAI,2,1,-0.0002199999999999
2025-11-26 19:00:00,0.99915,1.00014,0.99911,0.99978,2956.9666,0.0002199999999999,-0.0002199999999999,0.0003445641544364,19,2,High,89988.2,65.60915118,3032.99,1059.97671696,0.254050224041966,0.3045430022194517,DAI,2,1,-0.0001799999999999
2025-11-26 20:00:00,0.99963,1.00039,0.9992,0.99982,34481.42514,0.0001799999999999,-0.0001799999999999,0.0002886650935471,20,2,High,89900.0,99.22687491,3026.11,676.05848669,0.2742591998691655,0.307551491971804,DAI,2,1,-0.00056
2025-11-26 21:00:00,0.99982,0.99982,0.99914,0.99944,13974.96984822,0.00056,-0.00056,0.0002641296892708,21,2,High,90182.1,137.06808792,3021.3,293.85703446,0.1082958134982976,0.1937155853838141,DAI,2,1,-0.0006099999999999
2025-11-26 22:00:00,0.99967,0.99978,0.99939,0.99939,9427.24268,0.0006099999999999,-0.0006099999999999,0.0002698093798406,22,2,High,90365.8,101.95916767,3026.3,906.17140417,0.0025765605363509,0.0857699254539027,DAI,2,1,-0.00121
2025-11-26 23:00:00,0.99892,0.99947,0.99877,0.99879,610.7507992,0.00121,-0.00121,0.0003266252561755,23,2,Medium,90535.7,49.1946046,3026.95,892.66061582,-0.2020962659268627,-0.1060907617691943,DAI,2,1,-0.00051
2025-11-27 00:00:00,0.99951,1.00042,0.99938,0.99949,24761.76961044,0.00051,-0.00051,0.0003281963776759,0,3,High,90448.9,37.26817707,3036.07,811.01147206,-0.2328260032147221,-0.1369425181701133,DAI,2,1,-0.0005199999999999
2025-11-27 01:00:00,0.99939,0.99948,0.9988,0.99948,5336.89802917,0.0005199999999999,-0.0005199999999999,0.0003299470203421,1,3,High,91118.0,74.96451745,3053.07,529.92367115,-0.2613662607696389,-0.1667958251689254,DAI,2,1,-0.0004699999999999
2025-11-27 02:00:00,0.99915,0.99978,0.99914,0.99953,2254.64749,0.0004699999999999,-0.0004699999999999,0.0003227856559869,2,3,High,91337.4,316.43679186,3036.84,1903.22198736,-0.2564878288200889,-0.1747998229610412,DAI,2,1,-2.000000000002e-05
2025-11-27 03:00:00,0.99995,0.99998,0.99946,0.99998,1844.8111,2.000000000002e-05,-2.000000000002e-05,0.0003074144160399,3,3,High,91133.2,98.28795664,3034.49,232.0236388,-0.1159355953600784,-0.0601064199911884,DAI,2,1,-0.00031
2025-11-27 04:00:00,0.99997,0.99998,0.99945,0.99969,2474.2432,0.00031,-0.00031,0.0003060616471968,4,3,High,91270.3,25.06792903,3039.87,182.24298036,-0.0818273004812921,-0.0329726194949836,DAI,2,1,-0.00043
2025-11-27 05:00:00,0.99964,0.99978,0.99928,0.99957,1973.13574955,0.00043,-0.00043,0.0003060616471968,5,3,High,90967.3,53.0808282,3022.62,412.95194924,-0.0966876238475657,-0.0442249206576443,DAI,2,1,-0.00021
2025-11-27 06:00:00,0.99951,0.99979,0.99947,0.99979,872.60154,0.00021,-0.00021,0.000307568479474,6,3,High,91265.1,30.43639065,3028.2,591.34494976,-0.0738149929452411,-0.0320741606753694,DAI,2,1,-0.00017
2025-11-27 07:00:00,0.99953,1.00053,0.99952,0.99983,995.01778779,0.00017,-0.00017,0.000304158377891,7,3,High,91407.1,69.42768563,3032.79,217.56624565,-0.0718355119428379,-0.0437438817916498,DAI,2,1,-0.00073
2025-11-27 08:00:00,0.99972,0.99973,0.99927,0.99927,25.66643032,0.00073,-0.00073,0.0003131603168645,8,3,High,91500.0,91.06808196,3027.44,804.41113154,-0.1490133304576373,-0.1038873994217712,DAI,2,1,-0.0007899999999999
2025-11-27 09:00:00,0.99923,0.99923,0.99921,0.99921,425.41016318,0.0007899999999999,-0.0007899999999999,0.000324737352066,9,3,High,91526.9,23.75778493,3027.33,537.49065992,-0.2338033544043059,-0.1675656180091188,DAI,2,1,-0.0004199999999999
2025-11-27 10:00:00,0.9992,0.99978,0.9992,0.99958,900.5386717,0.0004199999999999,-0.0004199999999999,0.0003233340803827,10,3,High,91627.3,212.40519151,3034.5,138.32086195,-0.283594411574062,-0.2196395648509434,DAI,2,1,-0.0004199999999999
2025-11-27 11:00:00,0.99958,0.99958,0.99958,0.99958,0.0,0.0004199999999999,-0.0004199999999999,0.0003218422401379,11,3,High,91413.6,36.55936343,3029.78,90.08305131,-0.2677394930896076,-0.1988941497813501,DAI,2,1,-0.0004199999999999
2025-11-27 12:00:00,0.99958,0.99958,0.99958,0.99958,0.0,0.0004199999999999,-0.0004199999999999,0.0003218999304413,12,3,High,90970.0,30.87802233,2991.44,1094.92625285,-0.3108172508350675,-0.2382282174310395,DAI,2,1,-0.00058
2025-11-27 13:00:00,0.99959,0.99978,0.99894,0.99942,30653.32581805,0.00058,-0.00058,0.0003239923062258,13,3,High,90843.3,92.74920083,2995.65,412.56223754,-0.387685571417679,-0.2766236496233193,DAI,2,1,-2.000000000002e-05
2025-11-27 14:00:00,0.9994,0.99998,0.9994,0.99998,12259.42075,2.000000000002e-05,-2.000000000002e-05,0.0003306997412175,14,3,High,90790.4,40.62365559,2997.0,253.5947278,-0.378629401226976,-0.2985268329501135,DAI,2,1,-0.00048
2025-11-27 15:00:00,0.99966,0.99966,0.99952,0.99952,734.10249976,0.00048,-0.00048,0.0003298868932219,15,3,High,90954.4,32.9395352,3010.22,513.59268265,-0.4339344454650784,-0.3093784937047323,DAI,2,1,-0.00131
2025-11-27 16:00:00,0.99976,0.99977,0.99855,0.99869,15023.5347976,0.00131,-0.00131,0.0003542268064893,16,3,Medium,91465.0,75.9965948,3021.57,383.3115652,-0.3001647189135827,0.0159885235543842,DAI,2,1,-0.00129
2025-11-27 17:00:00,0.99869,0.99871,0.99869,0.99871,3849.24796687,0.00129,-0.00129,0.0003515586412844,17,3,Medium,91483.5,30.10005752,3019.94,186.90541537,-0.2246143158753668,0.0434820214423379,DAI,2,1,-0.0002299999999999
2025-11-27 18:00:00,0.99872,0.99977,0.99849,0.99977,13026.51173955,0.0002299999999999,-0.0002299999999999,0.0003558453397165,18,3,High,91798.0,45.8995221,3037.51,209.5093342,-0.1529970336157695,0.0650672253432462,DAI,2,1,-0.00141
2025-11-27 19:00:00,0.99947,0.99949,0.99859,0.99859,11185.03494949,0.00141,-0.00141,0.0003951985375212,19,3,Medium,91518.8,45.53852227,3031.68,137.57625955,-0.1685514434928465,-0.0013488044875653,DAI,2,1,-0.00109
2025-11-27 20:00:00,0.99841,0.99957,0.99841,0.99891,2012.49860841,0.00109,-0.00109,0.0004013453372235,20,3,Medium,91455.7,49.55077498,3039.59,489.10617235,-0.1160320040449609,-0.0556062968927397,DAI,2,1,-0.0002199999999999
2025-11-27 21:00:00,0.99933,0.99995,0.9985,0.99978,17360.82743353,0.0002199999999999,-0.0002199999999999,0.0004084645603995,21,3,High,91450.1,13.5819191,3033.91,121.05937743,-0.0926703659794873,-0.0332890014621597,DAI,2,1,-0.00087
2025-11-27 22:00:00,0.99931,0.99931,0.99913,0.99913,290.14114,0.00087,-0.00087,0.0004127775745942,22,3,High,91334.4,18.39871489,3010.97,285.36691752,-0.1205333091098453,-0.0019408726263451,DAI,2,1,-0.0010299999999999
2025-11-27 23:00:00,0.99977,0.99977,0.99882,0.99897,4391.02349955,0.0010299999999999,-0.0010299999999999,0.0004025064136686,23,3,Medium,91281.4,6.67328904,3014.85,115.33741801,-0.2981434620832321,0.0378248103062874,DAI,2,1,-0.0008599999999999
2025-11-28 00:00:00,0.99953,0.99953,0.99914,0.99914,87.36312,0.0008599999999999,-0.0008599999999999,0.0004061368013985,0,4,High,91185.8,30.20038906,3013.43,87.43702531,-0.3179704241335499,0.0529570003306832,DAI,2,1,-0.00029
2025-11-28 01:00:00,0.99971,0.99971,0.99971,0.99971,376.37312,0.00029,-0.00029,0.0004106920193814,1,4,High,90783.6,17.87352364,2998.67,392.11078591,-0.3471781142996122,-0.0138221437509597,DAI,2,1,-2.000000000002e-05
2025-11-28 02:00:00,0.99926,0.99998,0.99926,0.99998,8378.34958955,2.000000000002e-05,-2.000000000002e-05,0.0004262092770306,2,4,High,91088.8,44.87207137,3013.01,209.43140501,-0.3723876499660443,-0.0581647276799968,DAI,2,1,-0.0004199999999999
2025-11-28 03:00:00,0.99959,0.99999,0.99958,0.99958,2390.64253486,0.0004199999999999,-0.0004199999999999,0.0004114335137453,3,4,High,91205.0,17.82633568,3009.34,161.56703223,-0.3617369226408695,-0.1295267907584439,DAI,2,1,-0.0005199999999999
2025-11-28 04:00:00,0.99945,0.99948,0.99945,0.99948,407.1199,0.0005199999999999,-0.0005199999999999,0.000407564123168,4,4,High,91455.9,11.21365613,3017.7,39.95222751,-0.3564286817827493,-0.1808349013022208,DAI,2,1,-0.00021
2025-11-28 05:00:00,0.99947,0.99979,0.99947,0.99979,1716.76550955,0.00021,-0.00021,0.0004138137839983,5,4,High,91605.6,34.20731522,3025.14,180.69360363,-0.2881496596655508,-0.1647760379021839,DAI,2,1,-0.0004999999999999
2025-11-28 06:00:00,0.99959,0.99959,0.9995,0.9995,67.49125,0.0004999999999999,-0.0004999999999999,0.0004065968697539,6,4,High,91298.5,42.83079022,3011.03,181.81803944,-0.28731055577346,-0.2007628380577718,DAI,2,1,-0.0004999999999999
2025-11-28 07:00:00,0.9995,0.9995,0.9995,0.9995,0.0,0.0004999999999999,-0.0004999999999999,0.0003970377176999,7,4,High,90915.5,36.82185316,3002.25,253.31387919,-0.3161715305440425,-0.2682568901148607,DAI,2,1,-2.000000000002e-05
2025-11-28 08:00:00,0.99942,0.99998,0.99942,0.99998,5253.68991176,2.000000000002e-05,-2.000000000002e-05,0.0004137737251845,8,4,High,91647.7,19.68511631,3062.0,406.54120463,-0.2141470606572293,-0.0482387248409552,DAI,2,1,-0.00095
2025-11-28 09:00:00,0.99998,0.99998,0.99905,0.99905,4912.57564796,0.00095,-0.00095,0.0004185655282631,9,4,High,91589.9,57.02456677,3054.34,484.4635958,-0.2309230697458976,-0.108227319643631,DAI,2,1,-0.0008399999999999
2025-11-28 10:00:00,0.99908,0.99968,0.99907,0.99916,169.9752002,0.0008399999999999,-0.0008399999999999,0.0004200715950031,10,4,High,91809.8,18.39416052,3059.7,215.62326327,-0.2828635227912486,-0.1631898273652307,DAI,2,1,-0.00078
2025-11-28 11:00:00,0.99922,0.99922,0.99922,0.99922,2.98993,0.00078,-0.00078,0.000419636661336,11,4,High,91461.4,69.74946943,3035.59,204.47346844,-0.2979336409240615,-0.1838438098187752,DAI,2,1,-0.00082
2025-11-28 12:00:00,0.99919,0.99919,0.99918,0.99918,25.0,0.00082,-0.00082,0.0004193257182334,12,4,High,91466.5,13.43660916,3035.47,590.96436003,-0.2901082943141048,-0.1716334389531928,DAI,2,1,-0.00082
2025-11-28 13:00:00,0.99918,0.99918,0.99918,0.99918,0.0,0.00082,-0.00082,0.0004207954854567,13,4,High,92328.2,82.9689589,3072.85,457.6716232,-0.2938850908093289,-0.1919617132250068,DAI,2,1,-0.00082
2025-11-28 14:00:00,0.99918,0.99918,0.99918,0.99918,0.0,0.00082,-0.00082,0.0004002490166926,14,4,High,92213.2,346.45910021,3065.99,1744.7386003,-0.2125223884302728,-0.126482241110968,DAI,2,1,-7.00000000000145e-05
2025-11-28 15:00:00,0.99896,0.99993,0.99896,0.99993,3160.23506999,7.00000000000145e-05,-7.00000000000145e-05,0.0004174975049838,15,4,High,92357.1,96.9657455,3075.13,3520.29226998,-0.02098954939291,0.0280606401903809,DAI,2,1,-7.00000000000145e-05
2025-11-28 16:00:00,0.99993,0.99993,0.99993,0.99993,0.0,7.00000000000145e-05,-7.00000000000145e-05,0.0004104978861014,16,4,High,90940.7,302.50700354,3026.29,914.03161071,-0.1083026211367493,-0.0184127121296464,DAI,2,1,-0.00056
2025-11-28 17:00:00,0.9999,1.00036,0.99932,0.99944,21539.81066137,0.00056,-0.00056,0.0003841535019291,17,4,High,90627.1,195.53619156,3034.04,979.45443047,-0.1111839457385306,-0.062424965557163,DAI,2,1,0.0029999999999998
2025-11-28 18:00:00,0.99978,1.003,0.99905,1.003,13635.78619059,0.0029999999999998,0.0029999999999998,0.0008249741981037,18,4,Medium,90781.9,27.55694518,3042.8,844.0681724,-0.3249889412575342,0.051214376217289,DAI,2,1,-9.99999999995449e-06
2025-11-28 19:00:00,1.00038,1.00038,0.99965,0.99999,3735.55487453,9.99999999995449e-06,-9.99999999995449e-06,0.0008030078193714,19,4,High,91166.3,66.9047578,3050.18,324.29569966,-0.3299005587086392,0.0649913984616753,DAI,2,1,5.000000000010552e-05
2025-11-28 20:00:00,1.0,1.00035,0.99882,1.00005,39133.21992092,5.000000000010552e-05,5.000000000010552e-05,0.0007932787172166,20,4,High,91214.7,37.97363489,3057.0,252.60338599,-0.3358338587353835,0.0966791111152365,DAI,2,1,-0.0003499999999999
2025-11-28 21:00:00,0.99967,0.99998,0.99675,0.99965,43923.38421829,0.0003499999999999,-0.0003499999999999,0.0007928704044555,21,4,High,90902.9,22.64730953,3036.84,469.06878838,-0.329519804482624,0.0967698899995969,DAI,2,1,-0.0009299999999999
2025-11-28 22:00:00,0.99961,0.99961,0.99907,0.99907,9074.0889,0.0009299999999999,-0.0009299999999999,0.0007946902595956,22,4,High,91095.7,13.92405764,3039.94,182.34994334,-0.3103290787931171,0.0616347373022737,DAI,2,1,-0.00051
2025-11-28 23:00:00,0.99891,0.99959,0.99845,0.99949,10356.73630105,0.00051,-0.00051,0.0007822649204698,23,4,High,90912.7,9.11824681,3032.32,60.26085646,-0.3061657808859062,0.0290532870893998,DAI,2,1,-0.0002699999999999
2025-11-29 00:00:00,0.99954,0.99973,0.99839,0.99973,12225.20743492,0.0002699999999999,-0.0002699999999999,0.0007739751287996,0,5,High,90923.3,23.54099354,3036.69,102.50562962,-0.3164523352932663,-0.0027151435561113,DAI,2,1,-0.00016
2025-11-29 01:00:00,0.99965,0.99984,0.99916,0.99984,1266.81434643,0.00016,-0.00016,0.0007745120015727,1,5,High,90904.0,21.30571276,3039.19,630.9154963,-0.3259393965026507,-0.001578755190386,DAI,2,1,-0.00041
2025-11-29 02:00:00,0.99959,0.99959,0.99959,0.99959,13.99059,0.00041,-0.00041,0.0007725619669347,2,5,High,90793.0,20.01197217,3031.27,480.02277793,-0.306010664821019,0.022315506705961,DAI,2,1,-0.0008
2025-11-29 03:00:00,0.99959,0.99975,0.9992,0.9992,2136.8063366,0.0008,-0.0008,0.000778739110004,3,5,High,90689.9,18.7528991,3022.5,402.17217914,-0.2625919005116477,0.0387617494895397,DAI,2,1,-0.0008
2025-11-29 04:00:00,0.9992,0.9992,0.9992,0.9992,0.0,0.0008,-0.0008,0.0007838227348774,4,5,High,90865.7,7.87105409,3042.82,181.21640761,-0.2333024676785517,0.0238509094993923,DAI,2,1,-0.00024
2025-11-29 05:00:00,1.00004,1.00005,0.99976,0.99976,2301.53536,0.00024,-0.00024,0.0007836309949411,5,5,High,90762.5,5.15774802,3033.51,140.40533377,-0.2412904261689619,0.0282799327659651,DAI,2,1,-0.00039
2025-11-29 06:00:00,0.99962,0.99962,0.99961,0.99961,29.54153,0.00039,-0.00039,0.000782980995383,6,5,High,90585.7,27.03208658,3008.94,1000.81489266,-0.2294213802392863,0.0180905353080901,DAI,2,1,-0.00039
2025-11-29 07:00:00,0.99961,0.99961,0.99961,0.99961,0.0,0.00039,-0.00039,0.00078230243605,7,5,High,90583.8,15.38527936,3006.51,450.7477998,-0.2258862544354679,0.0041879035393068,DAI,2,1,-0.00039
2025-11-29 08:00:00,0.99961,0.99961,0.99961,0.99961,0.0,0.00039,-0.00039,0.000779534304495,8,5,High,90631.6,7.41382751,3008.55,97.53362228,-0.238274981679384,-0.011673437310933,DAI,2,1,-0.00039
2025-11-29 09:00:00,0.99961,0.99961,0.99961,0.99961,0.0,0.00039,-0.00039,0.0007690129896571,9,5,High,90600.0,4.42908503,3002.44,277.89603113,-0.2084884448423338,0.0226734195255916,DAI,2,1,-0.00039
2025-11-29 10:00:00,0.99961,0.99961,0.99961,0.99961,0.0,0.00039,-0.00039,0.0007613260742315,10,5,High,90598.0,4.91405769,2998.91,192.50940211,-0.1709771253849591,0.0642418253743028,DAI,2,1,-0.0002299999999999
2025-11-29 11:00:00,0.99993,1.00009,0.99977,0.99977,6720.66308052,0.0002299999999999,-0.0002299999999999,0.0007546549984377,11,5,High,90674.0,27.23174791,3001.45,136.54866603,-0.1537420512522018,0.0579070474822974,DAI,2,1,-0.0004699999999999
2025-11-29 12:00:00,0.99974,1.00039,0.99953,0.99953,6739.56150873,0.0004699999999999,-0.0004699999999999,0.0007471525657602,12,5,High,90700.0,13.645098,2999.25,103.90907337,-0.1229721931314817,0.0763364171944995,DAI,2,1,-0.0004699999999999
2025-11-29 13:00:00,0.99953,0.99953,0.99953,0.99953,0.0,0.0004699999999999,-0.0004699999999999,0.0007392739044478,13,5,High,90820.5,9.30602883,3000.82,97.02275266,-0.0436403054226173,0.1611752262379265,DAI,2,1,-0.0004899999999999
2025-11-29 14:00:00,0.99966,0.99966,0.99951,0.99951,3000.0,0.0004899999999999,-0.0004899999999999,0.0007312937711416,14,5,High,90693.6,12.80743108,2989.0,367.62017722,0.0760801242628556,0.2493145307435556,DAI,2,1,-0.00153
2025-11-29 15:00:00,0.99848,0.99848,0.99847,0.99847,50.0,0.00153,-0.00153,0.0007759706404131,15,5,Medium,91090.5,25.31867762,3008.45,440.46669255,-0.0441108893203888,0.2935092546776157,DAI,2,1,-0.0008099999999999
2025-11-29 16:00:00,0.99919,0.99919,0.99919,0.99919,7.30173675,0.0008099999999999,-0.0008099999999999,0.0007811191339673,16,5,High,91028.5,23.45520578,3005.03,162.38096953,-0.0819917188346393,0.3085586727475214,DAI,2,1,-0.0003699999999999
2025-11-29 17:00:00,0.99979,0.99987,0.99958,0.99963,1012.28436,0.0003699999999999,-0.0003699999999999,0.0007796569990915,17,5,High,90500.4,14.03476573,2970.82,817.39147902,-0.0877181720667499,0.2886438855325363,DAI,2,1,-0.0002799999999999
2025-11-29 18:00:00,0.99988,0.99989,0.99972,0.99972,718.919435,0.0002799999999999,-0.0002799999999999,0.0003292082619117,18,5,High,90717.0,33.48117644,2996.76,380.47700242,-0.1468706313503156,0.1748640830834259,DAI,2,1,5.999999999994898e-05
2025-11-29 19:00:00,0.99971,1.00006,0.99901,1.00006,9338.9505,5.999999999994898e-05,5.999999999994898e-05,0.000333644782037,19,5,High,90665.9,16.26342099,2989.52,112.58439951,-0.3166562278147493,-0.0001771819455445,DAI,2,1,1.999999999990898e-05
2025-11-29 20:00:00,0.9999,1.00005,0.9997,1.00002,7522.83389,1.999999999990898e-05,1.999999999990898e-05,0.0003317146385827,20,5,High,90999.9,12.2526599,2999.17,241.82824908,-0.4377576996401866,-0.1922380664749466,DAI,2,1,-0.00026
2025-11-29 21:00:00,0.99975,0.99975,0.99974,0.99974,88.13543,0.00026,-0.00026,0.0003334916290815,21,5,High,90997.5,14.14843061,2995.46,413.6954427,-0.4037607126045623,-0.2347773975617537,DAI,2,1,0.00011
2025-11-29 22:00:00,1.00008,1.00011,1.00008,1.00011,2519.74814065,0.00011,0.00011,0.0003365285266899,22,5,High,90812.4,5.26565799,2989.99,111.54628229,-0.2918690015928603,-0.2104662472970344,DAI,2,1,-0.00021
2025-11-29 23:00:00,1.00038,1.00072,0.99979,0.99979,172.37614627,0.00021,-0.00021,0.0003382521141904,23,5,High,90833.6,14.95641311,2990.01,114.05579439,-0.2726575014270394,-0.2193637791877634,DAI,2,1,-0.00021
2025-11-30 00:00:00,0.99979,0.99979,0.99979,0.99979,0.0,0.00021,-0.00021,0.0003394614233925,0,6,High,90857.2,3.89002399,2998.13,365.96376453,-0.2779378865810717,-0.2716780266487165,DAI,2,1,-9.9999999999989e-05
2025-11-30 01:00:00,1.00035,1.00035,0.99951,0.9999,7887.85149,9.9999999999989e-05,-9.9999999999989e-05,0.0003414886422039,1,6,High,90947.4,19.17025393,3006.57,169.20221418,-0.2564054959668031,-0.3576352045366386,DAI,2,1,-0.00034
2025-11-30 02:00:00,0.99983,0.99983,0.99965,0.99966,3443.32712381,0.00034,-0.00034,0.0003416390055974,2,6,High,90794.3,12.65507699,2991.74,46.86380467,-0.2548748677298912,-0.3807485566263677,DAI,2,1,-0.00034
2025-11-30 03:00:00,0.99966,0.99966,0.99966,0.99966,0.0,0.00034,-0.00034,0.0003303793932419,3,6,High,90902.6,16.74795743,3001.9,111.79067566,-0.2855296268723604,-0.3313709302340761,DAI,2,1,-0.00039
2025-11-30 04:00:00,0.99962,0.99962,0.99961,0.99961,490.56007,0.00039,-0.00039,0.0003175985525476,4,6,High,90844.0,3.22300985,2998.58,43.96113792,-0.2665025592484317,-0.2115995675017866,DAI,2,1,-0.0003499999999999
2025-11-30 05:00:00,0.99965,0.99965,0.99965,0.99965,5.80828,0.0003499999999999,-0.0003499999999999,0.0003166717200217,5,6,High,90830.1,2.84941602,2993.67,304.66163953,-0.2649015018629629,-0.3422003142740084,DAI,2,1,-0.0003499999999999
2025-11-30 06:00:00,0.99965,0.99965,0.99965,0.99965,0.0,0.0003499999999999,-0.0003499999999999,0.00031660535257,6,6,High,90894.9,3.64538447,2998.59,63.78923167,-0.2762772546534441,-0.3495671179470054,DAI,2,1,-0.00014
2025-11-30 07:00:00,0.99986,0.99986,0.99986,0.99986,2.05384,0.00014,-0.00014,0.0003195739917961,7,6,High,90957.6,10.99022865,3006.34,45.75136362,-0.2570487469808945,-0.3101693060179513,DAI,2,1,-0.0002999999999999
2025-11-30 08:00:00,0.99986,0.99986,0.9997,0.9997,101.39724385,0.0002999999999999,-0.0002999999999999,0.0003195714408355,8,6,High,91268.6,89.42581499,3007.53,232.3867335,-0.2166761133203141,-0.2965563095952842,DAI,2,1,-0.0002999999999999
2025-11-30 09:00:00,0.9997,0.9997,0.9997,0.9997,0.0,0.0002999999999999,-0.0002999999999999,0.0003195229687156,9,6,High,91366.3,26.86600614,3010.91,340.49324152,-0.1850928899220677,-0.2705262550514428,DAI,2,1,-0.0002999999999999
2025-11-30 10:00:00,0.9997,0.9997,0.9997,0.9997,0.0,0.0002999999999999,-0.0002999999999999,0.0003194285545311,10,6,High,91241.7,3.92732008,3010.04,10.89734934,-0.1810607262405258,-0.2523931234356255,DAI,2,1,-0.0002999999999999
2025-11-30 11:00:00,0.9997,0.9997,0.9997,0.9997,0.0,0.0002999999999999,-0.0002999999999999,0.0003187430021975,11,6,High,91059.4,30.78407238,3003.01,77.32095134,-0.1636917707104793,-0.2545311492144227,DAI,2,1,-0.001
2025-11-30 12:00:00,0.99906,1.00042,0.99763,0.999,8033.58769,0.001,-0.001,0.0003454987468264,12,6,Medium,91296.3,14.71821215,3010.28,14.50587176,-0.3048321649098291,-0.3286580438803622,DAI,2,1,
